1418 298 1
1209 115 1
1409 253 1
2128 234 1
1138 97 1
960 10 1
1248 284 1
1276 178 1
1087 290 1
959 243 1
1192 178 1
1424 225 1
1055 11 1
969 162 1
1960 87 1
1062 265 1
1095 168 1
1261 298 1
1209 41 1
1218 87 1
1363 57 1
1349 84 1
1055 299 1
1212 99 1
1061 259 1
1175 268 1
1979 268 1
1023 99 1
1266 276 1
2161 94 1
1160 130 1
1699 56 1
1349 15 1
970 224 1
1172 97 1
2042 58 1
1178 83 1
958 299 1
1734 301 1
1053 294 1
1512 178 1
1535 207 1
1186 63 1
1874 268 1
946 268 1
1089 268 1
1085 234 1
1520 83 1
1412 59 1
1087 286 1
1958 130 1
1464 189 1
1266 302 1
1023 301 1
1649 296 1
1104 1 1
1287 94 1
1171 301 1
1374 218 1
946 276 1
2011 63 1
1823 240 1
1622 61 1
1541 275 1
984 87 1
2337 272 1
1265 203 1
1150 234 1
1006 268 1
1406 180 1
1556 234 1
2395 234 1
1349 275 1
1194 52 1
1675 178 1
1015 236 1
1575 109 1
1548 301 1
959 128 1
1055 99 1
1203 85 1
1249 299 1
1512 214 1
2011 115 1
1375 70 1
1419 221 1
1126 72 1
1233 63 1
1129 235 1
1706 63 1
1021 224 1
1053 130 1
1315 128 1
969 45 1
1086 276 1
1002 198 1
1849 126 1
1643 72 1
1686 59 1
1065 56 1
984 276 1
1541 217 1
1684 121 1
2043 239 1
1972 245 1
951 10 1
1320 22 1
1983 243 1
1144 118 1
1960 62 1
1233 173 1
1237 150 1
1261 178 1
1686 178 1
1071 109 1
1311 87 1
1248 101 1
1605 292 1
1576 236 1
1072 22 1
1078 299 1
1570 234 1
1537 288 1
1097 286 1
1248 205 1
1262 234 1
1349 274 1
1105 290 1
2014 239 1
1393 56 1
1532 85 1
946 217 1
1604 83 1
1203 253 1
1462 77 1
1673 158 1
1174 235 1
1116 77 1
1418 77 1
2043 58 1
1013 224 1
1261 272 1
1954 221 1
1262 207 1
1431 234 1
1026 87 1
1996 195 1
1231 306 1
1006 94 1
1301 286 1
1213 14 1
1209 1 1
969 270 1
1516 94 1
1065 254 1
2042 158 1
1268 47 1
1405 10 1
1533 292 1
1266 284 1
1322 254 1
1407 6 1
2161 130 1
1301 254 1
1419 109 1
1888 110 1
1261 128 1
1276 140 1
1171 11 1
1510 109 1
2009 85 1
1527 268 1
1960 99 1
1195 2 1
1512 72 1
1172 85 1
1035 56 1
1249 288 1
1061 313 1
1435 239 1
1194 186 1
1160 94 1
1138 239 1
1061 1 1
1527 224 1
1457 239 1
1013 6 1
982 110 1
1817 99 1
1172 296 1
1126 217 1
2077 70 1
1126 62 1
1178 198 1
1069 65 1
2192 130 1
1049 130 1
1183 249 1
1065 84 1
1209 275 1
1990 135 1
1467 301 1
1062 198 1
1510 313 1
1918 145 1
1346 109 1
1023 57 1
1819 176 1
1213 284 1
1363 276 1
1154 83 1
1560 313 1
988 286 1
1003 62 1
969 85 1
971 217 1
1126 128 1
1918 190 1
1072 158 1
1626 143 1
1461 6 1
1061 214 1
1091 234 1
1099 94 1
1033 136 1
1432 10 1
1322 122 1
1347 99 1
987 83 1
1614 97 1
1268 176 1
1813 56 1
1081 214 1
1174 254 1
2192 145 1
1207 186 1
1595 94 1
1734 268 1
1873 83 1
1524 268 1
1373 296 1
1154 87 1
1229 10 1
2105 79 1
1301 276 1
1419 239 1
1178 130 1
1540 101 1
1956 109 1
945 109 1
1653 58 1
1035 77 1
1226 85 1
1512 276 1
1683 128 1
2294 207 1
1692 274 1
1363 70 1
1021 59 1
2290 298 1
1985 268 1
1226 203 1
1874 294 1
966 313 1
1158 58 1
1667 11 1
1548 85 1
1471 288 1
982 11 1
1026 70 1
1053 45 1
1622 224 1
2045 272 1
1212 105 1
1992 94 1
966 145 1
1515 234 1
1023 28 1
1154 70 1
1126 51 1
1626 57 1
1416 255 1
1990 207 1
1027 85 1
1714 158 1
1220 178 1
1171 1 1
1218 168 1
1532 299 1
1799 296 1
1234 32 1
1750 130 1
1419 118 1
958 306 1
2051 59 1
1308 268 1
1116 56 1
1532 109 1
2190 110 1
1604 301 1
1095 32 1
1367 215 1
1956 32 1
951 198 1
1234 108 1
1141 189 1
2193 268 1
1717 276 1
1013 275 1
1416 145 1
1578 189 1
1002 239 1
986 214 1
1098 195 1
1002 94 1
1144 313 1
1055 62 1
1098 286 1
1031 235 1
1101 276 1
2023 87 1
1850 209 1
1414 94 1
1527 59 1
1424 235 1
1196 298 1
1141 215 1
1349 101 1
1032 249 1
951 217 1
1284 261 1
1113 81 1
1308 276 1
1694 88 1
1652 249 1
2380 207 1
1170 276 1
1680 247 1
1667 249 1
2260 286 1
1071 103 1
1054 11 1
946 87 1
1707 45 1
1519 254 1
945 268 1
1129 315 1
1622 178 1
1819 261 1
1071 294 1
1150 130 1
1065 103 1
1175 286 1
1301 6 1
1704 57 1
1212 58 1
2039 276 1
982 276 1
978 286 1
1165 150 1
1675 130 1
1949 189 1
1172 128 1
1226 178 1
1680 270 1
2059 189 1
1160 253 1
948 207 1
1192 296 1
1027 270 1
1393 275 1
1033 97 1
1414 186 1
1559 299 1
1626 110 1
1031 207 1
1939 47 1
1212 140 1
1585 299 1
1230 59 1
1927 186 1
1250 316 1
1071 211 1
1186 306 1
1079 198 1
1915 299 1
2060 254 1
954 239 1
987 276 1
1464 275 1
2017 62 1
1062 83 1
1808 306 1
1535 145 1
1622 15 1
1653 286 1
1419 228 1
1026 290 1
1124 276 1
1472 72 1
1375 135 1
1548 59 1
1284 10 1
1414 59 1
1105 234 1
1087 6 1
1284 204 1
1903 259 1
1558 234 1
1754 207 1
1186 296 1
1209 195 1
1375 180 1
1532 59 1
1061 320 1
1209 236 1
1414 268 1
1033 94 1
1013 221 1
1126 99 1
1568 254 1
1065 207 1
1649 234 1
1410 270 1
1428 97 1
1604 11 1
1741 56 1
1230 173 1
2039 67 1
1249 284 1
1808 207 1
1023 22 1
1130 299 1
966 217 1
1017 178 1
1849 179 1
1013 56 1
1071 15 1
2123 110 1
1541 99 1
1354 99 1
1053 58 1
1725 270 1
945 189 1
1091 67 1
1719 87 1
1694 131 1
947 81 1
1870 57 1
1078 234 1
1741 109 1
1230 236 1
1301 4 1
1461 11 1
1035 298 1
1249 147 1
1562 234 1
1622 255 1
1071 272 1
1350 276 1
978 276 1
1065 150 1
1213 259 1
1182 77 1
1270 113 1
1095 214 1
1036 115 1
1186 34 1
1527 276 1
1249 315 1
1310 130 1
1358 158 1
1284 47 1
1093 224 1
1584 83 1
1680 128 1
1572 286 1
1036 76 1
1077 286 1
951 286 1
1472 84 1
1178 178 1
1418 14 1
945 145 1
1532 316 1
1231 59 1
1027 268 1
1595 315 1
1243 145 1
1528 70 1
1120 275 1
1203 48 1
1363 235 1
1357 83 1
1633 286 1
1077 85 1
1604 106 1
1015 313 1
987 224 1
1259 229 1
1694 259 1
1116 204 1
1071 288 1
1276 130 1
1634 34 1
1220 292 1
1354 207 1
1352 209 1
1182 299 1
1799 59 1
1573 85 1
951 28 1
1673 236 1
1107 98 1
1162 178 1
1686 162 1
1023 128 1
1130 195 1
1035 189 1
1101 94 1
1095 286 1
1230 254 1
1467 275 1
1324 28 1
1595 198 1
1212 221 1
1069 178 1
1353 57 1
1087 128 1
1098 109 1
1349 121 1
1424 326 1
1002 85 1
1532 186 1
1036 1 1
1244 211 1
945 158 1
1944 87 1
1172 1 1
2266 299 1
1230 296 1
1026 217 1
1023 249 1
1095 215 1
1566 130 1
1174 56 1
1171 22 1
1065 162 1
1375 315 1
1065 178 1
1079 76 1
1652 224 1
1850 284 1
1584 198 1
1308 83 1
1116 145 1
1250 270 1
1138 56 1
1979 83 1
1772 106 1
1172 115 1
1354 130 1
1406 189 1
1266 166 1
948 62 1
1061 261 1
1412 221 1
1940 87 1
958 207 1
1597 292 1
1634 48 1
1058 1 1
1023 180 1
1823 255 1
1226 101 1
945 67 1
1182 59 1
1203 261 1
989 94 1
1124 6 1
1138 215 1
1174 270 1
2062 62 1
1144 328 1
1849 328 1
1686 288 1
1301 14 1
1194 268 1
958 195 1
1622 205 1
2010 275 1
1626 130 1
1075 178 1
2061 59 1
1373 276 1
2113 198 1
1149 268 1
1686 27 1
1130 1 1
1870 178 1
1346 325 1
1077 207 1
1079 87 1
1027 286 1
1107 87 1
1324 254 1
1634 61 1
1165 1 1
1407 10 1
1318 268 1
1658 11 1
1575 83 1
1129 255 1
1560 234 1
969 274 1
1983 286 1
1194 145 1
1015 290 1
1541 249 1
1419 50 1
1174 11 1
1091 190 1
1213 85 1
945 150 1
1493 198 1
1983 288 1
1626 99 1
1065 59 1
1212 139 1
1540 234 1
1116 221 1
1284 111 1
1114 207 1
1220 136 1
1560 124 1
1285 286 1
1266 84 1
1263 140 1
1427 158 1
1493 59 1
951 265 1
1979 301 1
1023 214 1
1154 259 1
1541 261 1
1194 221 1
1411 94 1
1276 281 1
1483 294 1
1097 326 1
966 224 1
966 14 1
1178 28 1
1463 328 1
1556 239 1
1263 235 1
1065 268 1
1261 239 1
1412 207 1
1423 331 1
1002 301 1
1535 32 1
1130 22 1
1218 290 1
1541 56 1
1160 83 1
966 215 1
1313 101 1
1461 98 1
1194 57 1
1124 94 1
1535 328 1
1075 207 1
954 292 1
1157 106 1
1077 331 1
989 58 1
1874 109 1
1604 243 1
1688 57 1
1126 145 1
1162 109 1
1120 292 1
1284 190 1
1055 14 1
1116 130 1
2075 276 1
1432 292 1
1220 76 1
1373 290 1
2009 214 1
1120 249 1
1412 326 1
2028 195 1
1521 254 1
1023 158 1
1979 234 1
1622 211 1
1130 83 1
954 59 1
1169 243 1
1493 178 1
989 189 1
1209 313 1
1903 234 1
1692 52 1
986 320 1
969 301 1
1506 183 1
1374 325 1
1253 302 1
1287 240 1
966 249 1
1002 276 1
969 145 1
971 1 1
1213 286 1
1484 268 1
1162 290 1
1220 189 1
1510 217 1
1349 259 1
1226 326 1
1262 276 1
1262 59 1
1266 173 1
1087 236 1
1432 313 1
1174 162 1
1630 236 1
1239 168 1
1079 62 1
1400 320 1
1213 209 1
2272 236 1
1406 234 1
1027 296 1
1532 57 1
1098 325 1
1061 103 1
1089 1 1
1983 215 1
1183 56 1
1324 290 1
1062 81 1
1144 288 1
1061 136 1
1124 313 1
1174 109 1
1540 168 1
1230 106 1
1103 1 1
1505 11 1
1520 207 1
1706 115 1
1023 110 1
1055 128 1
1129 94 1
1100 198 1
958 136 1
2104 192 1
1266 140 1
987 328 1
1266 186 1
954 328 1
1103 270 1
1636 85 1
1905 296 1
1923 294 1
1540 254 1
1367 70 1
1209 83 1
1006 109 1
1233 236 1
1075 313 1
1065 121 1
1126 288 1
1516 130 1
976 296 1
2042 207 1
2192 110 1
1419 58 1
1432 85 1
1349 67 1
1196 268 1
1120 299 1
1015 130 1
1692 204 1
1033 215 1
2003 57 1
1120 276 1
1010 276 1
1263 306 1
1416 265 1
1333 85 1
1424 189 1
1953 296 1
954 294 1
1053 63 1
1442 52 1
1157 316 1
1033 72 1
1026 110 1
948 10 1
1220 32 1
1078 6 1
1097 28 1
2386 224 1
1160 328 1
1604 128 1
1522 217 1
1965 189 1
1250 220 1
1435 234 1
1532 275 1
1996 99 1
1979 286 1
1160 315 1
1557 338 1
1471 72 1
1192 286 1
1144 236 1
1021 83 1
1174 313 1
1027 283 1
1126 249 1
1953 306 1
1091 109 1
1080 313 1
1349 52 1
1890 268 1
1379 235 1
1013 331 1
1484 217 1
1576 224 1
2051 62 1
1021 128 1
1087 56 1
1194 276 1
1053 145 1
1071 59 1
1714 276 1
1823 224 1
986 58 1
1528 106 1
1192 268 1
1250 306 1
1379 313 1
1130 283 1
1786 85 1
1572 234 1
951 97 1
1233 84 1
1427 316 1
1116 340 1
1230 239 1
1512 198 1
1770 249 1
1171 94 1
1535 195 1
1653 85 1
1195 247 1
1270 329 1
1023 338 1
1015 70 1
1169 1 1
1484 110 1
950 63 1
1385 28 1
1270 317 1
1427 294 1
2045 85 1
1156 234 1
1065 180 1
2016 87 1
1222 15 1
1249 176 1
1467 328 1
1095 70 1
2028 50 1
2161 145 1
2017 221 1
1002 249 1
1684 313 1
2258 276 1
1995 101 1
1643 236 1
1078 207 1
1026 215 1
948 328 1
1209 70 1
1409 298 1
2422 276 1
1379 97 1
1510 130 1
1065 214 1
1357 130 1
2154 320 1
1694 145 1
1375 328 1
1400 301 1
1373 169 1
1265 113 1
1098 6 1
1289 179 1
1196 83 1
1507 276 1
1512 56 1
1671 94 1
1226 57 1
1268 118 1
1651 270 1
1605 48 1
1069 1 1
1354 301 1
1472 328 1
1183 313 1
1262 326 1
1026 72 1
2011 294 1
1069 108 1
2227 207 1
1109 106 1
1015 85 1
1171 135 1
1411 221 1
1463 234 1
1234 2 1
1683 299 1
948 109 1
986 109 1
1442 77 1
1154 48 1
1130 207 1
1495 255 1
1823 169 1
1071 150 1
1154 253 1
970 299 1
1692 276 1
1424 28 1
1431 9 1
1741 217 1
958 234 1
1994 292 1
976 299 1
1373 11 1
969 120 1
1346 198 1
1505 94 1
1077 94 1
1066 121 1
1053 325 1
1324 85 1
2045 83 1
1158 94 1
2212 122 1
1604 298 1
1265 98 1
2037 57 1
1753 158 1
1595 178 1
1080 225 1
1754 268 1
1033 62 1
2316 189 1
950 1 1
989 214 1
966 10 1
1015 299 1
1036 221 1
1467 6 1
2017 296 1
1375 77 1
1172 286 1
1107 268 1
1692 83 1
1276 126 1
1099 10 1
1157 180 1
1800 62 1
1226 108 1
1327 276 1
1652 122 1
1442 6 1
1098 268 1
1120 118 1
1097 77 1
958 59 1
993 1 1
1983 292 1
1379 340 1
1932 168 1
1095 313 1
1100 118 1
1150 1 1
1116 298 1
1081 299 1
1081 15 1
960 268 1
1734 87 1
945 56 1
1960 168 1
1266 224 1
1496 268 1
1298 179 1
1157 6 1
1192 58 1
1442 298 1
1116 236 1
1061 22 1
1142 239 1
1510 72 1
1493 316 1
1097 94 1
1462 76 1
1097 62 1
1065 65 1
1055 63 1
1463 14 1
1086 234 1
1762 290 1
1172 268 1
1129 1 1
1373 198 1
1021 106 1
1407 276 1
1276 110 1
1663 276 1
1467 87 1
1419 150 1
1815 59 1
1045 299 1
1142 235 1
1078 236 1
1540 27 1
966 110 1
1881 79 1
1572 348 1
1953 59 1
1095 14 1
1100 6 1
1002 130 1
989 72 1
1366 128 1
1265 107 1
1270 309 1
2154 276 1
1916 59 1
1289 273 1
1045 94 1
1172 158 1
1759 286 1
1226 190 1
1065 45 1
1349 348 1
1352 214 1
1062 320 1
1512 253 1
1085 268 1
966 235 1
1058 313 1
1588 94 1
1220 130 1
1244 240 1
1172 130 1
1406 354 1
1129 145 1
2150 110 1
1244 317 1
1575 180 1
1033 301 1
1352 14 1
1627 22 1
1784 101 1
1149 215 1
1069 121 1
951 59 1
1416 254 1
1194 32 1
1248 275 1
1077 354 1
1183 215 1
1233 140 1
1269 224 1
1346 328 1
1284 58 1
1186 354 1
1213 79 1
1589 299 1
1079 178 1
1023 236 1
1491 294 1
1540 270 1
1427 301 1
2171 299 1
966 276 1
1178 315 1
1229 214 1
1983 214 1
1259 133 1
1535 186 1
1178 286 1
1463 87 1
1532 283 1
1222 109 1
1107 313 1
1423 239 1
1400 276 1
1627 286 1
986 207 1
1379 11 1
1634 76 1
1979 221 1
1427 183 1
1209 84 1
1407 354 1
1158 122 1
1694 328 1
1301 130 1
1244 190 1
1704 59 1
1416 320 1
1354 57 1
1311 299 1
1230 9 1
959 198 1
1653 234 1
1077 6 1
1233 85 1
1614 313 1
1174 276 1
1078 59 1
1679 11 1
1062 294 1
1233 205 1
1023 234 1
2042 189 1
1250 62 1
1679 236 1
1244 103 1
1510 85 1
947 130 1
966 83 1
1605 236 1
1144 145 1
1194 294 1
1095 292 1
1318 130 1
1172 276 1
2067 234 1
1734 286 1
1418 215 1
1006 346 1
1418 235 1
1087 325 1
1686 186 1
951 294 1
948 346 1
2003 268 1
1418 325 1
1218 189 1
1243 294 1
1869 27 1
1581 145 1
1770 268 1
1182 254 1
1890 130 1
1559 10 1
1636 301 1
1249 179 1
1026 56 1
1491 118 1
1287 292 1
1293 209 1
1234 276 1
1266 346 1
1196 292 1
1349 363 1
1207 211 1
1510 253 1
1863 292 1
993 130 1
1156 1 1
1144 10 1
1514 59 1
1269 214 1
1972 57 1
1100 58 1
1154 65 1
2034 268 1
1095 6 1
2439 363 1
1688 306 1
1808 236 1
1604 234 1
2154 221 1
1358 85 1
1356 83 1
1995 178 1
1671 346 1
1506 94 1
1819 229 1
969 59 1
1821 341 1
1095 1 1
2021 145 1
1686 299 1
1575 276 1
995 1 1
1262 313 1
1395 328 1
1160 189 1
1079 207 1
1099 270 1
1618 145 1
1071 192 1
1595 228 1
1021 135 1
1106 313 1
1033 275 1
1510 135 1
1095 162 1
1322 128 1
1062 190 1
1622 320 1
1061 217 1
1472 326 1
1061 162 1
1427 215 1
1347 268 1
1213 268 1
1213 354 1
1176 99 1
1968 111 1
1244 87 1
1293 328 1
1230 229 1
1535 329 1
978 94 1
1639 218 1
1706 218 1
1002 178 1
1023 326 1
1327 11 1
1423 6 1
1081 79 1
1595 10 1
1101 234 1
1213 147 1
1003 76 1
1270 205 1
1881 356 1
1759 101 1
1354 81 1
1347 22 1
1714 186 1
1192 189 1
1324 94 1
1406 115 1
1965 299 1
1870 59 1
1103 145 1
1431 6 1
1160 290 1
1409 83 1
1075 6 1
966 130 1
1209 328 1
1367 290 1
1706 259 1
1671 122 1
2260 179 1
1085 59 1
1062 56 1
1262 65 1
1269 286 1
1532 221 1
1704 145 1
2028 316 1
1519 83 1
1979 178 1
1634 85 1
1062 32 1
1144 298 1
1443 85 1
1194 176 1
1358 234 1
1960 130 1
1061 109 1
1213 179 1
1723 130 1
1541 276 1
1512 58 1
1424 178 1
1649 10 1
1129 217 1
1379 72 1
1375 249 1
1649 235 1
1558 316 1
1398 331 1
1428 325 1
1032 87 1
2049 209 1
2042 85 1
1472 6 1
959 236 1
1798 276 1
1069 254 1
1560 363 1
1010 270 1
1162 346 1
1062 94 1
1833 299 1
1078 326 1
1657 243 1
1049 349 1
1411 6 1
2192 328 1
1653 59 1
1021 301 1
1423 299 1
1572 249 1
1424 85 1
1213 111 1
1080 6 1
2077 340 1
1174 215 1
2062 207 1
1086 275 1
1958 292 1
1120 77 1
1353 265 1
1052 268 1
947 320 1
1349 286 1
945 350 1
1071 299 1
1347 328 1
2410 243 1
945 348 1
1154 72 1
1311 10 1
1103 372 1
1176 346 1
958 14 1
1437 239 1
986 283 1
1209 268 1
1424 58 1
1165 234 1
945 131 1
1061 6 1
1363 236 1
1680 11 1
976 6 1
1336 346 1
1725 234 1
1540 130 1
1111 346 1
1850 363 1
1618 326 1
1050 337 1
1126 87 1
1021 276 1
995 236 1
1424 354 1
1548 338 1
2150 94 1
1055 180 1
1799 85 1
1442 14 1
1026 268 1
1066 32 1
959 6 1
1065 189 1
2072 62 1
1284 288 1
1826 354 1
1162 28 1
1269 294 1
990 276 1
1588 72 1
1209 276 1
1106 328 1
1175 276 1
1520 320 1
1707 255 1
1065 67 1
2154 94 1
1315 328 1
1091 294 1
1106 254 1
1192 214 1
1734 128 1
1079 11 1
1100 270 1
1087 189 1
1101 288 1
1220 45 1
1101 124 1
1079 6 1
951 57 1
1033 286 1
1354 218 1
1220 77 1
945 106 1
2447 286 1
1013 180 1
990 315 1
1958 270 1
1178 276 1
1532 128 1
959 296 1
2111 85 1
1160 180 1
1015 363 1
1248 209 1
1156 224 1
1172 350 1
1442 85 1
1367 128 1
1622 130 1
1169 183 1
1175 374 1
1203 254 1
2037 67 1
1114 41 1
1230 6 1
1548 234 1
1244 128 1
1071 253 1
1265 88 1
1055 247 1
1754 87 1
1065 108 1
1230 298 1
959 288 1
1259 204 1
1065 14 1
1367 275 1
951 99 1
1103 301 1
1100 315 1
1035 290 1
1416 94 1
1428 189 1
1423 292 1
1020 178 1
1091 62 1
1723 276 1
1079 10 1
1575 354 1
1104 301 1
1759 274 1
1286 61 1
1162 1 1
1958 198 1
1686 348 1
951 168 1
1288 284 1
1144 109 1
2345 214 1
1165 243 1
1171 276 1
1427 189 1
1172 135 1
1467 84 1
1194 359 1
1026 326 1
1464 72 1
1535 128 1
1079 313 1
1213 329 1
1062 101 1
1126 158 1
1176 268 1
2017 276 1
1079 65 1
1416 249 1
1604 59 1
1113 249 1
1129 328 1
1367 234 1
1760 118 1
1349 130 1
1932 48 1
1464 178 1
1986 328 1
1220 276 1
1556 326 1
1506 59 1
1464 109 1
1220 329 1
1512 87 1
1572 190 1
1984 145 1
1052 1 1
1209 77 1
1160 283 1
2029 224 1
1154 130 1
1671 234 1
988 145 1
1324 301 1
1015 316 1
959 254 1
1194 183 1
1126 313 1
1442 10 1
1013 276 1
1266 126 1
1915 85 1
1823 276 1
1527 375 1
1471 103 1
1097 268 1
1212 11 1
1220 67 1
1126 363 1
1575 337 1
948 130 1
1573 198 1
1375 320 1
1799 329 1
2048 58 1
2473 358 1
1156 381 1
1379 41 1
1605 85 1
1023 239 1
1170 292 1
2010 313 1
1307 99 1
1471 70 1
1100 94 1
1379 22 1
1116 198 1
1078 130 1
1636 56 1
1884 130 1
1091 348 1
962 15 1
1230 204 1
954 296 1
1265 209 1
1364 94 1
1725 268 1
1287 220 1
1049 145 1
1061 234 1
1126 58 1
1174 337 1
1692 168 1
1603 326 1
958 1 1
1633 294 1
1327 70 1
1462 224 1
1463 10 1
1395 326 1
1230 15 1
1106 374 1
1099 62 1
1679 59 1
1182 276 1
1017 313 1
988 1 1
1364 236 1
1080 59 1
958 131 1
1471 253 1
1297 130 1
1750 94 1
1269 325 1
1419 292 1
1172 70 1
966 178 1
1222 320 1
1165 214 1
1142 249 1
1069 6 1
1107 1 1
1262 299 1
1065 22 1
959 265 1
1055 236 1
1253 286 1
1158 254 1
1266 109 1
1182 296 1
1633 356 1
1410 115 1
1233 126 1
1243 34 1
1603 59 1
1313 99 1
1595 298 1
1017 56 1
1176 110 1
1664 83 1
1428 6 1
2077 337 1
1172 28 1
1218 81 1
1078 363 1
1154 77 1
1579 372 1
1069 374 1
1065 249 1
1972 374 1
2097 85 1
1688 11 1
1154 215 1
1154 1 1
1636 59 1
2013 58 1
2227 178 1
1226 253 1
1013 77 1
1124 259 1
1427 328 1
1033 178 1
1428 292 1
1100 10 1
1686 265 1
1402 6 1
1230 178 1
1212 354 1
1162 270 1
1062 62 1
1310 276 1
1165 385 1
995 56 1
1209 72 1
1784 276 1
1116 249 1
1244 85 1
1175 328 1
1983 299 1
1335 56 1
1233 316 1
1210 48 1
1468 385 1
1416 109 1
1162 328 1
1113 59 1
1162 387 1
1311 178 1
1988 94 1
1124 387 1
1510 326 1
1723 110 1
1120 158 1
1120 22 1
1101 1 1
1416 168 1
2170 207 1
1069 265 1
950 79 1
1176 62 1
1079 235 1
948 385 1
1087 225 1
966 272 1
1298 286 1
1213 190 1
1066 374 1
1409 178 1
1572 292 1
1286 178 1
2113 178 1
1988 276 1
1145 1 1
2136 239 1
1597 331 1
1266 128 1
1510 178 1
1605 65 1
1107 363 1
1692 198 1
1634 273 1
1209 340 1
1484 207 1
1808 15 1
1244 288 1
1311 385 1
1358 387 1
1268 309 1
959 45 1
1160 299 1
2011 99 1
1182 128 1
1393 85 1
1636 387 1
1154 234 1
1911 254 1
1821 281 1
1116 296 1
1141 6 1
1095 128 1
1231 52 1
1052 85 1
1464 387 1
1753 346 1
1799 292 1
1061 168 1
1144 372 1
1379 56 1
1284 147 1
951 301 1
982 94 1
1141 316 1
1170 217 1
1357 145 1
1686 337 1
1347 325 1
1002 387 1
2161 183 1
2138 204 1
1244 329 1
1170 124 1
1886 94 1
1301 268 1
1699 290 1
1630 301 1
945 94 1
1129 11 1
1023 385 1
1154 326 1
1031 234 1
1686 253 1
1262 87 1
1266 113 1
1532 94 1
1006 158 1
1605 328 1
1536 145 1
1284 107 1
1790 224 1
1229 106 1
1522 313 1
1231 224 1
1942 268 1
1270 203 1
1398 374 1
1349 313 1
1423 9 1
1230 50 1
951 84 1
1095 296 1
1085 276 1
1192 294 1
1230 211 1
1886 387 1
966 278 1
1750 110 1
1387 135 1
1349 77 1
1072 221 1
1626 276 1
989 85 1
1065 386 1
1071 243 1
988 186 1
1367 109 1
1495 270 1
1266 99 1
1705 56 1
1078 346 1
1555 59 1
1284 9 1
1837 224 1
1156 363 1
1293 229 1
1300 72 1
1352 338 1
1812 331 1
1379 385 1
1244 275 1
1890 94 1
1432 6 1
1428 338 1
1694 179 1
1080 234 1
1105 249 1
1562 189 1
1129 325 1
1823 302 1
976 234 1
2126 286 1
1183 87 1
1788 57 1
1688 349 1
1512 128 1
1169 189 1
1874 374 1
2009 70 1
1572 328 1
1393 276 1
1138 10 1
1192 1 1
1100 180 1
1406 299 1
1300 109 1
1918 320 1
1532 10 1
1035 268 1
1072 1 1
1463 301 1
1284 276 1
1061 186 1
1540 178 1
945 128 1
1097 236 1
1918 59 1
2084 286 1
1467 77 1
1410 6 1
1670 328 1
1428 296 1
1081 249 1
1262 198 1
1061 178 1
1347 180 1
1205 300 1
1336 109 1
2138 286 1
1520 94 1
1315 337 1
1259 88 1
1032 183 1
1168 387 1
1471 9 1
1558 325 1
1026 363 1
1442 290 1
1880 299 1
1723 195 1
1114 234 1
1336 224 1
1175 56 1
1954 292 1
1269 195 1
1072 346 1
1126 374 1
1141 76 1
959 52 1
1379 234 1
1300 375 1
1603 283 1
1373 254 1
1268 113 1
1800 214 1
1985 320 1
1467 235 1
1367 72 1
1349 190 1
1639 10 1
1580 198 1
1052 259 1
1062 292 1
1154 296 1
1071 139 1
1220 288 1
1021 110 1
1156 85 1
1186 1 1
1061 253 1
1979 70 1
1630 128 1
1364 276 1
1419 62 1
1889 234 1
2053 328 1
1172 363 1
1116 225 1
1071 169 1
1418 385 1
945 203 1
1464 207 1
1230 131 1
1966 204 1
986 394 1
1226 94 1
1777 130 1
1367 387 1
1226 224 1
1471 391 1
1398 178 1
966 296 1
1013 99 1
1157 128 1
1322 381 1
1972 77 1
1671 276 1
1176 276 1
1664 183 1
1605 385 1
1186 173 1
951 145 1
1535 363 1
1126 268 1
1310 94 1
1808 178 1
1010 130 1
1072 70 1
2471 341 1
1168 385 1
1229 315 1
1055 292 1
1692 294 1
1178 163 1
1069 50 1
1675 94 1
1058 363 1
1416 67 1
1368 374 1
1310 363 1
1692 190 1
1095 301 1
2131 87 1
1230 105 1
1157 235 1
1192 109 1
1759 56 1
1026 94 1
1860 328 1
1367 41 1
1169 186 1
1160 11 1
1249 325 1
1010 301 1
1717 387 1
1023 292 1
1035 234 1
1142 387 1
1033 85 1
1958 109 1
1062 128 1
1013 298 1
2059 387 1
1098 313 1
1149 340 1
1097 385 1
1657 145 1
1031 87 1
990 195 1
1100 313 1
1269 76 1
951 397 1
1145 387 1
1347 276 1
1013 288 1
1071 315 1
1301 259 1
951 79 1
1209 99 1
1686 346 1
1292 145 1
1307 190 1
2154 394 1
1983 109 1
1065 101 1
1171 398 1
1649 331 1
1301 316 1
1061 275 1
1230 243 1
976 115 1
1932 186 1
1002 331 1
1686 130 1
1212 243 1
1821 178 1
1230 158 1
969 87 1
1649 87 1
1512 207 1
2092 270 1
1144 326 1
1250 48 1
1507 326 1
1054 22 1
1354 198 1
1942 299 1
1205 88 1
1658 270 1
1178 85 1
1114 94 1
1284 192 1
1071 72 1
1203 255 1
1244 166 1
1013 398 1
1994 234 1
1711 385 1
1031 228 1
1402 94 1
1889 338 1
1154 283 1
1607 11 1
1777 255 1
1622 63 1
1636 198 1
1052 249 1
1471 313 1
1667 128 1
1416 363 1
1017 234 1
1510 87 1
2429 363 1
1966 171 1
1284 325 1
1510 387 1
1541 11 1
1462 41 1
1053 101 1
1677 11 1
1985 328 1
1209 234 1
1006 363 1
1248 385 1
1124 354 1
1673 130 1
1686 274 1
1098 301 1
1244 63 1
1419 14 1
1427 6 1
1262 62 1
2107 224 1
1284 85 1
1367 292 1
1932 261 1
1347 158 1
1418 268 1
1021 234 1
1213 107 1
1387 115 1
1229 354 1
1176 1 1
1414 122 1
1418 290 1
958 128 1
951 67 1
1350 255 1
1402 15 1
1679 268 1
1049 294 1
1229 292 1
1103 320 1
1423 249 1
2045 354 1
1424 72 1
1095 57 1
1113 268 1
1896 63 1
1259 276 1
1220 354 1
1218 296 1
1157 62 1
1356 81 1
1860 299 1
1307 217 1
996 77 1
2043 363 1
1244 234 1
1233 240 1
1114 48 1
986 136 1
1956 387 1
1354 94 1
1020 346 1
1104 10 1
1095 395 1
966 214 1
1349 255 1
1367 301 1
2349 192 1
1010 236 1
1103 374 1
1276 328 1
1686 320 1
1172 328 1
1230 212 1
1130 254 1
1196 1 1
1249 331 1
1269 268 1
1124 301 1
1356 63 1
1367 313 1
1923 63 1
1050 63 1
1680 328 1
1230 353 1
1903 363 1
1755 331 1
1120 62 1
1080 128 1
1813 320 1
1099 354 1
1634 147 1
1759 62 1
1634 88 1
1213 315 1
1182 214 1
1062 221 1
1387 326 1
1675 158 1
1548 169 1
1033 77 1
1120 10 1
1172 313 1
1512 394 1
1536 405 1
1443 234 1
1229 299 1
1266 130 1
1033 70 1
1607 83 1
1578 249 1
1062 59 1
1524 405 1
1437 234 1
1870 99 1
2087 392 1
1160 381 1
1027 274 1
2147 239 1
1026 387 1
1233 286 1
1419 296 1
1124 62 1
1281 385 1
1078 178 1
1375 59 1
1521 286 1
1263 126 1
1888 326 1
1471 59 1
1248 195 1
1347 381 1
1627 145 1
1532 363 1
1100 363 1
1683 290 1
1269 135 1
1653 315 1
989 204 1
1584 59 1
1350 348 1
1178 94 1
1233 41 1
1671 145 1
1157 85 1
1307 374 1
966 290 1
1109 392 1
1572 150 1
966 106 1
1149 234 1
1203 178 1
1186 234 1
1790 59 1
1261 276 1
1065 70 1
1367 6 1
2142 234 1
1423 406 1
1419 135 1
2447 405 1
1419 115 1
1032 394 1
1956 176 1
1237 392 1
1652 59 1
1138 207 1
1138 313 1
1997 224 1
1468 405 1
1079 299 1
1462 346 1
1416 348 1
1514 405 1
1160 214 1
947 145 1
958 276 1
1141 298 1
1688 135 1
1307 130 1
1692 255 1
1033 115 1
1089 276 1
1692 249 1
1467 234 1
1093 354 1
2387 225 1
1883 186 1
1157 354 1
1705 375 1
1116 48 1
1385 109 1
1138 397 1
1101 85 1
1402 325 1
1353 109 1
1230 284 1
2124 276 1
1021 286 1
1145 56 1
1013 313 1
1129 215 1
945 286 1
1160 374 1
2337 309 1
1379 10 1
1230 130 1
1650 10 1
1515 276 1
1154 405 1
1263 274 1
1157 298 1
1680 354 1
1023 354 1
982 145 1
1467 290 1
1149 326 1
1230 220 1
946 207 1
2000 239 1
1244 292 1
1858 381 1
1409 405 1
1558 236 1
1262 354 1
1220 392 1
1873 234 1
1160 56 1
1017 87 1
1116 395 1
1175 221 1
1649 354 1
1262 109 1
1683 234 1
2415 276 1
1759 374 1
1035 1 1
1636 405 1
1750 276 1
1512 85 1
1405 387 1
1062 22 1
1956 221 1
1226 81 1
1387 85 1
1354 265 1
1958 392 1
2075 62 1
1657 274 1
1527 405 1
1141 70 1
1353 87 1
1089 363 1
1078 313 1
1097 301 1
1618 94 1
1580 158 1
1061 83 1
1130 405 1
1162 118 1
1023 97 1
951 203 1
1126 299 1
1367 328 1
1707 145 1
1512 28 1
1182 315 1
1684 79 1
1385 372 1
1575 121 1
1427 214 1
1753 276 1
1061 296 1
1367 398 1
951 15 1
1873 354 1
1154 276 1
1212 189 1
1906 406 1
1104 85 1
1307 178 1
1491 372 1
1424 328 1
2151 130 1
1387 130 1
1643 354 1
1003 6 1
1170 130 1
1203 35 1
1510 301 1
1017 268 1
1103 183 1
1017 299 1
1259 2 1
1618 313 1
1234 385 1
1203 204 1
1049 290 1
1089 28 1
1116 405 1
1220 192 1
1079 224 1
1032 106 1
2075 180 1
1315 10 1
1183 406 1
1346 340 1
990 387 1
954 1 1
1717 405 1
1229 392 1
1636 22 1
1268 350 1
970 391 1
1607 385 1
1230 139 1
1478 392 1
1980 56 1
1100 406 1
2039 268 1
1027 253 1
1983 224 1
1491 276 1
1572 162 1
1002 354 1
1379 243 1
1031 253 1
1815 99 1
1932 397 1
1649 236 1
1186 14 1
1759 296 1
1002 236 1
1300 130 1
2156 224 1
1537 158 1
1124 391 1
1680 65 1
1032 286 1
1026 385 1
1983 316 1
1150 268 1
1349 94 1
2062 405 1
1649 253 1
1078 391 1
1032 326 1
1095 203 1
1549 406 1
1496 320 1
1158 276 1
1363 59 1
1021 320 1
1229 385 1
1244 294 1
2383 381 1
1496 109 1
1020 328 1
1815 67 1
1484 374 1
1472 59 1
1397 268 1
1347 87 1
1116 385 1
1233 376 1
1141 212 1
1091 329 1
1069 416 1
1414 276 1
1375 234 1
1120 198 1
951 374 1
1209 183 1
1838 166 1
1020 94 1
1244 410 1
1160 178 1
1170 22 1
1054 83 1
1972 301 1
1464 398 1
1580 328 1
1266 234 1
2013 387 1
1527 94 1
1437 398 1
1618 387 1
1532 56 1
1423 28 1
1373 406 1
1301 77 1
1431 253 1
1374 97 1
1432 406 1
1081 158 1
1141 391 1
1484 405 1
1505 372 1
1595 387 1
1419 10 1
1174 145 1
1069 294 1
1541 130 1
1560 94 1
1244 400 1
1402 385 1
1352 63 1
987 290 1
1194 416 1
1154 128 1
1346 99 1
1491 59 1
2062 286 1
1387 375 1
1100 276 1
1176 405 1
1965 85 1
1072 130 1
1576 85 1
1595 406 1
1196 320 1
1065 76 1
958 406 1
1407 406 1
1031 374 1
1336 56 1
1126 387 1
1002 406 1
1031 363 1
1105 286 1
1960 32 1
1301 249 1
986 249 1
1069 276 1
1643 268 1
1419 294 1
1106 290 1
1414 6 1
1262 412 1
1213 404 1
1363 406 1
951 235 1
2477 381 1
1079 405 1
1301 391 1
1292 416 1
2378 405 1
1799 239 1
1213 10 1
1419 27 1
1160 145 1
1095 81 1
1130 59 1
2059 106 1
1212 214 1
1286 261 1
1686 62 1
1558 328 1
1116 72 1
1511 130 1
1418 189 1
1573 385 1
1705 268 1
1023 189 1
1300 416 1
1010 99 1
1419 325 1
986 14 1
1478 130 1
1162 412 1
1130 406 1
1863 249 1
1604 62 1
1552 406 1
1908 405 1
1023 198 1
1013 130 1
966 118 1
2052 59 1
1120 14 1
1572 313 1
1158 405 1
1061 359 1
1702 374 1
1358 354 1
1347 326 1
1113 387 1
1395 234 1
1065 296 1
1071 405 1
1324 387 1
1788 234 1
1013 416 1
1212 286 1
1510 94 1
2062 387 1
1711 363 1
1010 363 1
1896 45 1
1301 272 1
1714 145 1
1209 363 1
1881 15 1
1095 299 1
1138 11 1
1116 59 1
1213 278 1
1262 81 1
1354 261 1
1138 338 1
1049 301 1
1505 363 1
1984 84 1
1262 163 1
1960 363 1
1212 85 1
1212 276 1
1584 406 1
1248 145 1
1142 234 1
1129 70 1
1680 122 1
1686 276 1
1160 163 1
1482 392 1
1013 145 1
1178 254 1
1580 275 1
1990 374 1
1156 110 1
1174 288 1
1120 350 1
1863 299 1
1053 422 1
1823 346 1
1023 145 1
1572 99 1
1261 406 1
1026 198 1
1091 130 1
1113 276 1
1777 67 1
1823 328 1
1580 195 1
1150 405 1
1284 315 1
1464 290 1
2475 405 1
959 398 1
1826 410 1
948 320 1
1061 274 1
1636 83 1
1154 416 1
1979 416 1
1457 189 1
959 178 1
1639 405 1
1972 109 1
1021 372 1
1023 328 1
1717 394 1
1078 338 1
1091 374 1
1462 6 1
1091 150 1
1062 1 1
1301 398 1
1352 385 1
1493 234 1
1367 83 1
2042 416 1
1071 158 1
1467 85 1
1027 346 1
1405 214 1
1230 62 1
1105 394 1
1079 189 1
1576 395 1
1310 405 1
1414 405 1
1171 183 1
1078 239 1
1870 294 1
1510 276 1
1268 284 1
1182 22 1
1069 283 1
1379 65 1
1269 397 1
2399 234 1
1300 328 1
1269 372 1
1212 171 1
1062 217 1
2499 405 1
1157 406 1
1178 313 1
1266 372 1
1209 326 1
945 45 1
1484 178 1
1124 316 1
1035 276 1
1357 320 1
1603 292 1
1367 62 1
1419 349 1
1821 35 1
1435 87 1
1684 390 1
1078 214 1
2154 313 1
1265 273 1
1519 405 1
1823 84 1
1366 405 1
945 247 1
1706 376 1
1427 338 1
1532 130 1
1634 239 1
959 348 1
1226 328 1
1357 99 1
1130 315 1
1053 11 1
1066 56 1
2167 94 1
1412 83 1
1130 249 1
1597 135 1
1142 299 1
1614 326 1
1178 234 1
1261 387 1
2170 94 1
1105 313 1
2421 268 1
1560 407 1
1424 385 1
1270 178 1
1630 249 1
1873 15 1
1863 422 1
1266 328 1
1124 72 1
1049 268 1
1170 416 1
1464 235 1
1126 331 1
1960 294 1
986 145 1
1363 301 1
1387 215 1
995 145 1
959 168 1
1884 221 1
1036 412 1
1266 294 1
1636 374 1
1077 290 1
982 217 1
1192 6 1
1230 120 1
1630 276 1
1428 268 1
1178 416 1
1026 59 1
2062 59 1
2017 299 1
1243 302 1
962 59 1
1493 224 1
1244 356 1
1078 416 1
1100 385 1
1192 203 1
1395 56 1
1126 198 1
945 204 1
1423 72 1
1418 391 1
1532 276 1
1306 418 1
1605 398 1
1027 381 1
1643 254 1
1095 247 1
1186 309 1
1603 354 1
1407 316 1
1367 28 1
1442 381 1
1953 85 1
1058 385 1
1250 309 1
1053 59 1
1346 270 1
1884 363 1
1186 331 1
1212 362 1
1248 416 1
1874 275 1
1209 145 1
958 376 1
1699 407 1
1234 286 1
1176 394 1
1062 275 1
1636 320 1
1301 358 1
2079 385 1
1760 276 1
1363 254 1
1150 276 1
951 234 1
1266 207 1
1209 128 1
1262 316 1
1301 325 1
1356 349 1
1905 94 1
1442 313 1
1423 189 1
2151 405 1
1174 405 1
1541 57 1
1667 94 1
1144 59 1
1468 11 1
1171 387 1
1798 422 1
1006 405 1
1244 309 1
1406 385 1
959 234 1
1138 106 1
1692 404 1
1288 354 1
958 316 1
1550 338 1
1522 405 1
1162 249 1
2290 424 1
1124 331 1
1098 221 1
1535 249 1
1250 338 1
1427 58 1
1032 274 1
1541 162 1
1055 274 1
1033 28 1
1770 290 1
1237 385 1
1461 14 1
969 424 1
1311 59 1
1694 176 1
1375 387 1
1101 328 1
1210 145 1
1160 398 1
1172 178 1
1706 109 1
1031 354 1
945 41 1
1087 299 1
976 416 1
1072 363 1
1958 387 1
951 320 1
1230 392 1
1244 284 1
1584 286 1
1367 180 1
1078 189 1
1142 58 1
1838 397 1
1101 109 1
1276 284 1
1533 350 1
1248 6 1
1556 406 1
1065 346 1
1972 94 1
1099 286 1
1172 398 1
1262 58 1
1239 432 1
1162 59 1
1205 424 1
1714 416 1
1182 87 1
1174 1 1
2431 283 1
1346 363 1
1535 15 1
1250 171 1
1079 276 1
1261 243 1
1301 301 1
1424 426 1
1195 79 1
1512 83 1
1220 398 1
1031 72 1
1719 405 1
1138 189 1
1437 325 1
1575 145 1
945 274 1
966 11 1
1367 340 1
1726 234 1
1520 87 1
1130 215 1
1116 290 1
1992 234 1
1013 243 1
2097 94 1
980 1 1
1269 422 1
1565 254 1
1062 276 1
1194 203 1
2260 405 1
1248 381 1
1633 400 1
2154 270 1
1686 432 1
2078 221 1
1983 128 1
1213 301 1
1266 35 1
1379 354 1
1379 325 1
976 118 1
1364 10 1
1276 34 1
1055 432 1
1220 301 1
1437 426 1
1243 2 1
2219 405 1
1062 186 1
1495 405 1
1419 416 1
1643 59 1
1419 374 1
1079 94 1
1520 374 1
1575 198 1
2053 405 1
1385 313 1
1540 14 1
1168 1 1
1230 48 1
1313 320 1
2087 387 1
1656 10 1
1138 84 1
1072 385 1
1178 374 1
1573 354 1
1706 70 1
960 189 1
945 15 1
1956 162 1
1097 354 1
1065 109 1
1576 243 1
1186 111 1
1209 292 1
1667 224 1
1080 299 1
1524 207 1
1196 120 1
1183 301 1
1657 390 1
1703 405 1
1230 431 1
2196 113 1
1418 363 1
1423 398 1
1265 354 1
995 224 1
1105 207 1
951 109 1
1017 1 1
1015 387 1
1071 286 1
1248 390 1
1461 325 1
2002 405 1
1145 301 1
1657 11 1
1113 363 1
1266 281 1
1086 59 1
1956 62 1
1106 354 1
1493 145 1
1578 234 1
1427 234 1
1903 405 1
1244 224 1
1679 56 1
1174 22 1
1010 286 1
969 56 1
2161 405 1
1622 173 1
1079 72 1
1883 135 1
1633 130 1
1194 329 1
1979 276 1
948 221 1
996 94 1
1393 405 1
1406 435 1
1116 158 1
1078 268 1
2023 394 1
1265 392 1
1649 239 1
1126 215 1
2017 115 1
1706 178 1
2060 426 1
1244 353 1
1649 385 1
1178 169 1
1353 99 1
1416 158 1
1960 249 1
986 385 1
2344 234 1
1113 405 1
1126 442 1
1234 79 1
1471 405 1
1688 387 1
1416 268 1
1061 72 1
1033 239 1
1493 236 1
1604 381 1
1471 198 1
1432 239 1
1250 278 1
2344 381 1
1972 348 1
1250 63 1
1172 198 1
1427 10 1
1066 130 1
1160 58 1
1268 397 1
2119 126 1
1870 268 1
1101 407 1
2447 416 1
1015 178 1
1248 133 1
1065 394 1
1169 63 1
948 412 1
1423 326 1
1248 418 1
1097 22 1
1023 406 1
951 386 1
1045 268 1
1989 224 1
1896 115 1
1182 268 1
1226 270 1
1105 87 1
960 243 1
981 363 1
1379 406 1
1379 158 1
1548 313 1
1566 85 1
1705 363 1
1099 313 1
1287 294 1
1819 207 1
1626 281 1
1670 11 1
1062 274 1
960 178 1
1870 422 1
946 301 1
1113 56 1
948 218 1
1149 207 1
1387 254 1
1496 374 1
1385 387 1
1170 186 1
1178 189 1
1253 296 1
2192 405 1
1120 189 1
1400 57 1
1427 354 1
1315 405 1
1162 385 1
1085 435 1
1138 301 1
1523 328 1
1218 59 1
1150 70 1
1248 203 1
1537 405 1
1209 346 1
1753 363 1
1692 166 1
1069 292 1
1427 329 1
1078 296 1
1209 135 1
1972 435 1
1098 22 1
1239 109 1
984 11 1
1141 325 1
1349 320 1
1347 234 1
947 62 1
1021 381 1
966 320 1
1061 407 1
1205 397 1
1065 395 1
1692 99 1
1911 346 1
1378 215 1
1212 47 1
1395 85 1
1071 292 1
1387 406 1
1423 416 1
1269 143 1
1423 85 1
1061 158 1
1815 301 1
1230 85 1
1230 385 1
1269 50 1
1079 412 1
1178 435 1
2111 405 1
1162 363 1
1340 405 1
1220 320 1
1505 387 1
2061 189 1
1144 407 1
1078 354 1
1649 292 1
1124 385 1
1349 374 1
1170 1 1
1124 325 1
2161 435 1
1672 56 1
1106 398 1
2047 58 1
1558 426 1
1244 186 1
1213 6 1
1138 22 1
945 359 1
1031 6 1
2501 405 1
1013 103 1
1335 217 1
1575 301 1
1244 375 1
1196 435 1
1523 405 1
1071 10 1
1098 198 1
1250 47 1
1045 59 1
951 65 1
1105 320 1
1154 290 1
2022 234 1
1069 439 1
1120 270 1
947 221 1
1106 109 1
1354 150 1
1077 10 1
958 108 1
1532 290 1
988 130 1
1138 315 1
1262 6 1
1541 178 1
1437 407 1
1230 325 1
984 406 1
1230 350 1
1222 150 1
1375 115 1
1230 391 1
1130 158 1
1595 354 1
1183 158 1
1607 239 1
1213 418 1
1178 103 1
2128 87 1
1506 276 1
1406 62 1
1482 431 1
1142 268 1
1162 198 1
996 299 1
1243 186 1
1220 6 1
1160 85 1
1688 15 1
1182 407 1
1141 354 1
1027 249 1
2119 405 1
1405 363 1
1218 432 1
1572 207 1
1349 416 1
1081 449 1
1786 416 1
1532 234 1
1512 416 1
945 374 1
1226 128 1
1220 422 1
1002 109 1
1478 6 1
1098 1 1
1158 1 1
1674 11 1
1866 385 1
958 442 1
1213 214 1
948 435 1
1954 406 1
1671 224 1
1643 106 1
1218 376 1
1890 313 1
1154 387 1
1622 113 1
1138 234 1
1162 375 1
1209 207 1
1301 215 1
1239 27 1
1156 338 1
1196 301 1
1457 59 1
1178 325 1
1349 359 1
1036 416 1
1777 416 1
1770 406 1
1015 340 1
1172 62 1
1212 317 1
1387 236 1
1230 449 1
976 97 1
1972 407 1
1098 207 1
1414 328 1
990 122 1
996 387 1
945 10 1
1405 221 1
1891 331 1
1062 87 1
2091 207 1
1081 108 1
2104 392 1
1467 452 1
1230 410 1
995 416 1
1437 454 1
1684 270 1
1212 130 1
1033 253 1
1078 118 1
1707 128 1
1605 97 1
1071 189 1
1114 338 1
1261 85 1
1105 407 1
945 320 1
1284 229 1
982 268 1
1704 435 1
1886 406 1
1105 1 1
1268 214 1
1052 45 1
1402 178 1
1540 298 1
1013 70 1
1015 416 1
1174 130 1
1986 374 1
1013 387 1
1395 275 1
2053 452 1
1079 381 1
2494 405 1
1418 328 1
1174 374 1
1027 387 1
1367 286 1
1145 87 1
1686 168 1
1006 1 1
1960 337 1
1023 253 1
1496 394 1
1023 371 1
1061 416 1
1104 435 1
1079 455 1
1373 65 1
2368 405 1
959 438 1
1130 346 1
1080 354 1
1572 87 1
2211 406 1
1385 255 1
1578 412 1
1953 449 1
1535 265 1
1298 4 1
1098 158 1
1961 79 1
1903 416 1
1033 296 1
2238 448 1
1065 337 1
1349 83 1
2400 234 1
1276 416 1
1683 145 1
1032 405 1
1823 173 1
1015 48 1
1886 385 1
2217 130 1
1006 320 1
1078 452 1
1203 168 1
1680 452 1
1692 391 1
1630 224 1
995 11 1
2075 85 1
1707 62 1
1548 350 1
1077 325 1
1172 211 1
1010 313 1
1035 286 1
1347 385 1
1129 214 1
948 87 1
1402 387 1
1684 354 1
1680 239 1
1375 145 1
1021 115 1
1614 405 1
1347 221 1
1013 211 1
1347 313 1
1467 385 1
1114 299 1
1269 27 1
1213 115 1
982 72 1
1172 48 1
1033 58 1
966 115 1
1210 416 1
1686 290 1
1071 391 1
1091 81 1
1036 94 1
1144 422 1
1120 301 1
1178 255 1
1249 273 1
1387 301 1
1559 326 1
951 328 1
958 62 1
1496 301 1
1815 22 1
1106 62 1
1126 457 1
1023 235 1
1061 397 1
1003 358 1
1373 426 1
1158 286 1
1138 283 1
1442 354 1
1100 320 1
1692 410 1
1129 435 1
1162 234 1
1230 34 1
1423 354 1
1120 217 1
1754 94 1
1416 99 1
1284 214 1
1759 15 1
1834 130 1
1595 374 1
1540 186 1
1379 452 1
1160 65 1
1402 150 1
2009 268 1
1162 313 1
1324 109 1
1182 145 1
1636 354 1
1077 381 1
1419 52 1
1604 198 1
1516 442 1
1262 288 1
1230 41 1
1138 58 1
1424 338 1
1174 416 1
1233 390 1
1284 239 1
1212 220 1
1098 276 1
1170 313 1
1289 325 1
1231 416 1
1266 397 1
1172 405 1
1427 325 1
1535 406 1
1130 70 1
1424 412 1
2023 268 1
1149 290 1
1237 455 1
1053 221 1
1510 59 1
1580 457 1
1347 224 1
1663 301 1
982 442 1
1923 394 1
1431 454 1
1263 220 1
1276 35 1
1031 385 1
1634 228 1
2448 286 1
976 58 1
1424 6 1
1222 299 1
1126 426 1
1387 457 1
1346 128 1
1230 372 1
1006 407 1
1335 83 1
1013 1 1
1850 444 1
1248 261 1
1580 442 1
1212 387 1
1416 286 1
1350 294 1
1160 405 1
1358 313 1
1347 363 1
1572 276 1
1298 215 1
1031 405 1
1126 407 1
1626 462 1
1244 391 1
1549 354 1
1734 110 1
1045 363 1
1080 254 1
1209 407 1
1261 259 1
1520 435 1
1953 63 1
1120 398 1
1171 59 1
1375 94 1
1154 374 1
1956 301 1
1419 299 1
1642 10 1
1880 416 1
1031 454 1
1081 243 1
1996 363 1
1178 326 1
1699 455 1
1652 457 1
1423 397 1
1162 130 1
1651 59 1
1170 275 1
1533 234 1
1171 215 1
2109 83 1
1066 145 1
1649 397 1
1226 455 1
1418 10 1
1367 394 1
1585 452 1
1229 131 1
1142 276 1
1379 275 1
1367 110 1
1310 457 1
1378 234 1
1965 385 1
1471 207 1
1387 28 1
1595 22 1
1142 198 1
1335 313 1
1120 215 1
1874 168 1
1410 374 1
1226 329 1
1956 416 1
1541 83 1
951 94 1
1378 435 1
1142 189 1
1213 247 1
1550 299 1
1419 331 1
1823 431 1
1091 346 1
1614 59 1
1354 435 1
1157 416 1
1269 276 1
1367 405 1
1310 224 1
982 1 1
1870 15 1
1220 316 1
1423 454 1
1171 405 1
1949 59 1
1471 214 1
1673 180 1
1141 405 1
1212 392 1
1471 457 1
1961 467 1
1287 130 1
1265 438 1
1220 9 1
1974 457 1
1168 449 1
1471 426 1
1268 105 1
1203 145 1
1972 106 1
959 207 1
1759 99 1
1259 273 1
1249 130 1
945 422 1
971 452 1
1349 70 1
1837 179 1
1405 315 1
1694 11 1
1077 77 1
1026 10 1
2422 416 1
1595 426 1
2335 405 1
1673 435 1
1023 272 1
1058 249 1
1286 404 1
1033 381 1
1160 435 1
2062 94 1
1335 268 1
1244 4 1
1194 432 1
1960 186 1
945 81 1
1349 87 1
1374 158 1
1262 94 1
1322 65 1
1418 301 1
1535 442 1
958 243 1
1327 328 1
966 442 1
1664 457 1
1158 292 1
954 268 1
1788 374 1
1027 59 1
986 301 1
1270 356 1
1363 234 1
1471 239 1
1160 459 1
1226 2 1
1098 94 1
2002 224 1
1324 215 1
1289 299 1
1055 57 1
1900 65 1
1409 435 1
1873 435 1
1262 239 1
1347 387 1
1212 113 1
1095 150 1
1129 299 1
1512 221 1
1035 239 1
2212 405 1
1512 363 1
1154 106 1
1395 276 1
1036 346 1
1078 459 1
1013 406 1
1058 387 1
1983 249 1
1353 15 1
1741 158 1
1338 346 1
1055 176 1
1160 87 1
1259 110 1
2224 286 1
1186 145 1
1218 11 1
1069 286 1
1114 326 1
1540 115 1
1156 449 1
1983 130 1
1194 62 1
1220 452 1
1575 381 1
1418 41 1
1033 452 1
1356 348 1
966 346 1
1573 98 1
1248 108 1
2147 225 1
1367 11 1
2062 407 1
2328 405 1
1622 414 1
1493 416 1
1815 432 1
1218 94 1
1603 236 1
954 416 1
1157 169 1
2474 405 1
1604 207 1
1144 255 1
1265 87 1
966 1 1
1234 363 1
1983 435 1
1367 189 1
1467 98 1
1622 391 1
1268 150 1
1873 63 1
946 178 1
2232 145 1
1301 459 1
1015 274 1
1079 374 1
946 83 1
1174 87 1
1406 405 1
1069 168 1
1324 276 1
1960 386 1
1516 346 1
1860 444 1
1467 215 1
1015 374 1
1923 198 1
1315 407 1
1566 128 1
1141 178 1
1021 405 1
1770 472 1
1100 457 1
1505 394 1
1532 340 1
959 290 1
1863 59 1
1081 363 1
1124 288 1
1138 235 1
1175 109 1
1482 410 1
1065 452 1
1636 406 1
1218 106 1
1457 469 1
1400 300 1
1141 329 1
1095 56 1
1013 110 1
1036 320 1
1428 239 1
1174 442 1
1531 435 1
1556 59 1
1568 313 1
1956 249 1
1560 385 1
1419 203 1
1679 406 1
1080 326 1
951 243 1
1354 474 1
951 354 1
1649 454 1
1229 457 1
948 398 1
2468 385 1
1702 457 1
1229 234 1
1684 139 1
1298 190 1
1061 412 1
1424 474 1
1535 276 1
1023 186 1
1636 299 1
1250 79 1
1086 405 1
1220 131 1
1087 478 1
1692 328 1
1013 407 1
1680 474 1
1270 328 1
1287 176 1
1230 454 1
1124 118 1
1826 278 1
1958 474 1
1472 474 1
1817 442 1
1301 10 1
1725 56 1
951 115 1
1607 376 1
1144 6 1
1055 101 1
1622 464 1
1033 391 1
1144 391 1
1212 266 1
1106 10 1
1541 286 1
1340 276 1
995 454 1
2465 416 1
969 406 1
1120 474 1
1105 10 1
1250 186 1
1259 454 1
1603 158 1
1387 239 1
1633 472 1
1603 11 1
1462 474 1
988 189 1
1213 438 1
1958 374 1
1169 45 1
1737 405 1
1244 178 1
1667 416 1
1471 212 1
1575 363 1
1036 99 1
2423 405 1
986 406 1
1352 359 1
946 407 1
1528 270 1
1379 398 1
1178 371 1
1387 363 1
982 87 1
1066 478 1
1424 416 1
1262 72 1
1443 189 1
1013 452 1
1407 387 1
1560 435 1
1679 474 1
1091 259 1
1363 354 1
1419 470 1
1116 128 1
989 457 1
1091 72 1
1026 435 1
1457 354 1
1017 301 1
1819 454 1
1265 179 1
959 215 1
996 435 1
1605 474 1
1651 354 1
969 441 1
996 474 1
1172 11 1
1250 284 1
1347 70 1
1742 158 1
1080 385 1
1514 158 1
1573 94 1
1414 221 1
2023 276 1
1579 145 1
970 270 1
1418 313 1
1972 474 1
1533 406 1
1873 416 1
1442 254 1
1126 398 1
1145 59 1
1129 385 1
2056 328 1
1097 292 1
1078 215 1
1367 56 1
1889 454 1
1065 115 1
1111 87 1
1154 275 1
1144 392 1
1213 464 1
951 292 1
1379 283 1
1244 205 1
959 84 1
1244 204 1
1154 395 1
1510 320 1
1643 363 1
1731 406 1
1174 290 1
1106 239 1
1874 416 1
1171 268 1
1790 274 1
1424 268 1
1790 486 1
1427 48 1
1627 290 1
2345 236 1
1363 94 1
1626 461 1
1010 83 1
1301 387 1
1467 236 1
1149 391 1
1706 274 1
1378 290 1
1287 455 1
1950 276 1
1603 385 1
1965 406 1
1597 276 1
1707 320 1
1808 52 1
1284 171 1
1880 15 1
1552 326 1
1129 313 1
1109 6 1
1124 474 1
1203 11 1
1375 346 1
1095 374 1
1213 448 1
1374 406 1
1160 183 1
1111 299 1
1358 11 1
1078 474 1
1126 234 1
1158 455 1
1346 110 1
982 326 1
1259 356 1
2053 435 1
1023 442 1
1145 77 1
1346 268 1
1120 416 1
1527 249 1
1263 85 1
1344 254 1
1597 405 1
1126 253 1
1423 385 1
1261 474 1
1940 22 1
1174 62 1
1961 354 1
1129 372 1
2079 259 1
1244 484 1
1443 469 1
1652 214 1
1218 178 1
1597 363 1
1169 348 1
1229 286 1
1419 259 1
1869 458 1
1566 405 1
1461 458 1
2072 385 1
959 422 1
1808 298 1
1195 286 1
1532 301 1
1671 457 1
984 405 1
1324 145 1
954 85 1
1437 381 1
1387 72 1
1124 392 1
1496 286 1
1220 59 1
1924 234 1
1679 387 1
1706 45 1
1265 400 1
971 268 1
1169 94 1
959 120 1
1265 482 1
1160 76 1
1983 236 1
945 97 1
1322 454 1
1142 329 1
1493 387 1
1231 354 1
1265 458 1
1636 58 1
1013 235 1
1203 299 1
1098 354 1
1169 435 1
1097 454 1
1032 407 1
1985 416 1
1442 169 1
1052 276 1
1395 94 1
1604 65 1
1168 207 1
1237 422 1
1239 2 1
1006 87 1
1142 328 1
1932 431 1
1021 183 1
1266 431 1
1101 346 1
1956 385 1
1891 405 1
1244 220 1
1196 62 1
1932 145 1
1265 173 1
1354 276 1
1248 61 1
1078 72 1
1090 1 1
1213 173 1
948 115 1
1062 472 1
1310 416 1
1519 87 1
959 486 1
1428 469 1
1790 83 1
1424 215 1
1230 205 1
2095 130 1
1387 416 1
1265 461 1
1259 418 1
1418 474 1
1535 458 1
948 457 1
1863 97 1
2211 130 1
1890 340 1
945 243 1
954 349 1
1129 65 1
1790 178 1
1129 452 1
1354 458 1
993 405 1
1950 461 1
1614 28 1
2049 286 1
1244 464 1
1055 84 1
1203 346 1
1120 1 1
1095 478 1
1528 358 1
970 442 1
1886 276 1
1589 58 1
1367 212 1
1950 299 1
1353 348 1
1972 84 1
1324 328 1
2439 416 1
1176 59 1
1087 301 1
1958 486 1
2154 405 1
1604 407 1
1427 298 1
969 313 1
1003 195 1
1244 444 1
1886 128 1
969 484 1
948 407 1
1965 235 1
1077 350 1
1541 452 1
2533 405 1
2344 189 1
1116 189 1
1649 298 1
2072 387 1
2017 249 1
1790 459 1
1813 407 1
1170 435 1
1203 416 1
1725 59 1
1649 85 1
1033 346 1
1397 406 1
945 101 1
1883 458 1
1803 407 1
1263 214 1
1367 416 1
1154 249 1
1664 56 1
1250 15 1
1098 394 1
1301 115 1
1172 457 1
1832 130 1
1425 406 1
1194 472 1
1279 221 1
1033 1 1
1559 9 1
1105 474 1
2017 145 1
2154 472 1
1817 128 1
1203 404 1
1015 268 1
1521 11 1
958 452 1
1268 76 1
2345 224 1
946 325 1
1085 484 1
1657 270 1
1532 253 1
1932 482 1
1770 275 1
1020 301 1
1578 406 1
1160 234 1
1156 405 1
1457 397 1
1373 122 1
1418 457 1
1248 400 1
1367 458 1
1419 286 1
1104 385 1
1652 416 1
1424 313 1
1071 14 1
945 325 1
1213 407 1
1496 405 1
966 6 1
1968 34 1
1081 207 1
1086 496 1
986 76 1
1095 176 1
1105 455 1
1827 286 1
1435 326 1
1263 387 1
1520 394 1
1176 472 1
1313 268 1
1263 50 1
1244 455 1
1354 422 1
1664 326 1
1263 420 1
1416 178 1
1080 435 1
1116 124 1
1924 457 1
1697 195 1
1101 10 1
1471 301 1
1363 6 1
1634 198 1
969 198 1
1432 452 1
1284 178 1
1062 158 1
1220 224 1
1633 486 1
1706 493 1
1707 109 1
1116 454 1
1849 110 1
1049 416 1
969 94 1
1464 6 1
958 15 1
1095 432 1
1013 493 1
1053 467 1
1549 62 1
1195 131 1
1568 405 1
1688 62 1
2391 234 1
1653 464 1
1375 405 1
1269 479 1
1218 274 1
2055 405 1
1815 457 1
1220 416 1
1541 457 1
1049 189 1
986 371 1
1349 301 1
1395 22 1
1424 488 1
1099 416 1
1023 394 1
1103 442 1
1176 476 1
1286 442 1
1960 178 1
1141 416 1
1226 478 1
1300 94 1
1017 435 1
1069 57 1
969 315 1
1347 435 1
1079 97 1
1823 145 1
1595 484 1
1618 385 1
1523 268 1
1243 130 1
1512 488 1
1419 63 1
1192 479 1
1244 58 1
1129 405 1
1176 87 1
1089 270 1
1120 286 1
1770 207 1
1344 472 1
1150 412 1
2118 455 1
1347 290 1
1540 406 1
966 52 1
1021 94 1
1472 479 1
1313 94 1
1707 432 1
1032 454 1
1784 22 1
1081 354 1
1863 118 1
1213 452 1
1142 296 1
1233 462 1
1550 59 1
1244 145 1
1230 442 1
1233 404 1
1697 420 1
1284 128 1
1055 286 1
2536 405 1
1346 416 1
1026 178 1
1259 126 1
1100 301 1
1218 84 1
971 130 1
1694 276 1
1649 474 1
1367 130 1
1085 346 1
1120 498 1
1130 435 1
1194 292 1
1259 432 1
1823 407 1
1679 109 1
1287 404 1
1471 85 1
1873 145 1
1081 325 1
1095 472 1
1237 296 1
966 59 1
1965 59 1
1707 374 1
1803 28 1
1065 493 1
1154 371 1
1015 83 1
1212 467 1
1154 272 1
1113 392 1
1548 325 1
1266 313 1
1427 169 1
1374 234 1
1432 474 1
1354 432 1
1142 376 1
1618 435 1
1734 387 1
1138 298 1
1643 328 1
1097 234 1
1276 462 1
1233 416 1
1080 474 1
1129 407 1
1213 130 1
1423 121 1
1265 486 1
1714 313 1
1932 348 1
1346 276 1
1540 395 1
1883 375 1
1940 405 1
1692 346 1
1079 479 1
1010 405 1
1209 484 1
1026 493 1
1032 299 1
1023 276 1
1130 180 1
1573 407 1
1170 320 1
1276 397 1
1395 385 1
1209 301 1
1170 387 1
2043 405 1
1540 349 1
1023 459 1
1692 488 1
1065 192 1
1196 15 1
1055 376 1
1548 391 1
1103 363 1
1266 178 1
1111 22 1
1033 249 1
1400 457 1
966 253 1
1375 97 1
1195 420 1
1549 454 1
1061 346 1
1154 198 1
1981 416 1
1098 275 1
1367 85 1
1021 474 1
1226 459 1
1375 406 1
947 406 1
1020 474 1
1045 198 1
1262 472 1
1956 392 1
1692 284 1
1284 294 1
1378 488 1
2260 503 1
1002 292 1
1492 254 1
2138 354 1
1249 173 1
1605 122 1
1777 57 1
1027 51 1
2211 405 1
1026 416 1
1686 363 1
1823 493 1
1324 180 1
1262 214 1
1080 469 1
1209 474 1
1289 288 1
1367 493 1
1287 484 1
1114 85 1
1622 462 1
1192 130 1
1162 221 1
984 435 1
1307 294 1
1463 454 1
2491 405 1
1220 478 1
1158 70 1
2217 372 1
2344 405 1
2065 234 1
1634 179 1
1230 479 1
1443 128 1
1419 94 1
1116 350 1
1209 371 1
1263 14 1
1020 405 1
1692 105 1
1027 416 1
1883 145 1
1799 234 1
1262 426 1
1062 301 1
1021 313 1
1220 145 1
1239 459 1
1595 65 1
1086 416 1
947 59 1
1233 482 1
966 87 1
1015 128 1
1237 6 1
1158 331 1
1170 110 1
1023 474 1
2290 405 1
1756 405 1
946 455 1
1427 70 1
1324 472 1
1349 11 1
2009 354 1
947 459 1
951 118 1
1584 457 1
1409 455 1
1266 317 1
971 472 1
1819 62 1
1427 452 1
1141 128 1
1461 381 1
1423 214 1
1021 416 1
1033 158 1
1686 457 1
1349 488 1
1154 4 1
1244 198 1
1261 416 1
1491 387 1
1603 435 1
1636 11 1
1939 381 1
1958 94 1
1888 346 1
1427 290 1
1162 407 1
1414 224 1
1559 59 1
1171 407 1
1052 63 1
1427 397 1
951 113 1
1364 313 1
1212 470 1
1212 448 1
1670 81 1
1300 270 1
1089 385 1
1559 397 1
1233 424 1
1144 56 1
1062 457 1
946 320 1
1960 253 1
1071 457 1
1298 478 1
1349 407 1
1138 464 1
1071 498 1
958 416 1
1268 422 1
1032 479 1
1541 268 1
2182 404 1
1069 296 1
1244 299 1
1347 301 1
1634 486 1
1407 484 1
1065 52 1
1863 470 1
1100 234 1
946 405 1
948 268 1
1129 239 1
1233 374 1
1049 22 1
1079 435 1
1301 59 1
1287 507 1
1213 1 1
1373 385 1
1405 406 1
2344 416 1
1182 499 1
1418 239 1
1725 477 1
1954 85 1
1298 276 1
1212 128 1
1510 381 1
1062 313 1
1409 6 1
1098 488 1
976 1 1
1002 298 1
1259 99 1
1557 426 1
1055 94 1
1045 394 1
1124 234 1
1869 493 1
1100 493 1
1015 472 1
1995 234 1
1634 105 1
1100 145 1
1138 503 1
1467 292 1
1427 59 1
1237 474 1
1532 452 1
1375 22 1
1220 2 1
1457 338 1
959 514 1
1405 6 1
1367 371 1
1427 207 1
1212 77 1
1418 488 1
1071 337 1
1683 404 1
1129 316 1
1149 85 1
1379 254 1
1013 83 1
1378 325 1
1010 457 1
1130 385 1
969 266 1
1702 472 1
959 83 1
1512 472 1
1248 281 1
1826 486 1
1636 416 1
2047 385 1
1292 404 1
2045 58 1
1023 11 1
1097 469 1
1679 234 1
1062 438 1
951 76 1
1109 121 1
2079 346 1
1532 249 1
1688 474 1
1244 346 1
1071 214 1
1905 381 1
1116 406 1
1595 363 1
986 442 1
1368 113 1
2138 331 1
1213 461 1
982 178 1
1268 34 1
1178 454 1
1549 469 1
1175 395 1
1379 326 1
1237 363 1
1636 130 1
1154 493 1
1714 59 1
1262 496 1
1287 276 1
1464 337 1
1169 236 1
1550 10 1
1170 268 1
1694 416 1
1626 416 1
1576 406 1
1711 145 1
1626 422 1
1972 145 1
1081 136 1
1105 387 1
1584 479 1
1027 235 1
1412 488 1
1079 406 1
1006 276 1
1230 209 1
1734 416 1
1203 296 1
1006 275 1
1651 474 1
1085 1 1
1607 296 1
1374 298 1
1032 398 1
1061 513 1
945 84 1
1196 374 1
1512 109 1
1759 203 1
1367 249 1
1896 176 1
1129 350 1
1707 94 1
1580 346 1
1535 234 1
945 198 1
1097 435 1
2078 387 1
1130 325 1
1263 309 1
1318 405 1
1402 207 1
1138 85 1
959 477 1
1268 268 1
1463 407 1
1230 438 1
1212 94 1
1220 406 1
1078 392 1
1061 363 1
1023 118 1
960 234 1
982 346 1
1265 455 1
1605 499 1
1414 387 1
2010 385 1
1091 286 1
1065 259 1
1833 354 1
1170 328 1
1263 509 1
1683 472 1
1035 387 1
1169 416 1
1213 48 1
1491 473 1
954 473 1
1762 486 1
1366 479 1
1579 407 1
1105 479 1
1679 331 1
1156 72 1
1585 406 1
1130 374 1
1124 346 1
1595 326 1
1120 315 1
1226 457 1
1821 145 1
1032 472 1
1098 214 1
1673 405 1
1015 479 1
1098 435 1
1105 374 1
2077 234 1
1725 476 1
1178 474 1
1175 22 1
950 486 1
1311 22 1
1265 306 1
1095 524 1
969 501 1
2234 405 1
1165 470 1
945 2 1
1100 221 1
959 63 1
2148 426 1
2045 178 1
1149 524 1
1178 56 1
1680 224 1
1033 524 1
1237 158 1
1013 122 1
1212 416 1
1237 470 1
1604 524 1
1686 458 1
1535 178 1
2532 405 1
1182 178 1
1229 524 1
1657 59 1
945 62 1
1393 22 1
1055 348 1
1697 354 1
1165 10 1
1113 329 1
1741 276 1
1424 398 1
947 486 1
1248 455 1
1918 374 1
1279 270 1
1229 474 1
2092 405 1
1634 173 1
2205 458 1
1078 298 1
1310 346 1
1559 524 1
1072 394 1
1950 449 1
1169 84 1
1393 337 1
1100 496 1
1017 276 1
2345 435 1
1428 299 1
1720 405 1
1777 386 1
1261 328 1
1010 94 1
1154 394 1
1026 442 1
1174 479 1
1065 348 1
1085 472 1
1636 276 1
1311 416 1
1405 299 1
948 234 1
1141 85 1
1259 205 1
1154 56 1
1192 32 1
1077 245 1
1141 498 1
1230 486 1
1467 296 1
1266 83 1
1262 298 1
1265 6 1
1686 499 1
1026 130 1
1442 474 1
1144 435 1
2039 472 1
1079 472 1
1900 458 1
1244 253 1
1471 530 1
2212 524 1
1081 503 1
1953 62 1
1061 145 1
1406 276 1
1032 207 1
1435 488 1
969 176 1
1050 374 1
1683 83 1
1230 266 1
1160 236 1
1126 524 1
1065 459 1
1069 398 1
1205 130 1
1066 479 1
1160 109 1
1532 397 1
1673 268 1
1172 301 1
1013 234 1
1103 128 1
1387 338 1
2053 372 1
1032 477 1
1649 464 1
1707 198 1
1588 405 1
1071 301 1
1154 474 1
1636 10 1
1087 454 1
1003 392 1
1100 394 1
1988 524 1
1194 493 1
1244 70 1
1427 326 1
1549 488 1
1172 87 1
1182 476 1
1124 296 1
945 298 1
1686 101 1
1324 496 1
1065 286 1
984 1 1
1270 464 1
1900 527 1
1142 524 1
993 435 1
1656 85 1
1770 507 1
1262 358 1
1346 514 1
945 459 1
1753 109 1
1906 299 1
1349 439 1
1418 406 1
1888 476 1
969 416 1
1212 107 1
1363 405 1
1175 110 1
1209 350 1
1595 454 1
1532 52 1
1313 532 1
1098 496 1
1220 473 1
993 398 1
1357 294 1
1496 472 1
1062 435 1
1023 298 1
1541 486 1
1347 109 1
1079 275 1
1270 195 1
1692 61 1
1142 406 1
1087 385 1
1468 426 1
1033 268 1
1160 532 1
1652 338 1
1194 422 1
1671 496 1
1266 363 1
1010 320 1
1220 486 1
1170 374 1
1548 478 1
1078 385 1
1636 455 1
1268 501 1
1077 1 1
1160 106 1
1346 503 1
1419 472 1
1705 145 1
971 435 1
2210 121 1
1026 320 1
1035 62 1
1023 454 1
959 190 1
1541 484 1
1732 405 1
1120 183 1
2077 496 1
1427 385 1
1956 407 1
1087 524 1
1013 374 1
2213 454 1
1095 501 1
1603 391 1
1237 473 1
1154 183 1
1406 236 1
1065 120 1
1138 469 1
1072 276 1
1071 424 1
1116 58 1
1356 85 1
2229 290 1
1077 479 1
1349 479 1
1870 290 1
1313 478 1
1058 457 1
1843 418 1
1061 371 1
1298 435 1
982 496 1
1960 432 1
971 85 1
993 283 1
1611 405 1
2504 524 1
966 397 1
1170 183 1
1425 474 1
1023 493 1
1178 452 1
1866 115 1
1138 158 1
1411 249 1
1178 524 1
1468 207 1
1354 145 1
1091 459 1
1692 317 1
2052 405 1
1141 97 1
1079 118 1
1886 524 1
1683 478 1
1658 405 1
1078 469 1
1532 527 1
1692 514 1
1674 316 1
2176 325 1
1249 2 1
1560 426 1
1692 476 1
1915 405 1
1905 239 1
1061 507 1
1178 268 1
1423 524 1
1671 455 1
959 15 1
1021 109 1
1680 454 1
1367 59 1
1883 130 1
1431 385 1
1178 484 1
1532 286 1
1226 439 1
1218 398 1
1443 239 1
1069 99 1
954 469 1
1287 253 1
2061 381 1
1664 472 1
1823 416 1
1101 457 1
1873 130 1
1464 340 1
1120 387 1
1262 41 1
1559 527 1
1174 110 1
1622 404 1
2192 472 1
1176 56 1
1367 524 1
1105 70 1
1212 358 1
1103 130 1
1087 234 1
1535 274 1
1656 218 1
1367 243 1
1103 398 1
1560 479 1
1572 121 1
1994 299 1
1903 457 1
1065 198 1
1347 478 1
1170 405 1
1213 514 1
1116 328 1
1407 499 1
1244 215 1
1183 1 1
1418 234 1
1194 103 1
1192 416 1
1357 195 1
1124 214 1
2049 58 1
2465 478 1
1116 346 1
1101 435 1
1457 118 1
1071 527 1
1072 435 1
982 435 1
1815 385 1
1634 79 1
1226 458 1
1427 524 1
996 59 1
1292 532 1
1374 313 1
986 272 1
1270 454 1
1218 329 1
1220 449 1
1861 416 1
1461 452 1
1194 387 1
1150 406 1
2011 442 1
1226 274 1
945 275 1
1472 493 1
1126 503 1
1268 50 1
1707 276 1
1244 88 1
1784 313 1
1066 484 1
1994 59 1
1688 224 1
1694 14 1
1249 220 1
1815 168 1
1062 72 1
2077 435 1
1209 254 1
1803 363 1
1407 58 1
1160 22 1
966 459 1
1090 486 1
1528 455 1
1269 110 1
1162 128 1
1138 59 1
1087 374 1
1916 416 1
1533 328 1
1075 234 1
2126 405 1
1786 234 1
1174 326 1
1979 56 1
958 2 1
1903 346 1
1107 234 1
1590 527 1
1027 514 1
1367 254 1
1985 87 1
945 249 1
1651 286 1
1138 1 1
1183 109 1
1289 407 1
1626 381 1
1492 405 1
1120 59 1
1144 488 1
1683 109 1
1141 299 1
1095 236 1
988 326 1
1288 392 1
1065 486 1
1471 10 1
1819 205 1
1988 435 1
1178 458 1
1212 473 1
1144 28 1
1734 180 1
1288 514 1
1896 458 1
1015 391 1
1126 458 1
1077 298 1
1266 98 1
1097 503 1
1347 442 1
1320 56 1
1356 532 1
1150 542 1
1336 94 1
1023 130 1
1023 217 1
2345 496 1
1093 59 1
1071 501 1
1634 9 1
1725 87 1
1172 249 1
1220 203 1
1318 472 1
2502 405 1
1017 405 1
1237 346 1
1432 392 1
1686 390 1
948 406 1
1154 254 1
1237 458 1
969 455 1
1261 458 1
959 441 1
1178 135 1
1100 442 1
1071 524 1
1541 459 1
958 354 1
1905 325 1
1061 386 1
2067 474 1
1340 542 1
1100 387 1
2053 527 1
1572 442 1
1172 498 1
1289 532 1
1515 363 1
1984 459 1
1532 416 1
1015 109 1
1182 62 1
1027 94 1
1393 254 1
1317 301 1
1562 474 1
1176 457 1
1270 353 1
1416 359 1
1988 234 1
959 259 1
1664 405 1
1781 454 1
1874 15 1
1171 254 1
986 474 1
1849 531 1
1428 290 1
1026 128 1
946 536 1
1065 186 1
1471 493 1
1540 45 1
1298 416 1
1483 284 1
1992 458 1
1077 301 1
1234 407 1
1817 240 1
945 514 1
2047 498 1
1141 371 1
1401 211 1
1111 290 1
951 270 1
1346 221 1
1078 457 1
1244 404 1
1535 474 1
2533 486 1
1532 405 1
1270 416 1
1673 178 1
1071 108 1
1218 10 1
1412 406 1
1573 290 1
1079 59 1
1263 207 1
1055 435 1
966 371 1
2092 243 1
1100 346 1
1860 416 1
995 405 1
2369 405 1
1077 454 1
1065 81 1
1032 98 1
1262 542 1
959 253 1
1467 479 1
1262 136 1
1379 426 1
1664 416 1
2042 442 1
1262 57 1
1269 176 1
1071 449 1
1756 416 1
1414 435 1
976 354 1
1222 459 1
1317 217 1
1634 548 1
2037 486 1
1409 374 1
959 457 1
2023 486 1
1300 145 1
1626 507 1
1634 532 1
1209 178 1
1357 546 1
1435 398 1
1071 358 1
1129 375 1
2078 62 1
1229 486 1
1471 524 1
1580 548 1
1929 158 1
1484 328 1
1105 452 1
1013 274 1
1406 59 1
1347 59 1
1346 435 1
1411 524 1
1124 292 1
1788 432 1
1707 532 1
1061 56 1
1418 299 1
1220 548 1
1881 147 1
1032 503 1
1229 527 1
1532 254 1
1472 296 1
1174 135 1
1158 542 1
1896 470 1
1750 387 1
976 498 1
1694 499 1
1023 221 1
1062 479 1
1194 454 1
1510 454 1
1149 97 1
2056 405 1
1482 498 1
1081 329 1
1160 338 1
1106 275 1
1176 328 1
1402 452 1
1578 527 1
1581 435 1
969 84 1
1080 189 1
1464 488 1
1535 253 1
1322 395 1
1261 84 1
1409 290 1
1537 387 1
951 473 1
1418 435 1
1284 467 1
1686 524 1
1065 363 1
2149 234 1
1055 301 1
2417 496 1
1755 299 1
1162 498 1
1203 452 1
1697 458 1
1463 405 1
1032 363 1
1266 548 1
1100 530 1
1154 454 1
1066 109 1
1220 315 1
945 484 1
1144 363 1
1707 286 1
1013 290 1
1116 407 1
1231 2 1
1472 48 1
1522 178 1
2079 301 1
1651 405 1
1182 14 1
1633 224 1
1021 363 1
1512 186 1
2148 239 1
1461 474 1
1664 217 1
1918 276 1
1358 499 1
1156 286 1
1467 516 1
993 94 1
1055 87 1
1393 313 1
1120 374 1
1212 239 1
1289 99 1
1104 234 1
1626 532 1
1755 385 1
1129 329 1
1979 109 1
2128 405 1
1607 458 1
1393 109 1
1419 439 1
1317 532 1
1437 474 1
1145 99 1
951 540 1
1035 407 1
1572 72 1
1262 455 1
2051 454 1
2389 234 1
1062 298 1
1062 407 1
958 85 1
1192 454 1
1032 56 1
1192 207 1
1130 328 1
1288 328 1
1243 486 1
1344 407 1
1114 449 1
1023 478 1
1423 313 1
970 128 1
951 348 1
1058 412 1
1349 32 1
1332 416 1
1087 536 1
1154 442 1
1203 550 1
1815 83 1
1026 398 1
1541 101 1
1069 249 1
1095 276 1
1061 120 1
1126 85 1
1021 346 1
1482 299 1
1467 48 1
1098 124 1
1182 189 1
1116 87 1
1288 111 1
1262 484 1
1154 532 1
1276 372 1
1379 476 1
1520 416 1
1209 387 1
1052 467 1
1301 435 1
1393 28 1
1075 454 1
1071 385 1
1055 459 1
1653 354 1
1349 550 1
1162 457 1
1276 186 1
1699 472 1
1900 405 1
1378 454 1
1336 478 1
2048 405 1
1239 482 1
1301 416 1
2345 381 1
1558 452 1
1149 532 1
1126 553 1
1692 486 1
1194 270 1
1694 448 1
1734 326 1
1349 63 1
1364 496 1
1573 313 1
1484 186 1
1032 276 1
1512 249 1
945 338 1
1457 527 1
1838 130 1
1263 79 1
966 553 1
1003 221 1
1301 458 1
1692 57 1
1856 444 1
1106 452 1
1213 122 1
1172 381 1
1393 87 1
1495 118 1
1406 416 1
1905 385 1
1636 128 1
2542 464 1
1065 99 1
1049 449 1
1124 371 1
1472 234 1
1464 211 1
1725 259 1
1707 178 1
1174 536 1
958 266 1
1298 178 1
1182 11 1
1990 268 1
1085 405 1
1095 435 1
1095 552 1
1087 416 1
1412 532 1
1357 109 1
1749 286 1
1138 454 1
1284 110 1
1472 405 1
1171 130 1
1061 101 1
1597 527 1
1020 387 1
1288 126 1
1784 479 1
989 514 1
1100 397 1
1535 532 1
1186 131 1
1194 158 1
993 472 1
1261 249 1
1706 59 1
1990 186 1
1138 474 1
1719 416 1
1293 224 1
948 394 1
1061 479 1
1234 435 1
1575 385 1
1808 94 1
1168 63 1
1234 11 1
2047 299 1
1021 76 1
1213 410 1
1636 454 1
1033 354 1
1997 472 1
1160 41 1
1126 479 1
2148 234 1
1053 486 1
1385 536 1
2244 530 1
1356 130 1
1589 328 1
1983 479 1
1262 374 1
1196 552 1
1367 211 1
1762 286 1
1532 320 1
1863 498 1
1234 249 1
1605 539 1
1622 168 1
1062 548 1
1126 10 1
1276 426 1
1138 426 1
1378 553 1
1633 253 1
1129 524 1
1120 499 1
945 472 1
1649 469 1
1209 542 1
1604 122 1
1552 234 1
1145 527 1
1634 126 1
1940 474 1
1405 276 1
1263 234 1
986 524 1
1071 121 1
1753 195 1
1186 532 1
1194 121 1
1013 484 1
1960 467 1
1992 58 1
1572 516 1
2170 464 1
1158 530 1
2123 405 1
1226 15 1
2084 457 1
1505 503 1
988 62 1
1226 391 1
1049 457 1
1129 48 1
2138 276 1
1126 498 1
1657 435 1
1319 346 1
1186 539 1
1105 524 1
1649 381 1
1649 214 1
1432 503 1
1071 236 1
1706 145 1
1671 536 1
1595 457 1
1419 99 1
1013 542 1
1160 474 1
1183 398 1
1636 530 1
1697 239 1
1427 457 1
1055 207 1
1506 532 1
1874 286 1
2113 234 1
1986 405 1
1209 405 1
2047 435 1
1900 122 1
1120 236 1
1158 381 1
1442 325 1
1522 363 1
1114 474 1
996 565 1
945 209 1
1528 83 1
1081 10 1
1095 354 1
1262 454 1
1270 281 1
1634 128 1
982 394 1
1405 458 1
1081 76 1
1061 406 1
1244 239 1
1091 507 1
1266 552 1
988 328 1
1142 195 1
1099 532 1
1027 62 1
1229 209 1
1580 567 1
1324 455 1
2244 416 1
1194 459 1
1013 536 1
1528 435 1
1324 337 1
1289 397 1
1414 346 1
1055 56 1
1418 454 1
1116 457 1
1156 406 1
1052 221 1
1138 476 1
1265 448 1
1986 276 1
1995 416 1
1080 496 1
1071 479 1
945 454 1
1079 496 1
1378 406 1
1686 11 1
1116 424 1
1196 567 1
1626 255 1
1367 514 1
1087 527 1
966 94 1
1340 118 1
1237 484 1
1233 276 1
1230 554 1
1244 486 1
1692 362 1
2397 234 1
1226 501 1
1079 474 1
2039 130 1
1652 474 1
1138 387 1
945 313 1
1244 459 1
1220 274 1
1284 397 1
1031 499 1
1856 328 1
1052 192 1
1656 346 1
1535 498 1
1077 536 1
1407 474 1
1178 406 1
1087 573 1
1053 540 1
1069 261 1
1087 340 1
1071 573 1
1311 542 1
1528 536 1
1405 286 1
1335 276 1
2193 110 1
1233 407 1
1138 72 1
1649 406 1
1387 313 1
1405 474 1
1557 567 1
1209 513 1
951 467 1
1375 472 1
1002 299 1
1244 84 1
1071 422 1
1300 183 1
1160 354 1
1149 1 1
945 579 1
1262 514 1
1244 574 1
1230 166 1
1597 474 1
1379 290 1
1259 171 1
1002 454 1
1520 70 1
1522 484 1
1248 479 1
1432 426 1
1699 328 1
1688 457 1
1817 234 1
1036 158 1
1178 1 1
1045 479 1
1053 57 1
1346 455 1
1349 503 1
1233 531 1
1261 363 1
1262 442 1
2440 532 1
1178 59 1
1541 84 1
1218 406 1
1289 284 1
1049 1 1
1244 229 1
1402 374 1
1651 524 1
1961 486 1
1418 338 1
1194 337 1
1091 1 1
1367 326 1
1815 57 1
1071 469 1
1880 558 1
1442 239 1
1990 532 1
1930 109 1
1266 530 1
1759 52 1
1584 58 1
969 83 1
1194 130 1
1174 457 1
1172 72 1
1071 486 1
1220 467 1
1113 354 1
2386 405 1
1457 452 1
1213 294 1
1633 416 1
1203 488 1
1087 85 1
1578 276 1
1055 83 1
1692 472 1
1091 548 1
1171 28 1
1071 77 1
1116 392 1
1605 454 1
1630 94 1
1087 195 1
1350 501 1
1692 108 1
1230 546 1
1287 493 1
1087 457 1
1065 349 1
1259 278 1
1244 247 1
1636 236 1
1423 381 1
945 1 1
1595 405 1
1379 87 1
1358 41 1
2009 406 1
1209 394 1
1626 514 1
1062 454 1
1071 387 1
1595 59 1
1138 416 1
1550 405 1
1512 532 1
1195 416 1
1402 243 1
1015 474 1
1741 94 1
1335 94 1
1154 14 1
1075 553 1
1209 493 1
1026 286 1
2075 567 1
1354 59 1
1548 553 1
1493 457 1
2148 567 1
1149 272 1
1354 449 1
1162 478 1
1259 574 1
1940 577 1
1120 290 1
1352 514 1
951 474 1
1324 363 1
1958 514 1
1585 118 1
2422 405 1
1141 301 1
1268 527 1
1707 493 1
1532 484 1
1332 276 1
1627 47 1
1017 559 1
1576 313 1
1535 416 1
962 385 1
1467 522 1
1230 416 1
1306 472 1
1880 486 1
1658 503 1
976 458 1
1174 211 1
945 416 1
969 473 1
2137 405 1
1002 391 1
1514 320 1
1178 331 1
1026 325 1
1021 72 1
1065 454 1
1535 72 1
1192 15 1
1156 565 1
1387 385 1
1157 527 1
1165 567 1
1081 6 1
1175 363 1
2504 405 1
1213 229 1
1353 283 1
1078 145 1
1263 88 1
1065 294 1
1266 362 1
1467 313 1
1424 567 1
1226 394 1
1244 507 1
1066 435 1
1145 180 1
1244 532 1
2150 405 1
2003 542 1
966 254 1
1065 359 1
1061 472 1
986 455 1
1071 416 1
1462 363 1
2349 548 1
1352 420 1
1174 398 1
1100 527 1
1261 455 1
1432 299 1
1428 59 1
2161 416 1
1883 405 1
2457 374 1
2154 532 1
1233 392 1
1075 539 1
1174 459 1
1301 11 1
1464 405 1
1595 62 1
1081 228 1
1347 62 1
1406 214 1
1265 574 1
1622 363 1
1071 131 1
1266 575 1
1031 555 1
1226 145 1
1427 374 1
2131 422 1
959 77 1
1027 316 1
1706 435 1
1097 532 1
1514 87 1
1174 70 1
1686 459 1
1671 11 1
1622 316 1
1079 338 1
988 457 1
2047 85 1
1340 286 1
1244 439 1
1431 189 1
1031 178 1
1055 52 1
1149 10 1
1262 435 1
1424 555 1
1170 178 1
1427 474 1
1427 567 1
1607 10 1
1683 479 1
1098 326 1
1697 449 1
1091 101 1
1023 270 1
1311 6 1
1301 407 1
1751 405 1
1230 28 1
1026 405 1
1992 416 1
1812 527 1
989 503 1
1916 407 1
1442 59 1
1106 243 1
1442 406 1
1020 454 1
1419 542 1
1532 298 1
1261 435 1
1085 290 1
1407 374 1
1261 326 1
1472 579 1
1003 268 1
1427 539 1
1464 435 1
1428 94 1
1212 288 1
1347 405 1
1870 348 1
1243 488 1
1249 486 1
1031 488 1
1352 458 1
1100 109 1
1491 76 1
1055 158 1
1144 94 1
1923 363 1
1992 76 1
1686 540 1
2311 449 1
2065 85 1
1194 363 1
1412 243 1
1105 328 1
1213 568 1
2017 548 1
969 106 1
1079 214 1
1141 387 1
1482 313 1
1319 183 1
947 301 1
1170 59 1
1234 524 1
1262 243 1
1622 596 1
1317 457 1
1672 11 1
1626 294 1
966 405 1
982 457 1
1036 474 1
2014 458 1
1138 568 1
1749 363 1
1462 478 1
1248 448 1
1610 358 1
1352 56 1
1636 234 1
1514 536 1
1300 276 1
1078 503 1
986 81 1
2476 381 1
1160 479 1
1405 243 1
1023 593 1
1154 350 1
1493 94 1
1960 301 1
1138 329 1
2348 405 1
1953 270 1
1781 326 1
1585 474 1
1652 328 1
1172 326 1
1363 394 1
2062 406 1
1956 58 1
1172 299 1
1540 458 1
1401 531 1
1062 130 1
1023 85 1
1311 180 1
2075 498 1
1250 173 1
1268 601 1
1622 602 1
1541 394 1
1704 548 1
1120 488 1
1124 268 1
1036 600 1
1284 353 1
2428 405 1
1367 224 1
959 577 1
2087 385 1
1157 524 1
1950 76 1
1603 514 1
1823 15 1
1230 400 1
1276 109 1
1130 577 1
951 580 1
1069 406 1
1174 221 1
1003 568 1
1622 416 1
1349 81 1
1141 1 1
1424 496 1
959 484 1
1367 236 1
1266 432 1
2208 595 1
1071 215 1
984 286 1
982 207 1
959 449 1
1062 552 1
2104 416 1
1170 479 1
1522 346 1
1262 499 1
1704 552 1
1960 83 1
1435 392 1
2202 392 1
1237 2 1
1734 472 1
1651 316 1
1552 214 1
1324 474 1
1183 207 1
1020 524 1
1903 62 1
1604 452 1
1823 509 1
1071 600 1
1213 47 1
1402 85 1
1145 422 1
1116 493 1
1679 65 1
1230 107 1
2520 405 1
1182 331 1
1129 568 1
2381 405 1
1226 63 1
1590 524 1
1311 514 1
2138 503 1
988 276 1
1770 57 1
1336 514 1
1194 582 1
1688 158 1
1062 374 1
2232 286 1
1087 198 1
1683 405 1
1172 554 1
1091 255 1
1535 190 1
945 363 1
1541 109 1
1352 97 1
1692 292 1
1664 577 1
2045 59 1
1614 94 1
1095 254 1
1071 328 1
1114 204 1
1250 400 1
1507 145 1
1182 542 1
1424 391 1
1516 276 1
1686 552 1
1427 407 1
2455 354 1
1511 472 1
1144 405 1
1178 457 1
1162 577 1
1210 479 1
1431 607 1
1572 76 1
1100 214 1
1154 524 1
2316 449 1
966 404 1
1349 99 1
1003 498 1
1116 524 1
1393 130 1
1778 601 1
2017 218 1
1234 62 1
1209 455 1
1054 577 1
1707 221 1
1192 392 1
1994 568 1
948 455 1
1196 484 1
2235 577 1
1263 147 1
1061 532 1
1559 474 1
1622 195 1
1212 1 1
1262 567 1
1686 422 1
1881 121 1
1033 579 1
1335 405 1
1080 350 1
959 459 1
2348 449 1
1407 585 1
1754 442 1
1114 514 1
951 496 1
1026 554 1
1651 376 1
1091 59 1
1079 484 1
1154 593 1
1311 539 1
1320 405 1
1058 325 1
978 1 1
1062 27 1
1527 270 1
1683 270 1
1262 204 1
1363 601 1
1472 292 1
1418 524 1
1209 553 1
1107 536 1
1229 470 1
1704 28 1
1065 432 1
1534 363 1
1023 522 1
1023 387 1
1213 58 1
2170 416 1
1349 328 1
2059 608 1
1192 484 1
1268 358 1
1349 249 1
1419 568 1
1154 514 1
1287 395 1
1704 422 1
1265 462 1
1605 608 1
1723 217 1
1349 507 1
1100 503 1
1160 198 1
1694 284 1
988 59 1
1002 455 1
1061 501 1
1972 276 1
1467 488 1
1244 611 1
1120 493 1
1347 130 1
1069 253 1
1688 594 1
1033 553 1
1418 58 1
1995 374 1
1065 416 1
1395 484 1
945 455 1
1817 110 1
946 72 1
1265 234 1
1192 503 1
2193 405 1
1130 476 1
1379 559 1
1550 567 1
1062 449 1
1212 234 1
1584 565 1
1276 531 1
1694 582 1
2167 299 1
1506 405 1
1212 376 1
1195 296 1
966 527 1
1656 207 1
1276 353 1
1213 325 1
1210 532 1
1493 346 1
1663 11 1
945 394 1
1706 52 1
1772 63 1
1097 313 1
1269 349 1
2078 595 1
1482 609 1
1114 455 1
946 110 1
1171 600 1
1694 532 1
1679 615 1
1124 328 1
1130 457 1
1725 618 1
1461 615 1
1387 577 1
1196 158 1
1172 496 1
1226 599 1
1400 99 1
951 617 1
1213 616 1
1105 198 1
1311 618 1
1114 615 1
1116 593 1
2097 608 1
1442 416 1
1213 163 1
1492 498 1
1129 363 1
993 536 1
1817 599 1
1013 573 1
1172 387 1
1432 234 1
1165 224 1
1510 221 1
945 120 1
1979 593 1
2078 486 1
984 577 1
2246 499 1
2456 585 1
1435 568 1
1104 94 1
1097 479 1
1105 416 1
1568 452 1
1595 128 1
1541 94 1
946 600 1
2258 178 1
1319 416 1
1349 72 1
2075 385 1
1536 532 1
1170 363 1
1065 503 1
948 559 1
1162 472 1
1821 195 1
1126 618 1
1461 567 1
1418 527 1
1427 530 1
1026 301 1
1418 568 1
1324 514 1
1220 190 1
1790 550 1
1442 503 1
1471 371 1
1099 328 1
1622 432 1
1093 328 1
1095 484 1
1548 272 1
2023 130 1
1002 59 1
1686 554 1
1212 284 1
1244 580 1
1519 363 1
1154 217 1
1097 97 1
1226 486 1
1706 486 1
2217 268 1
1259 559 1
946 622 1
1683 276 1
1120 479 1
1055 81 1
1174 94 1
1322 85 1
1511 621 1
1692 359 1
2422 328 1
1284 448 1
1066 457 1
1603 496 1
1423 48 1
1462 524 1
2023 426 1
1834 476 1
951 486 1
1182 99 1
1171 484 1
1129 426 1
1707 416 1
1671 268 1
1903 385 1
1183 514 1
1095 498 1
1086 94 1
1031 474 1
1960 459 1
2512 405 1
1062 348 1
982 532 1
1069 540 1
1395 109 1
1414 130 1
1639 221 1
1248 602 1
1823 35 1
1965 615 1
1472 496 1
1405 313 1
1013 608 1
1881 35 1
1124 11 1
1457 315 1
1183 224 1
1575 527 1
1954 50 1
1890 472 1
1884 109 1
1081 59 1
1686 121 1
1741 622 1
1095 283 1
2045 499 1
1050 622 1
1097 178 1
1031 615 1
1705 286 1
1091 479 1
1160 476 1
1778 255 1
1178 593 1
1220 474 1
2065 385 1
1607 97 1
1065 255 1
1055 457 1
1656 476 1
1249 385 1
1055 234 1
969 72 1
1301 121 1
1261 189 1
1021 496 1
1248 458 1
958 209 1
1141 455 1
1634 15 1
2017 57 1
1287 476 1
1091 439 1
1527 600 1
1006 130 1
1428 498 1
1656 416 1
1863 567 1
1674 585 1
1367 272 1
1141 398 1
1590 234 1
1301 457 1
1363 452 1
1688 178 1
1230 594 1
2136 615 1
1492 325 1
1706 416 1
1233 595 1
1259 410 1
1327 405 1
1603 387 1
1332 405 1
1346 593 1
1071 493 1
1116 488 1
1244 616 1
2017 363 1
1262 290 1
1580 452 1
1424 169 1
970 627 1
1636 235 1
1322 472 1
1364 275 1
1482 278 1
2400 524 1
1823 163 1
1233 220 1
2210 585 1
1770 582 1
1535 540 1
1031 527 1
995 301 1
1226 221 1
1671 577 1
1120 381 1
1742 405 1
1423 51 1
1160 288 1
1218 554 1
1207 621 1
1590 391 1
1158 536 1
2029 354 1
1692 625 1
1230 11 1
1467 315 1
1237 501 1
1483 499 1
1055 579 1
1674 565 1
1557 524 1
2281 532 1
1171 536 1
1379 85 1
2462 474 1
1106 608 1
1634 574 1
1239 57 1
1363 608 1
1065 532 1
1467 56 1
1230 524 1
1346 536 1
1308 394 1
2072 435 1
1253 2 1
1091 621 1
1419 501 1
969 477 1
1684 195 1
1461 234 1
1442 385 1
1071 298 1
1972 207 1
1105 106 1
1178 472 1
1428 313 1
1626 331 1
1972 455 1
1823 486 1
1890 56 1
1218 6 1
1692 621 1
945 59 1
1049 57 1
1229 52 1
1212 50 1
1079 621 1
1289 85 1
1427 479 1
1194 346 1
1097 539 1
1896 387 1
1418 553 1
1116 286 1
1156 585 1
1209 457 1
1972 580 1
945 99 1
1248 392 1
1209 290 1
1379 288 1
1077 496 1
1301 514 1
1512 70 1
1425 553 1
1086 301 1
1397 320 1
1379 503 1
1674 622 1
1532 472 1
1114 565 1
1352 6 1
1194 532 1
1516 145 1
946 618 1
1395 621 1
1298 130 1
996 405 1
1788 292 1
1233 615 1
1026 109 1
1683 625 1
1213 449 1
1639 608 1
1033 87 1
1823 532 1
1075 618 1
1482 6 1
2014 498 1
1244 163 1
1120 28 1
1424 249 1
1900 539 1
1175 320 1
1226 479 1
1980 472 1
1639 442 1
1457 76 1
1158 350 1
1172 239 1
1965 553 1
982 600 1
1130 298 1
1301 371 1
1423 622 1
1352 579 1
1684 454 1
1808 624 1
1017 474 1
1032 65 1
950 568 1
996 457 1
2137 195 1
1358 207 1
1023 479 1
1265 204 1
1194 601 1
1414 532 1
951 416 1
1244 126 1
945 254 1
1065 498 1
984 407 1
1467 623 1
1395 454 1
1032 109 1
1195 354 1
1116 316 1
1063 1 1
1349 455 1
1262 522 1
1003 527 1
1651 585 1
1888 435 1
1653 458 1
1120 56 1
1516 363 1
1160 478 1
970 1 1
1069 602 1
1588 615 1
1520 554 1
1808 486 1
1062 109 1
1373 234 1
1107 22 1
1301 478 1
1317 195 1
2227 301 1
1231 458 1
945 441 1
1471 286 1
1528 405 1
1157 338 1
1230 568 1
1306 179 1
1889 406 1
1196 108 1
1130 221 1
1149 573 1
1673 328 1
1349 441 1
951 555 1
1406 85 1
1103 62 1
1053 601 1
1402 634 1
1250 2 1
1750 249 1
1704 320 1
969 299 1
1203 532 1
1218 145 1
1428 407 1
959 274 1
1229 555 1
1301 454 1
1535 81 1
976 10 1
1471 48 1
1692 464 1
1435 59 1
1124 524 1
1160 593 1
1209 559 1
1989 474 1
1071 559 1
1229 439 1
1402 422 1
1379 6 1
1032 639 1
1950 85 1
980 416 1
1649 128 1
1263 325 1
1869 224 1
2042 542 1
989 585 1
1154 627 1
1889 385 1
1707 394 1
1555 567 1
1013 514 1
1656 106 1
1409 301 1
1099 457 1
2136 128 1
1196 276 1
1244 133 1
1265 176 1
1379 298 1
1643 536 1
1081 478 1
1130 313 1
1568 406 1
1220 412 1
1186 639 1
1270 499 1
1178 405 1
1467 363 1
1244 169 1
1349 634 1
2000 299 1
1149 553 1
1069 470 1
1049 162 1
1165 239 1
1103 407 1
1263 530 1
1605 405 1
2129 221 1
1961 221 1
1927 449 1
1095 381 1
1230 356 1
1505 496 1
1195 444 1
2138 627 1
1013 499 1
1686 120 1
1528 472 1
959 381 1
1087 178 1
1653 514 1
1231 609 1
1367 621 1
1493 405 1
1055 306 1
1425 326 1
1079 397 1
1071 482 1
1347 627 1
1512 374 1
1065 387 1
1533 130 1
2446 532 1
1983 642 1
1006 62 1
1373 28 1
1336 435 1
1464 288 1
1686 32 1
1777 77 1
1262 346 1
1114 72 1
1171 554 1
1229 15 1
1120 600 1
1414 536 1
1467 405 1
1699 457 1
1276 509 1
2017 214 1
1423 503 1
1406 457 1
1435 331 1
1760 130 1
1174 387 1
1550 617 1
1315 83 1
966 298 1
1679 207 1
1405 72 1
1692 624 1
1427 488 1
1387 325 1
1077 313 1
1182 559 1
1079 514 1
1409 85 1
1091 217 1
2072 349 1
1432 617 1
1130 371 1
959 552 1
1116 530 1
1556 454 1
1287 76 1
1013 85 1
1113 458 1
1402 276 1
1169 577 1
1141 207 1
971 600 1
1823 464 1
1603 239 1
1099 539 1
1141 621 1
1419 397 1
1888 618 1
1649 407 1
1406 211 1
1416 532 1
981 1 1
1512 484 1
986 478 1
1120 573 1
1069 455 1
1604 615 1
1138 638 1
1395 110 1
1230 328 1
1023 554 1
1734 109 1
1817 635 1
1120 455 1
1244 320 1
1027 474 1
1301 532 1
976 14 1
1124 207 1
948 621 1
1686 595 1
1692 644 1
1493 11 1
1900 627 1
1808 130 1
1226 207 1
1049 67 1
1144 198 1
1699 83 1
1031 406 1
1823 499 1
996 406 1
2039 599 1
1174 577 1
1220 442 1
1686 624 1
1464 454 1
1002 629 1
1457 10 1
1725 83 1
1021 618 1
1230 452 1
1576 573 1
1033 385 1
1692 645 1
1472 607 1
1072 522 1
1033 435 1
1664 642 1
1714 315 1
1672 642 1
1126 326 1
1532 435 1
2023 283 1
1053 22 1
1055 478 1
976 385 1
1141 397 1
1423 553 1
1289 548 1
1423 542 1
1261 527 1
1463 622 1
1015 632 1
1692 416 1
1734 542 1
1427 62 1
982 640 1
1349 145 1
1017 542 1
1974 195 1
1268 392 1
1149 298 1
1597 385 1
1220 385 1
1263 108 1
1095 532 1
1013 645 1
960 325 1
1354 320 1
1233 130 1
1850 171 1
1575 85 1
1124 85 1
1130 442 1
1432 639 1
2238 356 1
1071 392 1
1171 474 1
986 57 1
1026 479 1
1614 524 1
969 632 1
1027 488 1
1595 514 1
1288 229 1
1896 624 1
958 381 1
1416 638 1
1472 212 1
1863 634 1
1105 83 1
1349 62 1
1994 254 1
1002 405 1
1250 639 1
1172 600 1
1541 595 1
1230 634 1
1248 550 1
1170 600 1
1923 145 1
1168 585 1
1093 405 1
1633 431 1
1237 621 1
1078 617 1
1230 443 1
1061 99 1
2154 374 1
1165 634 1
1435 391 1
1244 644 1
1175 621 1
1762 542 1
1427 498 1
1220 346 1
958 514 1
1027 189 1
1585 553 1
1495 422 1
1268 626 1
1226 618 1
1010 593 1
1154 642 1
1209 198 1
2564 552 1
1226 296 1
1145 276 1
1626 363 1
1336 618 1
1002 639 1
1461 650 1
1414 457 1
1049 622 1
1633 532 1
1398 454 1
1400 501 1
1234 601 1
1636 625 1
1656 406 1
1618 648 1
1335 394 1
1714 375 1
1673 514 1
1154 559 1
1686 158 1
1416 57 1
1116 363 1
1462 94 1
1584 615 1
951 552 1
1129 198 1
1965 358 1
2059 59 1
1141 539 1
1138 622 1
2147 568 1
1196 554 1
1080 1 1
1259 548 1
1244 627 1
1170 394 1
2045 363 1
1688 136 1
1301 62 1
1379 397 1
1387 642 1
1584 503 1
1484 394 1
1464 406 1
1949 568 1
1692 207 1
1031 398 1
1263 178 1
1234 234 1
1873 532 1
1003 354 1
1461 406 1
1482 416 1
1397 457 1
1622 443 1
1262 235 1
1062 470 1
1823 317 1
1457 474 1
1002 608 1
1172 472 1
1141 479 1
1033 496 1
1431 639 1
1528 109 1
2170 532 1
1149 503 1
1725 452 1
1079 385 1
958 594 1
1575 207 1
1520 621 1
1333 234 1
1106 627 1
1244 300 1
1262 503 1
2228 296 1
1406 639 1
1003 449 1
1017 472 1
1154 286 1
1367 397 1
1603 639 1
1026 97 1
1138 6 1
1684 601 1
1307 346 1
2045 643 1
1633 110 1
1129 207 1
1244 274 1
1423 452 1
1077 642 1
1162 374 1
1322 618 1
1626 341 1
1471 52 1
1953 595 1
2099 76 1
1575 514 1
984 455 1
1461 527 1
1363 632 1
1116 76 1
1589 315 1
1311 476 1
2062 536 1
1259 328 1
1165 331 1
1003 493 1
1099 178 1
1230 63 1
1540 634 1
1683 394 1
1653 639 1
1061 621 1
1150 363 1
1649 618 1
1423 527 1
1013 316 1
1196 290 1
2170 299 1
1960 474 1
1095 642 1
1077 488 1
1506 217 1
959 65 1
1174 542 1
1472 559 1
1425 539 1
951 493 1
1346 653 1
1511 405 1
1561 567 1
1904 118 1
1471 539 1
1540 636 1
1270 555 1
1065 320 1
1320 110 1
1562 59 1
1311 622 1
1367 407 1
1528 601 1
1493 618 1
1572 14 1
1141 532 1
1679 514 1
1209 600 1
1354 638 1
1296 507 1
1472 629 1
1956 573 1
1284 412 1
1101 627 1
1319 642 1
1129 416 1
1055 488 1
1120 567 1
2053 629 1
1923 634 1
1823 507 1
1340 416 1
1988 653 1
1870 532 1
1412 642 1
1087 618 1
1114 452 1
1262 536 1
1160 326 1
1091 555 1
1707 301 1
1033 214 1
1956 621 1
1287 255 1
1707 99 1
1010 622 1
1203 247 1
1168 234 1
1308 622 1
1317 622 1
1656 405 1
993 579 1
1753 178 1
1192 470 1
1033 617 1
1347 600 1
1467 276 1
1471 130 1
1346 9 1
1065 435 1
1154 600 1
982 503 1
1496 650 1
1493 627 1
969 99 1
959 595 1
1098 648 1
1061 493 1
2559 601 1
1664 627 1
1002 539 1
1071 638 1
1095 621 1
1983 234 1
1130 503 1
1675 11 1
2527 405 1
1244 621 1
954 2 1
1266 511 1
2068 608 1
1138 575 1
958 458 1
1233 81 1
1071 601 1
1087 298 1
1105 638 1
1017 454 1
1055 553 1
1532 542 1
1218 552 1
1244 217 1
1061 548 1
1307 637 1
1120 527 1
1027 121 1
1138 648 1
1213 555 1
1443 474 1
1427 128 1
1462 455 1
1081 457 1
1997 405 1
1572 455 1
1817 454 1
1055 486 1
1103 632 1
1409 130 1
1095 268 1
1079 354 1
1129 472 1
1540 642 1
1603 218 1
1107 530 1
1393 374 1
1535 99 1
1213 218 1
1081 624 1
1170 270 1
1387 452 1
2017 94 1
1141 374 1
1313 595 1
1061 555 1
1035 346 1
951 101 1
996 338 1
1253 650 1
1532 601 1
2062 621 1
2138 639 1
1686 493 1
1683 457 1
1435 567 1
1006 178 1
1889 479 1
1017 416 1
996 536 1
1075 1 1
1397 276 1
1276 99 1
1686 270 1
1288 381 1
1311 276 1
1471 639 1
1013 648 1
1013 615 1
1461 639 1
1182 474 1
984 234 1
1270 570 1
1932 568 1
1124 407 1
1550 234 1
995 532 1
1694 616 1
2023 601 1
1141 650 1
1467 59 1
1346 394 1
1259 130 1
1129 374 1
1087 643 1
1183 640 1
1684 627 1
2042 381 1
1230 448 1
1590 567 1
1424 524 1
987 554 1
1595 416 1
1915 585 1
2267 585 1
980 477 1
1154 639 1
1162 553 1
958 554 1
1585 567 1
1633 656 1
1428 643 1
1259 616 1
1055 109 1
1954 63 1
1626 626 1
1262 554 1
1062 121 1
1142 639 1
1154 542 1
1725 524 1
1170 56 1
1276 637 1
969 348 1
1520 653 1
1353 300 1
966 462 1
1171 109 1
1171 435 1
1581 328 1
1467 559 1
1113 625 1
2017 292 1
1244 462 1
1226 474 1
1213 635 1
1233 477 1
1520 268 1
1002 392 1
1182 394 1
1636 623 1
1116 638 1
2065 585 1
1506 484 1
2224 341 1
1077 648 1
1186 624 1
1145 118 1
1097 653 1
1182 488 1
2154 653 1
986 56 1
1906 639 1
1106 629 1
1424 234 1
969 58 1
1327 621 1
1584 363 1
1461 215 1
1262 559 1
1541 634 1
1699 59 1
2017 640 1
2045 478 1
1427 623 1
1994 648 1
1972 593 1
1230 315 1
2276 239 1
951 650 1
1409 452 1
1276 629 1
1669 276 1
1071 499 1
1367 577 1
1535 218 1
1174 183 1
1230 221 1
2346 189 1
1182 608 1
1674 299 1
1253 6 1
1061 643 1
945 299 1
1055 296 1
1419 624 1
1196 532 1
1874 94 1
1261 234 1
1407 629 1
1585 397 1
2065 639 1
1222 458 1
1395 524 1
1053 1 1
2078 294 1
2016 648 1
1566 653 1
1126 328 1
1141 645 1
1230 354 1
1522 130 1
951 472 1
1373 70 1
1496 642 1
1248 646 1
1322 189 1
1375 371 1
1113 555 1
2313 486 1
1126 1 1
1427 493 1
1664 640 1
1652 650 1
1120 372 1
1424 650 1
2084 653 1
1534 617 1
1573 623 1
1890 298 1
1157 479 1
1692 635 1
1281 608 1
1427 514 1
1431 406 1
1541 643 1
1027 593 1
1032 145 1
1880 449 1
1107 435 1
1595 458 1
1512 457 1
1311 442 1
1130 601 1
1120 464 1
1374 398 1
1532 647 1
1932 514 1
946 398 1
1607 640 1
1694 236 1
1266 486 1
1101 653 1
966 457 1
1874 290 1
1249 171 1
1116 239 1
2034 472 1
1298 532 1
1604 454 1
1203 642 1
1657 514 1
1953 585 1
1540 536 1
959 11 1
948 608 1
951 582 1
1379 568 1
1374 522 1
1079 536 1
1395 406 1
2023 99 1
1956 363 1
1786 405 1
1527 158 1
1036 387 1
1129 488 1
1467 645 1
1983 536 1
1002 577 1
1427 235 1
1015 601 1
1192 374 1
1026 254 1
2107 639 1
1324 62 1
1239 479 1
1387 643 1
2023 642 1
1471 615 1
1849 353 1
1706 665 1
1231 665 1
1150 387 1
1636 554 1
1874 595 1
1566 268 1
1379 207 1
1097 253 1
1395 593 1
1903 618 1
1414 514 1
1520 158 1
1196 648 1
1032 623 1
1138 398 1
989 239 1
1100 567 1
1555 469 1
1298 317 1
1375 484 1
966 363 1
1129 573 1
966 493 1
1182 493 1
1374 11 1
1905 608 1
1367 65 1
995 639 1
1249 532 1
1061 467 1
1932 615 1
1379 454 1
1003 457 1
1471 653 1
1471 665 1
1233 458 1
1373 650 1
959 622 1
1145 407 1
1595 58 1
1077 601 1
1156 639 1
1313 416 1
1588 121 1
1109 239 1
948 577 1
1079 58 1
1354 501 1
1154 498 1
1213 131 1
1065 644 1
1209 56 1
1367 374 1
1124 653 1
1505 405 1
1141 234 1
1065 548 1
1116 632 1
1218 479 1
1427 286 1
1389 650 1
1981 405 1
988 524 1
1061 398 1
1109 622 1
1266 205 1
1741 301 1
1265 387 1
1535 595 1
1182 158 1
2161 135 1
1373 488 1
1077 567 1
1703 276 1
1915 639 1
1352 363 1
959 109 1
1375 454 1
1075 661 1
1281 126 1
1297 240 1
1055 637 1
2068 338 1
1699 621 1
1104 207 1
1992 634 1
1145 405 1
2382 405 1
1174 85 1
1358 454 1
1065 458 1
1815 602 1
988 416 1
1015 6 1
1442 234 1
1066 666 1
1095 58 1
966 642 1
1113 536 1
1324 524 1
1428 553 1
1540 540 1
969 577 1
1315 9 1
1373 527 1
1464 346 1
1230 207 1
1896 640 1
1532 479 1
1416 459 1
1194 394 1
987 110 1
1580 234 1
1664 290 1
1683 286 1
1424 661 1
1409 254 1
1138 615 1
1061 629 1
1300 224 1
1145 22 1
1915 474 1
1144 645 1
1311 158 1
1106 573 1
1010 650 1
1374 385 1
1604 363 1
1172 514 1
1158 435 1
1183 416 1
1116 496 1
1031 653 1
1248 609 1
1079 567 1
1590 11 1
1891 671 1
1072 62 1
1510 110 1
1379 553 1
1457 85 1
1679 313 1
1069 503 1
1300 479 1
2446 286 1
1023 632 1
958 548 1
1062 661 1
1974 405 1
1154 99 1
1229 624 1
971 457 1
1209 676 1
2429 585 1
1423 407 1
1160 643 1
1575 647 1
2017 268 1
1418 640 1
1667 62 1
1062 648 1
1062 328 1
1126 499 1
1363 239 1
1759 599 1
1248 296 1
1751 593 1
1017 514 1
1061 176 1
1387 548 1
990 1 1
1883 454 1
1261 629 1
1160 559 1
1233 296 1
1888 94 1
1402 470 1
1285 634 1
1688 313 1
1141 629 1
2137 585 1
1157 270 1
2161 221 1
1126 666 1
951 501 1
1581 372 1
966 615 1
1050 59 1
969 81 1
1017 65 1
1062 349 1
1126 650 1
945 622 1
1367 553 1
1027 457 1
1231 601 1
1347 162 1
1541 45 1
1174 638 1
1209 488 1
959 395 1
1126 627 1
1770 642 1
1940 642 1
947 432 1
1354 542 1
1726 85 1
1262 52 1
1065 275 1
1378 645 1
1627 646 1
1154 301 1
1209 625 1
1888 621 1
1961 331 1
1759 593 1
1354 637 1
1442 650 1
1683 106 1
1607 189 1
1049 99 1
1419 455 1
1985 477 1
1141 457 1
1061 435 1
1226 643 1
1595 600 1
1231 422 1
1869 15 1
1033 638 1
2215 577 1
1777 637 1
1021 328 1
1178 623 1
1338 435 1
1013 474 1
1114 567 1
1287 665 1
1090 204 1
1124 607 1
1778 472 1
1175 158 1
1061 432 1
1192 354 1
1512 608 1
948 666 1
2564 653 1
1423 479 1
1154 503 1
958 106 1
1346 457 1
1686 467 1
988 577 1
1265 135 1
1996 67 1
1071 650 1
1418 59 1
1636 639 1
1031 577 1
1618 650 1
1266 28 1
1363 85 1
1349 513 1
1679 682 1
1243 616 1
1406 669 1
1353 653 1
1233 574 1
1643 474 1
1287 472 1
1293 546 1
1284 478 1
1393 407 1
1061 265 1
1595 577 1
1402 627 1
1363 659 1
1956 653 1
1129 617 1
1301 640 1
1015 618 1
1248 457 1
1471 661 1
1158 189 1
1209 682 1
1130 109 1
1124 326 1
1373 648 1
1269 682 1
1694 656 1
1393 442 1
1150 666 1
1027 476 1
1265 376 1
1622 595 1
1683 346 1
1113 1 1
1158 514 1
1428 298 1
1589 212 1
1079 122 1
1226 121 1
1960 640 1
1268 135 1
2154 130 1
1584 381 1
1679 301 1
2042 239 1
1002 601 1
1686 301 1
1175 478 1
1061 627 1
1354 582 1
1065 290 1
1296 145 1
1194 94 1
1834 435 1
1799 659 1
1144 457 1
1874 255 1
1105 659 1
1066 648 1
1107 559 1
1580 268 1
1269 63 1
1548 567 1
1194 671 1
1414 632 1
971 221 1
966 539 1
2211 276 1
1468 406 1
1301 163 1
1113 669 1
1424 63 1
1145 640 1
1863 385 1
969 77 1
1237 634 1
1129 546 1
1284 301 1
1834 488 1
1883 554 1
945 326 1
1033 643 1
1087 406 1
1482 130 1
1385 326 1
1705 600 1
2288 637 1
1692 313 1
1081 115 1
2053 276 1
1213 685 1
1006 600 1
1603 568 1
1079 70 1
1203 107 1
1086 642 1
1870 552 1
1956 94 1
1535 662 1
1332 653 1
1230 662 1
1213 673 1
1972 349 1
1033 600 1
1036 682 1
1308 532 1
1233 474 1
1010 374 1
1116 621 1
1711 617 1
996 524 1
1284 443 1
1808 432 1
958 634 1
1021 659 1
1141 338 1
1965 585 1
2150 653 1
1069 11 1
1218 299 1
969 52 1
1229 539 1
1932 552 1
1301 499 1
1248 331 1
1097 198 1
951 629 1
1424 632 1
1521 472 1
1622 459 1
1165 296 1
1026 622 1
1353 83 1
2256 595 1
1116 536 1
2002 618 1
1171 363 1
2161 375 1
1786 601 1
1694 458 1
1087 496 1
1581 650 1
1075 632 1
1087 407 1
1259 353 1
1157 299 1
1010 623 1
1387 661 1
1961 624 1
1116 479 1
1512 524 1
1995 459 1
1528 625 1
1349 580 1
1561 474 1
1627 313 1
1298 171 1
1521 435 1
951 546 1
1924 458 1
1268 570 1
1021 650 1
1071 346 1
1409 128 1
1055 294 1
1423 115 1
1981 457 1
2151 532 1
1244 121 1
1036 207 1
1636 488 1
1091 552 1
1692 550 1
1541 62 1
1288 673 1
2161 328 1
1541 70 1
1243 567 1
1549 474 1
1622 554 1
1390 387 1
1138 48 1
2176 405 1
1657 573 1
1263 461 1
1375 416 1
1572 624 1
1276 11 1
1367 452 1
1130 514 1
1424 296 1
1906 527 1
1572 274 1
951 439 1
2202 178 1
1160 618 1
1071 455 1
1622 616 1
1356 457 1
2214 478 1
1512 22 1
1823 329 1
1558 454 1
1401 546 1
995 276 1
1069 552 1
1472 625 1
951 653 1
1870 101 1
988 642 1
1863 624 1
1013 454 1
1555 397 1
1020 608 1
1989 682 1
1013 254 1
1573 650 1
1510 629 1
2042 666 1
1243 173 1
1158 627 1
1170 158 1
1265 473 1
2227 665 1
1520 221 1
1443 169 1
1416 6 1
951 634 1
1002 385 1
1054 1 1
1141 524 1
1213 2 1
1664 618 1
1160 648 1
981 405 1
1311 11 1
1467 648 1
1653 629 1
966 243 1
1104 276 1
1002 554 1
1261 207 1
1021 178 1
1171 650 1
1535 439 1
1010 618 1
1464 524 1
945 532 1
1172 643 1
1212 595 1
1367 455 1
1053 542 1
1036 406 1
1972 642 1
1203 234 1
1443 313 1
1823 689 1
1065 582 1
1129 601 1
1104 615 1
1017 198 1
2051 682 1
1576 615 1
1431 299 1
1212 359 1
1141 10 1
1558 474 1
1079 629 1
1116 374 1
2042 268 1
1162 474 1
1923 374 1
1261 94 1
1932 626 1
1266 524 1
1071 659 1
1367 618 1
1766 85 1
1505 268 1
2151 622 1
1559 568 1
1754 600 1
1671 198 1
1442 391 1
1230 225 1
1672 268 1
1379 536 1
1141 426 1
1349 484 1
1098 234 1
2078 627 1
1604 629 1
1129 6 1
1541 644 1
1062 189 1
1114 539 1
1374 638 1
1428 326 1
1250 469 1
1126 391 1
2011 470 1
1512 698 1
1482 424 1
1335 346 1
1514 642 1
1141 559 1
1010 234 1
1017 484 1
1286 441 1
1175 254 1
1230 645 1
2091 72 1
1406 239 1
1958 552 1
1541 682 1
1799 622 1
1652 536 1
1419 207 1
1992 478 1
1375 198 1
1300 496 1
1406 642 1
1230 176 1
1301 682 1
1026 85 1
1418 653 1
1956 680 1
2034 110 1
1572 84 1
1237 514 1
2206 416 1
1373 387 1
1182 650 1
1419 276 1
951 527 1
1195 532 1
1393 650 1
1259 111 1
1995 145 1
1610 405 1
1101 499 1
1186 9 1
1286 624 1
1595 670 1
1229 701 1
1349 406 1
1634 507 1
1141 639 1
1823 337 1
1379 623 1
1213 240 1
1226 632 1
1229 692 1
1983 457 1
1021 1 1
1298 111 1
1149 704 1
1694 507 1
1520 618 1
1077 608 1
1354 555 1
1194 301 1
1410 72 1
1634 404 1
1636 650 1
1061 457 1
1129 59 1
959 435 1
1636 692 1
1603 623 1
1055 643 1
1156 498 1
1980 476 1
1069 501 1
1095 595 1
1263 685 1
1013 72 1
1883 627 1
1178 548 1
1033 659 1
1284 685 1
1298 704 1
2047 405 1
1032 110 1
1032 642 1
1231 692 1
1006 452 1
1387 682 1
1607 406 1
1960 158 1
1702 301 1
1884 682 1
1021 299 1
1244 695 1
1175 457 1
1387 234 1
1911 653 1
1636 328 1
1728 405 1
1171 496 1
1218 320 1
1905 180 1
1643 666 1
1003 645 1
1671 479 1
1560 59 1
1218 474 1
1194 621 1
969 63 1
1269 255 1
1249 639 1
1407 416 1
1692 634 1
1129 608 1
1424 405 1
1049 435 1
1311 643 1
2013 385 1
1406 301 1
1734 405 1
1124 621 1
1100 665 1
1692 671 1
1259 507 1
1080 288 1
1387 56 1
1237 682 1
1347 217 1
948 527 1
1416 416 1
1416 622 1
1169 601 1
1017 398 1
1308 642 1
1013 207 1
1169 168 1
1284 629 1
1958 548 1
989 607 1
1027 698 1
1540 618 1
1428 567 1
1013 627 1
1091 99 1
1932 602 1
1230 579 1
1367 346 1
1098 452 1
1183 618 1
1230 650 1
1786 346 1
1352 637 1
1172 94 1
1378 198 1
1349 457 1
1212 582 1
1510 435 1
1209 14 1
1873 595 1
1315 59 1
1066 682 1
1239 387 1
1287 145 1
2051 328 1
1575 452 1
1265 266 1
1013 478 1
1183 435 1
1249 628 1
948 618 1
1079 553 1
1069 609 1
1065 550 1
1423 573 1
1192 407 1
1169 83 1
1387 372 1
1799 568 1
1230 552 1
1311 128 1
1244 313 1
1649 392 1
1100 121 1
959 665 1
1759 432 1
945 577 1
1580 532 1
1373 666 1
990 385 1
1033 454 1
1649 426 1
1116 665 1
1052 479 1
1080 514 1
1406 235 1
1142 59 1
1427 632 1
1912 650 1
996 661 1
1418 666 1
1176 320 1
1979 454 1
2011 158 1
1823 454 1
2215 405 1
1266 204 1
1684 636 1
1013 239 1
948 650 1
1086 313 1
1239 499 1
971 442 1
1870 87 1
1346 72 1
1406 58 1
990 622 1
1172 183 1
1367 608 1
1522 524 1
1697 608 1
971 416 1
1992 59 1
1301 493 1
1427 454 1
1244 478 1
1549 499 1
1061 442 1
1081 639 1
1062 359 1
1891 452 1
1086 70 1
1160 653 1
1300 618 1
1992 540 1
1679 178 1
1317 472 1
1956 168 1
1462 615 1
1347 254 1
1520 301 1
1406 615 1
1989 666 1
1634 570 1
1395 301 1
1103 435 1
1520 472 1
1015 493 1
1171 56 1
945 699 1
989 474 1
1087 405 1
1156 59 1
1649 622 1
1556 488 1
1373 617 1
1270 190 1
1013 198 1
1230 422 1
1262 608 1
1354 601 1
1276 459 1
1033 320 1
1116 217 1
1234 648 1
1192 552 1
1416 582 1
1109 189 1
1980 405 1
1220 680 1
1989 661 1
959 642 1
1035 601 1
1233 626 1
1387 524 1
1237 567 1
2118 85 1
1677 354 1
1263 646 1
1349 653 1
1101 178 1
1154 577 1
986 276 1
1462 666 1
1172 715 1
1013 371 1
1130 666 1
1692 602 1
1209 629 1
1220 195 1
1126 474 1
1378 387 1
1249 163 1
1651 639 1
1194 392 1
1692 507 1
1175 387 1
995 484 1
1239 329 1
1595 412 1
948 648 1
948 640 1
1013 363 1
1261 659 1
1378 627 1
1130 640 1
1284 634 1
1080 406 1
1268 595 1
1265 699 1
1505 407 1
2349 405 1
2196 385 1
1233 509 1
1336 484 1
1932 594 1
1013 682 1
1548 524 1
1387 601 1
1414 593 1
1679 659 1
969 666 1
1352 661 1
1230 656 1
1013 10 1
1559 670 1
1346 659 1
1160 661 1
1023 6 1
1595 288 1
1866 595 1
1686 449 1
1683 715 1
1903 301 1
971 276 1
1521 622 1
1995 477 1
1144 514 1
1262 180 1
1106 593 1
1636 474 1
951 432 1
1244 628 1
1023 524 1
1263 524 1
1266 546 1
1657 63 1
1649 647 1
1319 276 1
1105 326 1
1145 94 1
1203 454 1
1580 648 1
946 653 1
1979 290 1
1170 648 1
1634 171 1
1496 276 1
1363 313 1
2079 601 1
1541 493 1
982 130 1
1103 593 1
1268 699 1
1496 622 1
1213 650 1
1588 617 1
1605 313 1
1354 715 1
1823 294 1
1015 524 1
1182 109 1
1003 381 1
1248 461 1
1653 276 1
1172 670 1
2045 331 1
1519 406 1
1010 639 1
1419 486 1
1671 299 1
1411 666 1
1603 593 1
2217 145 1
1336 130 1
1263 83 1
995 472 1
954 503 1
1069 101 1
995 682 1
1903 478 1
1398 145 1
1233 454 1
1015 642 1
1778 416 1
1367 661 1
1324 622 1
1186 207 1
1346 65 1
1031 721 1
1021 268 1
1653 524 1
1013 455 1
1364 621 1
1510 659 1
1614 659 1
1230 624 1
950 662 1
1036 627 1
989 539 1
1803 405 1
1062 638 1
1284 669 1
960 608 1
1400 699 1
1467 669 1
1387 498 1
1704 699 1
1373 354 1
1171 158 1
1262 452 1
1395 503 1
1903 642 1
1209 577 1
1266 559 1
1418 398 1
1183 326 1
1276 626 1
1126 682 1
1013 65 1
1603 719 1
986 11 1
2147 454 1
1725 593 1
1015 536 1
1158 625 1
1471 474 1
1087 70 1
1174 474 1
1576 457 1
960 699 1
1580 217 1
1116 498 1
1071 539 1
1823 721 1
1819 635 1
1904 405 1
1416 275 1
1572 265 1
1559 553 1
2417 642 1
1528 59 1
1015 665 1
1268 173 1
1541 190 1
1781 659 1
1192 249 1
1138 406 1
1194 642 1
1607 650 1
1464 659 1
1707 682 1
1559 503 1
1374 59 1
1174 394 1
1605 666 1
1379 363 1
1053 290 1
1419 637 1
1960 682 1
1160 715 1
1080 617 1
1680 405 1
958 486 1
1002 41 1
1707 601 1
1178 109 1
1081 486 1
1411 458 1
1218 634 1
1172 638 1
1091 501 1
1079 488 1
1472 354 1
1311 326 1
1101 622 1
1178 665 1
1226 552 1
1023 666 1
1428 178 1
1753 622 1
1301 41 1
1983 622 1
1427 426 1
1170 407 1
1630 416 1
1138 650 1
1249 724 1
1298 676 1
1347 374 1
1699 109 1
1154 650 1
1233 721 1
1172 532 1
1182 405 1
1393 638 1
1819 656 1
1750 498 1
1611 617 1
1692 676 1
1160 665 1
1052 198 1
1788 595 1
1982 143 1
1354 493 1
1336 454 1
1568 621 1
1053 394 1
1262 488 1
1069 601 1
1387 503 1
1124 239 1
1457 524 1
1784 416 1
1101 682 1
1313 665 1
1098 395 1
1126 629 1
1541 642 1
1349 109 1
1013 577 1
1575 617 1
1116 178 1
1472 454 1
1414 207 1
1760 363 1
1113 516 1
1866 501 1
1367 87 1
1541 458 1
1213 639 1
1130 553 1
1244 454 1
1664 435 1
1349 108 1
1281 449 1
1406 568 1
1393 622 1
1156 622 1
1100 452 1
945 406 1
1317 648 1
2021 62 1
1427 499 1
1808 83 1
1889 625 1
1817 140 1
1212 6 1
1808 554 1
1595 682 1
1154 698 1
1023 162 1
1301 632 1
970 478 1
1900 645 1
1194 407 1
1192 680 1
1071 296 1
2462 328 1
1643 659 1
1686 387 1
1367 298 1
1603 650 1
1584 524 1
1335 642 1
1071 136 1
1838 145 1
1095 601 1
2313 234 1
1443 292 1
1706 659 1
1863 52 1
1263 609 1
1099 643 1
1395 478 1
2051 405 1
1301 567 1
1651 416 1
1784 501 1
2030 486 1
1248 704 1
1759 416 1
1347 622 1
1287 443 1
1130 81 1
1622 699 1
1755 567 1
1194 647 1
1364 643 1
1432 338 1
1087 622 1
1286 724 1
2554 644 1
1231 634 1
1622 301 1
1095 243 1
1790 593 1
1336 472 1
1667 328 1
1055 524 1
1157 608 1
1209 638 1
1706 555 1
1194 513 1
1419 130 1
1157 391 1
1622 57 1
1226 653 1
1311 648 1
1077 426 1
1172 406 1
1402 653 1
1437 567 1
1777 300 1
1250 615 1
1077 524 1
2381 682 1
1196 294 1
1634 546 1
1405 627 1
1692 35 1
1688 637 1
1923 101 1
1462 354 1
1349 637 1
1419 567 1
1686 128 1
1276 220 1
2123 87 1
1980 299 1
1347 721 1
1233 113 1
1095 689 1
1605 391 1
1077 665 1
1138 665 1
1091 629 1
1078 647 1
1653 579 1
1286 514 1
1061 648 1
1035 618 1
1826 695 1
1603 488 1
1605 659 1
1226 374 1
1983 41 1
1045 472 1
988 618 1
1627 169 1
1522 671 1
1559 648 1
1213 81 1
1013 559 1
1222 101 1
1261 721 1
1233 48 1
1015 621 1
1520 671 1
1078 169 1
1416 479 1
1061 618 1
1100 498 1
1144 270 1
2229 642 1
1706 14 1
950 76 1
1512 648 1
1194 546 1
1010 719 1
1087 354 1
2002 416 1
1097 235 1
1471 514 1
1142 479 1
1817 410 1
1340 422 1
945 77 1
1170 207 1
1233 176 1
1694 147 1
1100 514 1
1881 229 1
1062 524 1
1714 405 1
1017 452 1
1126 671 1
1379 178 1
1416 536 1
1625 721 1
1087 659 1
1692 682 1
1634 281 1
1595 99 1
1105 109 1
2176 346 1
1097 559 1
2425 276 1
1099 639 1
1636 618 1
1220 618 1
1555 406 1
1625 126 1
1289 392 1
1532 457 1
1080 51 1
1673 642 1
1270 110 1
1172 577 1
1230 94 1
1237 207 1
1541 274 1
1021 653 1
1178 650 1
1142 286 1
1288 611 1
948 593 1
1249 721 1
1033 622 1
1349 671 1
1576 721 1
988 234 1
945 642 1
1354 478 1
2049 454 1
1393 653 1
1686 454 1
1622 145 1
1512 478 1
966 601 1
1026 579 1
1116 234 1
1680 59 1
1410 527 1
1233 644 1
1402 395 1
1066 276 1
1575 426 1
1799 354 1
1061 290 1
1269 158 1
1026 536 1
1244 245 1
1126 435 1
1150 435 1
1692 265 1
1992 552 1
2028 58 1
1053 354 1
1603 405 1
1154 363 1
2091 405 1
1580 659 1
1035 645 1
1707 618 1
2219 130 1
1284 548 1
2017 270 1
1095 422 1
1354 387 1
1116 416 1
1462 645 1
1192 486 1
1263 740 1
2348 253 1
1158 653 1
1126 412 1
1017 715 1
1078 458 1
1182 661 1
1244 255 1
1692 665 1
2002 472 1
1560 478 1
1541 689 1
1203 83 1
2059 459 1
1924 115 1
1972 624 1
946 130 1
1244 710 1
2272 439 1
1707 621 1
1442 607 1
1651 85 1
1144 710 1
1006 536 1
1697 503 1
1055 145 1
1026 669 1
946 749 1
1652 10 1
1089 617 1
1061 459 1
1113 676 1
1144 661 1
1288 548 1
989 405 1
1244 718 1
1725 416 1
2026 486 1
946 374 1
1387 536 1
1292 616 1
1540 63 1
1138 577 1
1055 718 1
1053 621 1
1080 608 1
1218 680 1
1363 326 1
1203 462 1
1098 601 1
1405 704 1
1061 665 1
1541 328 1
1100 435 1
1069 749 1
1379 350 1
966 600 1
1178 653 1
1575 435 1
1349 524 1
1138 499 1
1395 653 1
1124 215 1
1395 532 1
1061 746 1
1580 666 1
1734 653 1
1168 699 1
1178 546 1
1276 28 1
1984 692 1
1091 577 1
1149 325 1
1356 682 1
1248 171 1
1065 439 1
1349 386 1
1464 653 1
1607 749 1
948 627 1
1686 650 1
1268 315 1
1886 234 1
1900 234 1
1244 699 1
1203 721 1
1075 198 1
1218 2 1
1416 457 1
969 552 1
1457 639 1
1288 656 1
1686 286 1
1055 32 1
1346 632 1
1261 682 1
1423 699 1
1069 689 1
1154 94 1
1130 394 1
1026 721 1
1522 56 1
1461 669 1
1026 207 1
1192 299 1
1032 653 1
1493 577 1
1100 1 1
959 629 1
1061 676 1
1209 479 1
982 186 1
1992 624 1
966 454 1
1031 85 1
993 749 1
1269 699 1
1301 488 1
1157 585 1
1960 548 1
1834 472 1
1324 479 1
951 455 1
1367 554 1
1213 574 1
1416 121 1
1679 632 1
1335 472 1
1694 673 1
1270 579 1
1055 479 1
1065 441 1
2564 550 1
1636 484 1
1079 721 1
1265 608 1
2006 574 1
1798 363 1
1603 452 1
1541 145 1
1605 593 1
1097 536 1
945 749 1
1220 699 1
1588 458 1
1160 207 1
1101 659 1
1116 659 1
1126 559 1
1354 643 1
1523 642 1
986 218 1
1145 601 1
1061 669 1
1881 724 1
1086 749 1
1350 648 1
1263 270 1
1077 503 1
1233 580 1
1071 398 1
2471 676 1
2039 624 1
1427 625 1
1981 385 1
1266 593 1
1512 593 1
1234 130 1
1622 624 1
1512 751 1
1622 387 1
1124 452 1
1262 640 1
1535 666 1
1383 405 1
1065 94 1
1196 749 1
1679 212 1
986 416 1
1462 452 1
1424 625 1
1507 617 1
1548 398 1
1171 532 1
1516 653 1
1079 328 1
1467 298 1
1572 296 1
1627 404 1
1435 426 1
1649 632 1
1183 627 1
966 710 1
1467 666 1
1157 536 1
1664 671 1
1560 254 1
1367 629 1
1097 601 1
1653 455 1
1311 756 1
1071 669 1
1023 178 1
1220 635 1
1144 274 1
1079 532 1
1673 627 1
1634 499 1
1033 498 1
1395 286 1
1949 585 1
1230 611 1
1213 482 1
1172 337 1
1062 622 1
1633 718 1
1072 621 1
1418 536 1
1559 313 1
2215 476 1
1156 452 1
1572 527 1
1548 666 1
1607 326 1
1178 346 1
1141 618 1
1684 503 1
1006 217 1
1175 442 1
1863 640 1
1026 618 1
1244 669 1
1144 416 1
1643 62 1
1528 639 1
1032 298 1
1410 548 1
1071 62 1
1692 435 1
1680 585 1
1683 180 1
1120 326 1
2599 682 1
1055 484 1
1834 514 1
945 276 1
1120 457 1
1349 168 1
1363 618 1
1233 284 1
1471 756 1
1634 410 1
1286 501 1
1983 459 1
958 527 1
1603 474 1
1705 682 1
1071 326 1
1129 457 1
1230 531 1
970 474 1
1463 643 1
1105 363 1
1944 22 1
1347 648 1
1510 22 1
1686 653 1
2320 648 1
1686 203 1
1395 195 1
1195 499 1
1263 699 1
1717 58 1
1244 639 1
1226 99 1
1605 553 1
1418 458 1
1089 546 1
1033 316 1
988 532 1
1559 452 1
1808 634 1
1107 650 1
1541 627 1
1157 568 1
1098 650 1
1213 600 1
1027 682 1
1243 611 1
1581 374 1
1346 59 1
945 635 1
1120 618 1
988 316 1
1026 650 1
1130 496 1
1349 493 1
1869 532 1
1192 751 1
988 474 1
1213 659 1
1172 645 1
1575 615 1
1178 632 1
1114 10 1
1069 648 1
1124 457 1
1419 607 1
1435 292 1
2281 749 1
1192 363 1
1263 599 1
1679 749 1
1010 554 1
1770 145 1
1248 575 1
1069 207 1
1311 58 1
1013 741 1
1098 749 1
1033 350 1
1350 749 1
1182 272 1
1265 130 1
2176 682 1
1095 749 1
1906 676 1
1992 718 1
1379 741 1
1174 328 1
1020 627 1
1244 646 1
1210 724 1
970 514 1
1233 637 1
1431 608 1
1960 624 1
1249 751 1
1424 198 1
959 670 1
1259 701 1
1065 555 1
1050 634 1
1604 608 1
1335 621 1
1349 58 1
1192 449 1
1170 472 1
1010 416 1
1656 234 1
1597 567 1
1116 435 1
1886 682 1
1209 554 1
1141 59 1
1002 715 1
1244 608 1
1832 599 1
1052 459 1
1300 83 1
1026 642 1
1212 532 1
1116 397 1
947 682 1
2564 644 1
1248 720 1
1356 692 1
1633 696 1
1347 346 1
966 618 1
1089 301 1
981 385 1
1405 207 1
1113 514 1
1154 536 1
1997 128 1
1212 611 1
1301 665 1
1015 648 1
1367 593 1
1575 498 1
1575 627 1
1100 715 1
1033 479 1
1154 58 1
1259 676 1
970 503 1
1777 320 1
2034 741 1
2084 642 1
1552 650 1
1411 374 1
1033 56 1
1078 478 1
1230 329 1
1081 498 1
1031 629 1
1918 642 1
1688 121 1
1595 479 1
1031 65 1
959 593 1
958 473 1
1671 385 1
1017 394 1
2013 249 1
1431 103 1
1098 376 1
1124 704 1
1347 398 1
2084 536 1
1603 253 1
1781 524 1
1116 676 1
1354 682 1
2068 553 1
2068 524 1
1419 617 1
1406 618 1
1580 313 1
1194 540 1
1160 346 1
1182 666 1
1686 666 1
1265 464 1
1363 290 1
1374 648 1
1692 552 1
1203 681 1
1226 548 1
2059 536 1
1050 1 1
1354 648 1
1237 498 1
1512 313 1
2010 618 1
1790 374 1
1753 682 1
1035 527 1
1116 608 1
1706 221 1
958 457 1
1881 754 1
1556 524 1
1010 128 1
1263 503 1
1230 458 1
1033 395 1
1213 769 1
1169 648 1
1653 87 1
1065 634 1
1182 553 1
1510 577 1
1939 720 1
1751 416 1
1699 650 1
1464 315 1
1604 639 1
951 514 1
1347 536 1
960 209 1
1373 704 1
1930 671 1
1990 145 1
2055 59 1
1939 173 1
1634 431 1
1113 454 1
2084 276 1
1196 715 1
1997 416 1
1484 472 1
1379 94 1
1734 640 1
1071 682 1
1032 452 1
1183 457 1
1065 680 1
1116 629 1
1069 554 1
1379 498 1
1002 627 1
1311 405 1
1464 385 1
1706 771 1
1194 435 1
1141 653 1
1374 514 1
1097 659 1
1313 477 1
1406 527 1
1834 276 1
1097 6 1
959 454 1
2129 618 1
1266 416 1
1220 381 1
1900 328 1
1263 695 1
1784 601 1
1634 724 1
1095 554 1
1062 577 1
1605 189 1
1823 749 1
1528 621 1
1428 524 1
971 387 1
947 346 1
1714 234 1
1535 624 1
1528 340 1
1528 585 1
1675 477 1
1576 288 1
945 467 1
1259 665 1
1195 270 1
1566 59 1
1301 234 1
1683 577 1
1010 452 1
1347 749 1
1149 211 1
1464 648 1
1890 363 1
1378 275 1
959 682 1
1284 286 1
1209 710 1
1233 70 1
1230 84 1
1395 766 1
1154 640 1
1162 554 1
1061 756 1
1129 665 1
1572 706 1
1218 340 1
951 435 1
971 198 1
1116 600 1
1062 669 1
1080 452 1
2087 699 1
960 464 1
1120 320 1
1194 715 1
1514 532 1
1505 435 1
1442 659 1
1015 301 1
1279 255 1
1346 405 1
1651 536 1
2079 62 1
1916 72 1
1357 699 1
1065 638 1
1006 145 1
1116 514 1
1033 6 1
1229 699 1
1482 665 1
1634 771 1
1684 536 1
1853 724 1
1566 749 1
1741 394 1
1869 671 1
1141 452 1
1194 751 1
1416 751 1
1107 643 1
1358 488 1
2147 325 1
1078 454 1
1222 761 1
1078 406 1
1072 746 1
1510 405 1
1130 638 1
1313 59 1
2104 514 1
1233 761 1
1336 719 1
2384 682 1
1174 648 1
1230 777 1
1071 212 1
1799 527 1
1927 435 1
1031 601 1
1533 398 1
1522 653 1
1808 542 1
1101 313 1
1374 666 1
958 503 1
1890 532 1
1248 682 1
966 452 1
1960 759 1
954 514 1
1023 739 1
1636 215 1
1827 696 1
1568 642 1
1176 650 1
1584 435 1
1162 405 1
1368 435 1
1100 374 1
1532 625 1
1243 724 1
951 6 1
1347 642 1
1230 503 1
1803 145 1
1686 647 1
2009 405 1
1464 469 1
1196 168 1
1249 111 1
1065 749 1
1626 676 1
1431 766 1
1692 444 1
1053 699 1
1694 133 1
1908 571 1
1686 719 1
1431 751 1
1010 340 1
1091 761 1
1055 554 1
2336 721 1
1160 554 1
1196 580 1
1979 472 1
1671 406 1
959 542 1
1263 615 1
1584 645 1
1680 94 1
1105 158 1
1218 128 1
1311 207 1
1023 640 1
1625 424 1
1889 474 1
1284 585 1
1418 387 1
1100 249 1
945 613 1
1419 665 1
1010 579 1
1213 220 1
1524 387 1
1226 665 1
1066 472 1
1996 301 1
1760 405 1
1061 661 1
1233 406 1
945 676 1
1097 328 1
1101 224 1
945 643 1
1349 536 1
1673 618 1
1183 472 1
1262 627 1
1069 435 1
1113 58 1
1457 573 1
1262 385 1
1817 616 1
1265 224 1
1284 628 1
1010 643 1
1233 704 1
1335 221 1
948 286 1
1356 416 1
1130 198 1
1098 704 1
1026 715 1
1027 97 1
1031 682 1
1416 395 1
1120 621 1
1160 457 1
1129 548 1
987 472 1
1457 553 1
1220 121 1
1078 195 1
1032 771 1
1035 650 1
1692 459 1
1516 682 1
1870 715 1
1759 642 1
1300 671 1
951 249 1
1301 721 1
1301 328 1
1378 405 1
1649 698 1
1055 624 1
1065 158 1
986 221 1
1692 626 1
1301 766 1
1263 173 1
1065 554 1
1471 11 1
1622 687 1
1778 682 1
1483 681 1
1144 527 1
1226 768 1
1707 582 1
1550 354 1
2475 642 1
951 719 1
1162 435 1
1512 627 1
1734 276 1
1643 721 1
1069 243 1
1250 720 1
1186 239 1
1026 653 1
1027 771 1
1244 724 1
1138 328 1
1346 313 1
1512 788 1
1336 642 1
1130 472 1
1667 788 1
1649 211 1
1427 766 1
1786 532 1
1026 766 1
1138 452 1
2161 671 1
1071 209 1
1443 608 1
951 470 1
1516 328 1
1634 145 1
1673 457 1
1406 452 1
1066 756 1
1472 387 1
1113 97 1
1021 766 1
1356 234 1
1367 503 1
993 290 1
984 478 1
1116 254 1
1049 653 1
1347 650 1
1289 720 1
1972 682 1
1170 234 1
1033 474 1
1069 621 1
1141 710 1
1138 299 1
1483 621 1
1393 498 1
1826 548 1
1183 539 1
1100 178 1
1220 669 1
1888 749 1
1464 682 1
1095 640 1
1103 715 1
1027 435 1
1584 539 1
1032 128 1
1694 420 1
1750 234 1
1230 407 1
1819 770 1
1463 6 1
1266 782 1
1781 749 1
1149 398 1
1694 701 1
1315 639 1
2002 94 1
1435 6 1
1443 406 1
1603 454 1
966 391 1
1079 145 1
1103 749 1
1457 420 1
1409 682 1
1953 145 1
1301 777 1
993 648 1
1145 493 1
1992 682 1
1222 768 1
1442 661 1
948 198 1
1958 363 1
1237 454 1
1863 467 1
1069 642 1
1194 625 1
1419 422 1
1929 634 1
1055 265 1
1680 751 1
951 778 1
1675 642 1
1013 661 1
1261 109 1
1424 751 1
1424 653 1
1467 650 1
1419 467 1
1036 715 1
1463 313 1
1467 653 1
1230 316 1
1116 650 1
1105 128 1
1995 637 1
976 94 1
1158 407 1
1356 67 1
1834 609 1
1363 751 1
1259 646 1
1424 788 1
1634 400 1
951 299 1
1784 634 1
1049 749 1
1259 720 1
1416 87 1
1263 608 1
1760 648 1
1186 794 1
958 420 1
1010 648 1
982 363 1
966 629 1
1213 507 1
1178 442 1
1276 574 1
1169 276 1
1289 448 1
1182 749 1
2034 407 1
1741 627 1
1301 593 1
1431 530 1
1311 109 1
2078 474 1
1338 145 1
1138 559 1
1268 669 1
1968 695 1
1160 650 1
1675 145 1
1138 698 1
1506 627 1
1428 499 1
2395 567 1
959 136 1
2006 720 1
1027 565 1
1284 768 1
986 239 1
1196 395 1
1249 570 1
1244 676 1
1819 372 1
1510 536 1
1079 452 1
1015 62 1
1535 501 1
1196 682 1
1512 459 1
2217 778 1
1026 472 1
1688 735 1
1186 461 1
1075 704 1
1550 225 1
2390 234 1
1178 195 1
1284 687 1
1754 627 1
1053 595 1
1172 407 1
1158 761 1
1080 484 1
1817 416 1
1287 414 1
1505 406 1
1633 755 1
1116 795 1
1062 794 1
1129 788 1
1336 128 1
1078 640 1
1061 795 1
1697 756 1
1138 567 1
1276 759 1
1175 648 1
1186 771 1
1171 638 1
1627 782 1
1095 577 1
1141 121 1
1534 276 1
1595 741 1
1356 101 1
1535 486 1
1506 435 1
1055 15 1
1692 570 1
1244 721 1
2447 642 1
1541 665 1
1353 249 1
1311 795 1
1120 218 1
1418 645 1
1395 542 1
1269 637 1
1244 432 1
1237 749 1
2161 374 1
1958 599 1
1427 607 1
1087 665 1
1534 546 1
1958 642 1
1175 746 1
1622 507 1
1174 698 1
1419 595 1
1080 536 1
1754 621 1
1145 372 1
1311 642 1
1182 524 1
1799 666 1
1424 608 1
1162 406 1
1412 643 1
1071 653 1
1071 575 1
1262 416 1
1249 696 1
1126 325 1
1300 474 1
1457 698 1
1288 696 1
1220 735 1
1354 87 1
1130 542 1
1686 374 1
1364 301 1
1055 540 1
1226 363 1
1069 192 1
970 476 1
945 798 1
1956 609 1
1144 643 1
1130 398 1
2210 358 1
995 788 1
2017 617 1
1657 536 1
1442 536 1
948 94 1
1129 276 1
945 637 1
1066 542 1
1419 715 1
1367 454 1
1636 94 1
1942 798 1
1138 326 1
1023 665 1
1071 198 1
2009 288 1
986 405 1
1244 168 1
1129 454 1
1276 486 1
1098 625 1
1301 48 1
2334 782 1
1203 682 1
1160 760 1
1262 676 1
1378 650 1
1263 507 1
1045 70 1
1263 665 1
1883 180 1
1087 642 1
1634 735 1
1575 593 1
1061 486 1
1980 795 1
1265 524 1
1634 755 1
1636 788 1
951 457 1
1414 275 1
1939 695 1
1580 795 1
959 582 1
1077 236 1
1171 623 1
1742 328 1
1071 644 1
1220 432 1
1036 756 1
1218 798 1
947 548 1
1213 532 1
1095 101 1
1103 416 1
1667 593 1
1116 648 1
1705 593 1
1176 670 1
1424 536 1
1183 476 1
1175 405 1
954 467 1
1129 130 1
2246 486 1
1759 680 1
1138 514 1
976 524 1
1437 536 1
1026 484 1
1268 294 1
1253 443 1
1989 122 1
1686 381 1
1461 666 1
1266 740 1
1149 788 1
1149 643 1
1863 387 1
1672 405 1
1026 666 1
1777 622 1
1411 629 1
1799 615 1
1244 759 1
1079 766 1
1686 754 1
1292 775 1
1230 802 1
951 689 1
1983 253 1
1347 638 1
1033 407 1
2255 642 1
945 371 1
1230 775 1
1194 689 1
1604 593 1
1442 398 1
1320 642 1
948 645 1
945 290 1
1160 642 1
1572 735 1
1098 299 1
1259 634 1
1031 715 1
1095 798 1
945 770 1
1160 777 1
1087 313 1
1248 724 1
1175 671 1
1514 682 1
1087 601 1
1248 140 1
1634 777 1
1078 766 1
1953 608 1
2154 457 1
1367 682 1
1520 442 1
1105 593 1
1144 272 1
1111 682 1
1031 621 1
1838 621 1
1310 766 1
1058 676 1
1165 699 1
1349 268 1
1301 608 1
1965 405 1
1680 749 1
1679 715 1
1699 416 1
1213 720 1
945 618 1
1113 648 1
1183 299 1
1105 600 1
1424 617 1
1026 804 1
2097 76 1
1269 685 1
1679 416 1
1556 650 1
1071 6 1
1033 328 1
1663 798 1
1212 331 1
1995 552 1
1983 710 1
1212 503 1
1061 236 1
1604 474 1
1432 645 1
1212 204 1
1407 642 1
1510 474 1
1423 799 1
976 643 1
1218 599 1
1106 301 1
1230 469 1
1493 524 1
1229 449 1
1138 613 1
1226 115 1
1471 721 1
1107 452 1
1649 225 1
1071 1 1
1249 608 1
1138 623 1
1347 625 1
1972 621 1
1950 358 1
1540 56 1
1021 215 1
1262 804 1
1424 325 1
1078 522 1
1522 268 1
2211 122 1
1129 10 1
1379 424 1
1800 751 1
1259 532 1
1270 143 1
1172 766 1
1230 593 1
1375 671 1
1464 553 1
1244 666 1
1062 254 1
1405 608 1
1006 387 1
1020 659 1
1442 648 1
1834 493 1
1643 484 1
976 59 1
1496 363 1
1097 58 1
1863 363 1
1069 624 1
1673 452 1
1130 524 1
989 435 1
1244 56 1
1095 221 1
1378 698 1
1707 599 1
1960 768 1
959 769 1
1873 699 1
1154 109 1
1603 751 1
1535 59 1
954 387 1
958 455 1
1524 593 1
1175 804 1
1263 687 1
1033 715 1
1522 394 1
1248 755 1
1287 254 1
1212 699 1
1296 676 1
954 486 1
1141 514 1
1010 398 1
1196 699 1
1431 539 1
1015 788 1
1169 374 1
1098 416 1
1100 601 1
1419 794 1
1126 659 1
1651 198 1
1196 455 1
1304 470 1
945 706 1
2154 145 1
996 532 1
1568 276 1
1142 499 1
1556 568 1
1061 807 1
1100 268 1
1778 109 1
1817 611 1
1176 407 1
1213 488 1
1230 739 1
1234 22 1
1424 798 1
1734 643 1
1130 218 1
1126 406 1
1213 467 1
1869 548 1
1021 577 1
1692 109 1
1572 432 1
1409 313 1
1759 459 1
1013 749 1
987 405 1
1120 145 1
1175 640 1
1239 416 1
1226 45 1
1154 472 1
1692 579 1
1808 642 1
1622 809 1
1683 659 1
1138 749 1
1248 681 1
1406 514 1
1983 608 1
1375 301 1
1015 405 1
1213 656 1
1352 536 1
1548 760 1
1419 609 1
1287 133 1
1233 809 1
1213 133 1
1393 363 1
993 804 1
1218 718 1
951 124 1
1652 788 1
1049 325 1
1532 632 1
1604 516 1
1100 622 1
951 484 1
1262 532 1
1141 666 1
966 785 1
1423 276 1
1595 272 1
1953 634 1
954 496 1
1078 51 1
1182 354 1
1289 509 1
1145 617 1
1349 501 1
1346 524 1
1409 807 1
1284 220 1
1515 650 1
1464 313 1
1692 817 1
1507 653 1
1622 782 1
948 532 1
1800 387 1
1230 390 1
1157 804 1
1786 454 1
1194 807 1
1416 749 1
1105 756 1
947 276 1
1522 627 1
1335 109 1
1032 476 1
1098 771 1
1506 268 1
1149 698 1
1428 420 1
959 406 1
1888 130 1
1906 539 1
1055 501 1
1699 642 1
1799 358 1
1759 530 1
1077 539 1
1505 422 1
959 680 1
1171 221 1
1461 625 1
1387 255 1
982 741 1
1622 761 1
1080 704 1
1511 435 1
1017 328 1
1692 595 1
1412 110 1
1218 236 1
1427 391 1
1461 189 1
1684 424 1
1580 627 1
1770 552 1
2559 699 1
946 292 1
1622 548 1
1026 457 1
971 627 1
1992 618 1
1186 568 1
1300 659 1
1149 567 1
1262 715 1
1653 474 1
1077 385 1
1514 788 1
1588 59 1
1032 268 1
1086 710 1
1347 788 1
2458 306 1
960 1 1
1178 642 1
982 83 1
1158 665 1
945 63 1
1378 11 1
1203 676 1
1336 276 1
1994 488 1
1573 659 1
1686 671 1
1065 536 1
1575 650 1
1226 682 1
1349 554 1
1532 313 1
1105 671 1
1664 178 1
1464 234 1
1643 224 1
1244 2 1
1821 550 1
1467 398 1
1138 788 1
1130 97 1
954 158 1
1032 530 1
1418 499 1
1162 301 1
986 354 1
1442 532 1
1170 559 1
1055 825 1
1116 715 1
1095 804 1
1183 807 1
1367 627 1
1333 601 1
1061 294 1
1540 554 1
1406 571 1
1230 88 1
1087 207 1
1035 771 1
1222 760 1
1099 650 1
1808 671 1
1580 807 1
1160 749 1
1062 770 1
1406 286 1
1101 746 1
1418 62 1
1072 653 1
1874 653 1
1194 699 1
1707 634 1
1667 642 1
1989 715 1
1322 416 1
1680 536 1
1218 637 1
1461 524 1
1097 642 1
1573 254 1
1099 593 1
2095 435 1
1673 416 1
1262 721 1
1333 749 1
1031 56 1
1673 629 1
1174 268 1
1178 567 1
1075 751 1
1015 554 1
1266 656 1
1017 128 1
1183 778 1
1496 234 1
1741 795 1
1222 829 1
1671 639 1
966 721 1
1078 749 1
1081 723 1
1622 759 1
1065 602 1
1683 788 1
1815 276 1
1896 501 1
1723 600 1
2345 189 1
1027 642 1
1994 807 1
1071 692 1
1209 715 1
959 70 1
1194 580 1
1418 469 1
1626 596 1
1461 76 1
1317 650 1
1095 486 1
1192 782 1
1062 699 1
1618 804 1
969 398 1
1786 807 1
1230 681 1
1349 804 1
1279 710 1
1673 666 1
1363 682 1
1237 178 1
1170 577 1
1138 804 1
1032 741 1
1182 682 1
1652 346 1
1154 221 1
1435 704 1
2227 145 1
1120 375 1
1170 326 1
1230 234 1
1521 642 1
2023 804 1
1462 405 1
1062 817 1
2023 622 1
1263 629 1
1156 567 1
951 659 1
1427 85 1
959 374 1
951 452 1
1590 766 1
2481 819 1
1958 580 1
1100 130 1
1679 650 1
1979 778 1
951 682 1
1171 627 1
1239 749 1
1358 474 1
1172 653 1
1182 617 1
1156 650 1
1464 474 1
951 524 1
1560 778 1
1218 407 1
1972 457 1
1395 804 1
1129 567 1
1276 735 1
1679 85 1
1270 509 1
1540 85 1
1149 474 1
1471 109 1
1113 299 1
1472 807 1
1162 532 1
2079 416 1
1066 634 1
1559 661 1
989 799 1
1770 101 1
1130 387 1
1097 639 1
1006 56 1
1006 751 1
1174 778 1
1107 623 1
1149 777 1
951 441 1
2045 374 1
969 276 1
982 746 1
1182 794 1
1023 661 1
1265 63 1
2226 798 1
1013 488 1
1065 804 1
1061 124 1
1081 634 1
969 770 1
1568 275 1
1085 804 1
1178 391 1
1442 397 1
1375 183 1
1263 568 1
1178 696 1
1535 552 1
1055 577 1
945 395 1
1734 618 1
1520 650 1
1116 459 1
1367 756 1
2011 829 1
1205 1 1
1643 682 1
1389 804 1
1270 35 1
1874 756 1
1262 457 1
1266 644 1
1349 665 1
1723 682 1
1026 741 1
1055 689 1
1006 638 1
1075 601 1
1072 804 1
1462 239 1
1770 715 1
1298 669 1
1259 416 1
1243 422 1
1080 659 1
1419 762 1
1352 609 1
1244 770 1
945 768 1
1172 749 1
1239 548 1
1443 10 1
1575 212 1
1154 804 1
1165 85 1
1186 673 1
1194 749 1
1707 632 1
1178 666 1
1972 601 1
2129 435 1
1062 593 1
1244 653 1
996 85 1
1253 816 1
1956 207 1
1097 698 1
1196 550 1
1311 524 1
1116 320 1
1522 435 1
966 275 1
1186 249 1
1174 766 1
1349 221 1
1239 770 1
1428 496 1
1387 381 1
1098 77 1
1550 659 1
1634 782 1
1055 648 1
1364 406 1
1532 407 1
1692 524 1
1120 442 1
1062 706 1
1065 406 1
1520 807 1
1229 458 1
1707 665 1
1071 766 1
969 459 1
993 477 1
1633 782 1
1597 234 1
1493 455 1
1158 457 1
2045 608 1
1431 567 1
1813 128 1
1423 840 1
989 1 1
1058 666 1
996 452 1
1324 625 1
1541 699 1
1141 392 1
1327 385 1
1116 472 1
1220 10 1
1507 798 1
1126 416 1
1651 771 1
2009 524 1
2208 416 1
1220 632 1
1510 83 1
1237 735 1
1410 218 1
1138 236 1
1174 532 1
2228 699 1
1562 524 1
1367 840 1
1953 756 1
2192 788 1
1078 650 1
1230 516 1
1467 746 1
1079 85 1
1023 700 1
1414 474 1
2421 782 1
1027 622 1
1714 457 1
1349 807 1
1788 458 1
1129 760 1
1385 802 1
1287 816 1
1354 621 1
1105 650 1
1442 326 1
1093 637 1
1471 807 1
1634 531 1
1464 766 1
1244 476 1
1808 438 1
1607 643 1
1244 802 1
1374 22 1
1335 326 1
1061 680 1
1889 666 1
989 452 1
1541 294 1
1149 387 1
948 476 1
1170 746 1
1138 653 1
1203 755 1
1823 676 1
1006 749 1
1663 795 1
1186 6 1
1095 807 1
945 435 1
1409 472 1
1213 624 1
1013 830 1
1097 346 1
1100 632 1
1138 225 1
1528 254 1
1704 255 1
1548 659 1
1930 825 1
976 406 1
1353 642 1
1081 239 1
2062 650 1
1406 608 1
1091 162 1
1425 659 1
1900 608 1
1572 634 1
1535 398 1
1010 178 1
1548 617 1
1097 527 1
1634 309 1
1815 254 1
1266 47 1
1212 829 1
1821 579 1
1266 454 1
1077 59 1
1418 607 1
1566 807 1
1707 449 1
1003 639 1
1213 834 1
1178 455 1
1692 798 1
1101 301 1
1672 286 1
1858 189 1
1307 301 1
1419 57 1
1287 782 1
1723 621 1
945 761 1
1363 766 1
1364 807 1
1395 650 1
1512 671 1
1079 756 1
2039 642 1
1692 687 1
1683 593 1
1186 205 1
1322 553 1
1220 81 1
1310 682 1
1512 682 1
1692 599 1
1144 814 1
1424 704 1
1349 751 1
1017 788 1
1095 363 1
1220 298 1
1081 422 1
1548 571 1
1550 524 1
1890 642 1
1026 830 1
1205 761 1
1114 704 1
1270 474 1
1966 567 1
1160 739 1
1521 795 1
1149 804 1
1079 804 1
1367 666 1
1437 568 1
1714 671 1
1707 653 1
948 682 1
1178 215 1
1788 118 1
986 130 1
1105 632 1
969 1 1
2017 449 1
2202 346 1
1087 807 1
1860 676 1
1428 259 1
1570 405 1
1032 270 1
1015 484 1
1182 778 1
1220 825 1
1528 807 1
1462 682 1
1156 516 1
1213 735 1
1378 766 1
1423 670 1
951 192 1
1021 371 1
1584 625 1
982 374 1
1114 406 1
1349 276 1
1006 442 1
1510 479 1
1972 653 1
1220 715 1
966 647 1
1315 452 1
1013 62 1
1364 682 1
969 435 1
969 706 1
1262 666 1
1636 457 1
1276 173 1
1652 405 1
951 499 1
1124 700 1
1085 650 1
1234 847 1
1367 785 1
1697 299 1
1226 719 1
1078 567 1
1349 176 1
1061 715 1
1259 296 1
1688 754 1
1259 484 1
1172 59 1
1349 128 1
1069 682 1
1220 624 1
947 268 1
1322 326 1
1079 840 1
1784 648 1
1106 457 1
1196 249 1
1075 766 1
971 715 1
1248 595 1
1126 710 1
1085 474 1
1069 665 1
945 807 1
1138 516 1
1195 1 1
1106 643 1
1069 313 1
1081 131 1
1649 650 1
945 554 1
1154 22 1
1182 692 1
1244 540 1
1301 719 1
1178 741 1
1182 843 1
1233 719 1
1931 782 1
1124 290 1
1098 514 1
1192 666 1
1248 488 1
1379 788 1
1033 387 1
1157 565 1
1062 455 1
958 699 1
1033 363 1
1129 847 1
1080 416 1
1823 810 1
1375 276 1
1209 807 1
1262 766 1
2462 846 1
1826 724 1
1230 629 1
1584 567 1
1349 625 1
1322 749 1
1229 416 1
1026 62 1
1915 828 1
1699 715 1
1101 416 1
1423 234 1
1160 639 1
1340 804 1
1178 682 1
1522 682 1
948 771 1
1065 636 1
1120 666 1
1550 328 1
1699 70 1
1276 362 1
1226 834 1
1411 478 1
1203 221 1
954 406 1
1375 746 1
1130 412 1
1031 639 1
1363 298 1
1106 760 1
1405 452 1
1533 85 1
1692 178 1
1347 798 1
1015 435 1
1126 749 1
1065 699 1
1463 666 1
1091 313 1
1237 540 1
1144 795 1
1053 472 1
1559 843 1
1672 648 1
1425 848 1
1463 553 1
1353 756 1
1183 407 1
1347 647 1
1013 715 1
1045 622 1
1482 724 1
1395 788 1
986 751 1
1953 851 1
1114 527 1
1213 828 1
1541 472 1
1634 798 1
1157 647 1
1172 804 1
1065 653 1
976 567 1
1428 385 1
1742 788 1
1817 637 1
971 851 1
1229 680 1
1866 634 1
1409 840 1
1091 671 1
1462 276 1
1169 837 1
1688 168 1
948 301 1
2109 595 1
1218 837 1
1375 638 1
1071 623 1
1175 642 1
1226 770 1
1234 268 1
1759 618 1
1287 755 1
1296 782 1
1071 407 1
1233 813 1
1061 671 1
1061 749 1
1085 767 1
1956 643 1
1095 424 1
1311 798 1
959 689 1
1130 854 1
1013 848 1
1175 600 1
1174 600 1
1230 616 1
1045 387 1
1160 645 1
2009 840 1
1484 788 1
1510 846 1
1126 573 1
1091 699 1
1311 659 1
1995 286 1
1023 484 1
984 648 1
1203 704 1
1923 854 1
1800 452 1
1799 405 1
1237 637 1
1023 746 1
1874 648 1
1535 715 1
1340 299 1
1105 627 1
1262 829 1
1357 648 1
1233 459 1
1759 552 1
1061 207 1
1145 682 1
2011 458 1
1419 854 1
2138 405 1
1013 601 1
1087 849 1
1559 639 1
1378 749 1
945 503 1
1931 851 1
1560 749 1
1165 794 1
1069 760 1
2224 130 1
1124 340 1
1443 854 1
1315 593 1
1091 320 1
1699 751 1
1270 782 1
1157 607 1
1972 87 1
1065 621 1
1656 788 1
1540 245 1
1013 618 1
1313 582 1
2588 782 1
1310 642 1
1120 659 1
1176 301 1
1101 804 1
1389 802 1
1324 224 1
1249 695 1
966 640 1
1138 830 1
1649 807 1
1023 650 1
2037 524 1
1213 400 1
1031 854 1
1622 824 1
1149 846 1
1301 639 1
1220 470 1
1680 615 1
1203 531 1
1994 785 1
1269 828 1
1506 158 1
1367 615 1
996 766 1
1352 852 1
1194 624 1
1896 189 1
1347 122 1
1154 245 1
1327 642 1
1116 849 1
1116 704 1
1692 689 1
1688 788 1
1754 472 1
1055 859 1
980 846 1
1162 682 1
1270 724 1
945 486 1
1482 820 1
951 706 1
1858 179 1
1670 642 1
1349 699 1
1694 418 1
1340 622 1
947 756 1
1541 653 1
1276 768 1
1176 715 1
1349 552 1
1138 571 1
1080 846 1
1156 607 1
1406 381 1
959 340 1
1560 666 1
1604 455 1
1013 650 1
1419 582 1
1145 268 1
945 632 1
1595 639 1
1071 452 1
1671 405 1
1423 391 1
1347 846 1
1686 795 1
1213 775 1
1409 798 1
966 830 1
2502 585 1
1230 459 1
954 788 1
1237 582 1
1535 455 1
1373 398 1
945 804 1
1154 397 1
1053 665 1
1265 435 1
1572 391 1
1089 843 1
1618 766 1
1065 623 1
1870 435 1
1953 553 1
1175 749 1
1091 496 1
1015 542 1
1033 22 1
1061 499 1
1522 659 1
1262 328 1
962 585 1
1442 524 1
1353 854 1
1220 599 1
1213 61 1
1651 488 1
1065 682 1
1120 638 1
2170 467 1
1375 286 1
1065 778 1
1683 643 1
1213 751 1
1162 788 1
1050 593 1
1622 856 1
1815 642 1
1356 283 1
1697 828 1
1437 766 1
1222 286 1
1233 302 1
1800 666 1
1075 659 1
1349 847 1
2613 782 1
1358 524 1
1248 178 1
1086 798 1
1220 839 1
1686 718 1
1078 381 1
2003 81 1
1412 577 1
1686 472 1
1692 841 1
1512 804 1
1066 854 1
1618 846 1
1015 864 1
1510 682 1
1442 625 1
2161 346 1
1182 85 1
951 45 1
1580 650 1
1154 601 1
1519 653 1
1352 864 1
1692 751 1
1182 847 1
1725 435 1
1528 848 1
2082 807 1
1186 139 1
1965 567 1
1141 292 1
959 648 1
948 363 1
1419 540 1
1194 829 1
1363 524 1
1212 294 1
1367 268 1
1269 770 1
1120 767 1
1086 254 1
1313 435 1
1387 276 1
1078 645 1
1643 416 1
966 286 1
1075 474 1
1069 234 1
1259 542 1
969 741 1
1062 103 1
1036 643 1
1101 777 1
1823 718 1
1262 212 1
1194 458 1
1346 622 1
1027 122 1
1262 301 1
1270 832 1
1250 798 1
1414 642 1
1419 839 1
1464 328 1
1777 532 1
966 573 1
1684 585 1
1817 771 1
1116 851 1
1062 852 1
1138 579 1
2455 782 1
1301 85 1
945 650 1
1052 435 1
1520 600 1
1065 507 1
1269 756 1
2126 110 1
1707 847 1
1532 268 1
1287 775 1
995 627 1
1603 682 1
1651 503 1
1141 553 1
1664 682 1
1956 593 1
1172 650 1
969 859 1
1270 810 1
1160 395 1
1100 548 1
1171 830 1
1058 454 1
1982 782 1
1944 276 1
1103 843 1
1927 788 1
1003 10 1
1559 848 1
1233 455 1
1212 643 1
1869 854 1
1065 788 1
1347 804 1
1467 338 1
1027 639 1
1144 650 1
1770 768 1
1300 65 1
1520 682 1
1265 857 1
1259 782 1
1239 624 1
1442 840 1
1154 862 1
1960 532 1
1265 575 1
1607 840 1
2017 498 1
1572 837 1
945 493 1
1375 766 1
1667 405 1
1393 843 1
1468 48 1
1233 820 1
2235 825 1
1171 843 1
1903 682 1
1965 234 1
1116 669 1
1699 749 1
1095 843 1
959 817 1
1349 851 1
1203 268 1
1230 527 1
971 87 1
1033 682 1
2034 682 1
1367 846 1
1109 299 1
1253 313 1
2049 818 1
1080 462 1
1424 848 1
1834 145 1
1467 542 1
951 276 1
1958 761 1
1172 22 1
1071 2 1
1416 825 1
1427 846 1
1395 128 1
1324 653 1
1120 749 1
1506 472 1
1652 62 1
1427 532 1
1540 290 1
1234 59 1
1071 862 1
1032 215 1
1510 106 1
945 710 1
1284 79 1
2147 766 1
1226 265 1
1322 554 1
1520 798 1
2331 405 1
1688 503 1
1220 349 1
1006 254 1
1301 862 1
1683 130 1
1097 553 1
1467 325 1
1196 768 1
1213 710 1
1406 565 1
1071 807 1
1387 846 1
1230 680 1
1357 843 1
1212 32 1
966 207 1
1622 804 1
1597 426 1
1230 558 1
1652 864 1
1002 659 1
1192 624 1
1203 804 1
1692 853 1
1141 527 1
1262 854 1
1414 643 1
1423 298 1
1311 478 1
1061 777 1
1150 868 1
2022 387 1
2390 864 1
1015 771 1
1035 457 1
1109 642 1
1033 290 1
1540 837 1
1510 864 1
1231 854 1
1212 624 1
996 798 1
1015 798 1
1374 650 1
1550 608 1
1049 804 1
1406 6 1
1062 798 1
1230 818 1
969 680 1
1138 751 1
1912 698 1
1683 804 1
1903 94 1
1622 648 1
1270 853 1
1903 542 1
971 320 1
1442 488 1
1522 746 1
1636 87 1
1461 299 1
1443 799 1
1095 618 1
1618 814 1
1979 405 1
1075 128 1
1109 565 1
1126 493 1
1023 268 1
1287 548 1
945 296 1
1220 593 1
1244 661 1
1055 851 1
2607 782 1
1958 294 1
1101 593 1
1229 662 1
1863 176 1
1113 840 1
945 723 1
1410 59 1
948 659 1
1572 840 1
1297 126 1
1707 168 1
1203 609 1
2206 608 1
1099 798 1
1416 452 1
1209 795 1
1116 118 1
1409 749 1
1866 637 1
1664 710 1
1409 698 1
1171 864 1
1095 852 1
2202 299 1
1301 653 1
1605 650 1
1230 625 1
1244 740 1
1307 851 1
1385 254 1
1636 290 1
1692 195 1
945 130 1
976 854 1
1186 473 1
1033 710 1
1674 828 1
1507 648 1
1297 841 1
1827 574 1
1356 869 1
1174 746 1
1367 642 1
1032 236 1
1512 868 1
1603 670 1
1686 851 1
1010 840 1
1385 56 1
1626 760 1
2028 424 1
1988 846 1
1229 735 1
1237 595 1
1265 839 1
1425 301 1
1286 813 1
966 394 1
1979 682 1
1220 643 1
1557 830 1
1578 585 1
1516 435 1
1230 841 1
1243 880 1
1150 622 1
1002 328 1
1129 682 1
1870 665 1
1374 474 1
989 407 1
1419 741 1
1176 880 1
1622 372 1
1061 840 1
2061 825 1
1416 59 1
1017 476 1
1281 685 1
1072 715 1
1116 542 1
1186 695 1
2258 851 1
1263 448 1
951 387 1
1165 501 1
1144 648 1
1367 622 1
969 832 1
945 488 1
1230 474 1
1349 862 1
1077 881 1
1572 374 1
2017 405 1
1061 854 1
1178 618 1
1566 846 1
971 671 1
1142 567 1
1367 881 1
1106 788 1
2475 864 1
1375 749 1
1114 640 1
1162 372 1
1218 416 1
1031 798 1
1484 621 1
1324 536 1
1994 847 1
1349 622 1
976 405 1
971 871 1
1262 719 1
1790 869 1
1107 767 1
1634 414 1
1482 294 1
1535 83 1
1310 593 1
1026 749 1
1462 198 1
958 624 1
1401 721 1
945 621 1
1464 846 1
1424 749 1
1643 665 1
1815 580 1
1013 721 1
959 837 1
2079 627 1
993 659 1
1055 629 1
1541 624 1
1595 474 1
1142 855 1
1349 198 1
1322 766 1
1534 814 1
1888 653 1
959 849 1
2059 239 1
1087 621 1
1523 788 1
1532 843 1
2249 405 1
951 247 1
1105 346 1
966 650 1
951 834 1
1595 880 1
1643 11 1
1923 442 1
1512 661 1
1061 454 1
1091 665 1
1874 57 1
1097 829 1
1077 189 1
1158 862 1
1823 669 1
1595 629 1
1239 880 1
1994 846 1
1416 484 1
1347 830 1
1870 45 1
1145 671 1
1053 432 1
1027 585 1
1904 828 1
1467 14 1
1777 880 1
1407 392 1
1468 846 1
1263 128 1
1535 593 1
1311 553 1
1006 804 1
1652 751 1
1411 682 1
1633 186 1
945 868 1
1050 666 1
1424 59 1
1692 769 1
1026 577 1
1213 666 1
1138 57 1
1105 715 1
1052 847 1
1175 643 1
1675 405 1
1210 126 1
1607 881 1
1006 457 1
1240 782 1
2022 622 1
1378 751 1
1244 768 1
2559 807 1
1400 81 1
1138 457 1
1393 524 1
1149 830 1
1289 676 1
1437 798 1
2028 601 1
1560 882 1
959 424 1
1719 864 1
2596 782 1
1289 775 1
1972 479 1
1095 770 1
1354 552 1
1557 666 1
2062 881 1
1055 666 1
2010 642 1
1523 476 1
1079 326 1
1395 59 1
1932 644 1
1373 788 1
969 555 1
1172 442 1
1974 642 1
1124 881 1
1692 755 1
1220 596 1
1080 567 1
1418 843 1
1622 770 1
1141 778 1
951 770 1
1734 830 1
1270 628 1
1101 650 1
1248 851 1
1363 848 1
1129 848 1
1010 474 1
1175 798 1
1424 350 1
1472 406 1
1062 618 1
2014 58 1
1367 848 1
948 886 1
993 881 1
1932 442 1
1170 215 1
1346 843 1
954 804 1
1142 862 1
1233 837 1
1002 788 1
1035 868 1
1160 846 1
984 715 1
2147 659 1
1960 851 1
1033 868 1
1032 579 1
954 828 1
1419 735 1
1244 531 1
1262 274 1
1798 405 1
2324 662 1
1692 820 1
948 22 1
951 296 1
1418 6 1
1162 268 1
2214 798 1
1078 864 1
2078 470 1
1144 593 1
1220 859 1
1157 503 1
1427 594 1
1230 740 1
1144 788 1
1493 788 1
945 424 1
1989 94 1
1105 778 1
1603 846 1
1298 640 1
1169 847 1
1649 840 1
2006 405 1
1002 682 1
1428 749 1
1653 666 1
1734 435 1
1471 488 1
1491 50 1
1265 111 1
1071 634 1
2229 804 1
1995 749 1
1233 854 1
1230 294 1
1692 580 1
1230 825 1
1636 207 1
947 751 1
1182 601 1
1607 392 1
1269 595 1
1979 650 1
1699 880 1
1686 189 1
1442 338 1
1467 749 1
1815 207 1
1053 851 1
1692 414 1
1027 846 1
1036 846 1
1349 854 1
1203 813 1
1367 648 1
993 514 1
1130 532 1
1168 568 1
1346 650 1
1373 301 1
2255 885 1
966 864 1
1249 354 1
959 624 1
1510 643 1
1406 840 1
1212 645 1
1300 643 1
1614 617 1
1354 56 1
1095 59 1
1105 472 1
1428 648 1
1104 868 1
1174 435 1
1212 854 1
1889 840 1
1077 666 1
1154 885 1
1652 846 1
1213 884 1
1259 673 1
1265 824 1
1349 885 1
1055 721 1
1541 852 1
1886 642 1
954 851 1
1622 615 1
1174 862 1
1126 488 1
1114 617 1
1262 397 1
1212 710 1
1515 749 1
1821 813 1
1020 391 1
1234 851 1
1958 385 1
1032 647 1
1226 109 1
1618 622 1
1535 601 1
1071 386 1
1233 852 1
1213 288 1
1033 59 1
1834 203 1
1653 771 1
1572 768 1
1069 15 1
1734 881 1
1013 659 1
1375 532 1
1979 868 1
1630 621 1
1077 749 1
1576 704 1
1013 59 1
1419 387 1
2170 782 1
2439 385 1
1821 609 1
2049 782 1
1250 874 1
1725 886 1
1464 532 1
1230 782 1
1212 270 1
1819 762 1
2037 862 1
1095 848 1
1209 868 1
1263 666 1
1160 615 1
1815 542 1
1435 862 1
2542 486 1
1870 847 1
1050 735 1
1266 884 1
966 435 1
1595 459 1
2062 848 1
959 580 1
1182 234 1
1535 768 1
1230 828 1
1680 458 1
1053 397 1
1026 532 1
1172 880 1
1017 868 1
1091 886 1
1160 524 1
1532 851 1
995 457 1
1972 699 1
1679 618 1
1607 234 1
1058 643 1
1230 268 1
2235 435 1
1924 224 1
1138 669 1
1385 881 1
1707 692 1
1066 825 1
1010 798 1
1081 650 1
1576 613 1
1310 653 1
1618 843 1
1699 848 1
1324 650 1
1116 848 1
1397 130 1
1107 798 1
959 894 1
1104 886 1
1213 608 1
1053 868 1
1580 145 1
1590 617 1
1626 724 1
1284 555 1
1091 893 1
1031 749 1
1157 829 1
1972 804 1
1124 846 1
1261 846 1
2235 880 1
1230 666 1
1832 894 1
1027 354 1
1340 880 1
1515 435 1
1349 894 1
1015 661 1
1031 215 1
1142 405 1
2030 854 1
1686 749 1
1182 625 1
1101 243 1
1990 881 1
1717 375 1
1171 648 1
1576 458 1
1699 846 1
1220 439 1
966 854 1
1387 802 1
1457 645 1
2104 847 1
1172 846 1
1657 627 1
948 1 1
1194 854 1
1026 313 1
1268 255 1
1015 882 1
1207 1 1
958 857 1
2329 871 1
1171 145 1
1023 577 1
1393 484 1
1233 387 1
945 788 1
1663 804 1
1427 296 1
2006 696 1
1675 756 1
1062 847 1
1158 288 1
2030 455 1
1932 687 1
1759 718 1
1960 435 1
1958 859 1
1837 646 1
1379 756 1
2022 751 1
1105 881 1
945 79 1
1095 768 1
1055 45 1
1269 857 1
1270 261 1
1443 524 1
1239 761 1
1176 886 1
1535 632 1
1753 290 1
1259 820 1
1065 768 1
1269 113 1
2082 63 1
1347 896 1
1890 682 1
1363 385 1
1160 721 1
1244 873 1
1259 363 1
1095 457 1
1510 880 1
1107 864 1
1589 788 1
1079 881 1
1992 374 1
966 554 1
1692 63 1
2029 52 1
1106 848 1
1614 422 1
1065 637 1
1387 618 1
1210 782 1
1270 761 1
1814 825 1
1916 661 1
2409 639 1
1888 642 1
990 846 1
1002 313 1
1172 788 1
1052 896 1
1203 601 1
1174 661 1
1622 852 1
2045 846 1
1916 804 1
1298 410 1
1061 57 1
2227 782 1
1512 650 1
1541 386 1
1069 848 1
1033 666 1
1958 582 1
1344 846 1
1052 886 1
1049 882 1
2126 846 1
1781 846 1
1618 372 1
1363 886 1
1817 853 1
1965 666 1
1213 740 1
1141 749 1
1367 536 1
1301 594 1
2255 405 1
1301 214 1
1622 724 1
1066 642 1
969 682 1
1105 405 1
1124 847 1
1823 853 1
1960 825 1
1373 363 1
1196 513 1
1300 642 1
1688 131 1
1584 829 1
1157 828 1
1572 540 1
1622 807 1
1373 862 1
1850 696 1
1116 846 1
1541 880 1
1532 698 1
1393 746 1
1516 374 1
1085 881 1
1266 818 1
1367 741 1
1170 892 1
1017 807 1
2228 880 1
1823 880 1
1176 749 1
1065 862 1
1965 617 1
1395 880 1
1550 846 1
1471 374 1
1243 685 1
2014 85 1
1026 632 1
1192 387 1
1154 623 1
1981 760 1
1170 751 1
1419 629 1
1062 886 1
1212 509 1
1031 212 1
1753 788 1
1402 168 1
1229 840 1
1156 896 1
945 746 1
1799 385 1
1178 272 1
1109 585 1
1107 666 1
1605 892 1
1803 617 1
1113 723 1
1124 573 1
1284 574 1
1266 749 1
1065 647 1
1393 371 1
1080 896 1
1116 698 1
1932 813 1
1021 721 1
1095 493 1
2042 221 1
1023 548 1
1003 385 1
1023 840 1
2352 622 1
1749 798 1
1375 648 1
1170 457 1
1170 671 1
1085 642 1
945 602 1
1932 286 1
1322 457 1
1237 719 1
1141 288 1
1095 682 1
1006 22 1
1679 363 1
1158 650 1
1972 648 1
1906 618 1
1522 846 1
1062 881 1
1630 896 1
1050 145 1
1292 580 1
1555 670 1
2211 880 1
1176 846 1
1870 822 1
1261 212 1
1311 621 1
1091 854 1
1045 868 1
1062 880 1
954 498 1
2462 880 1
1354 442 1
1958 472 1
948 880 1
1301 886 1
1759 452 1
947 886 1
1212 397 1
1026 235 1
1289 617 1
951 886 1
1160 514 1
1261 454 1
1347 868 1
1673 766 1
1679 577 1
1585 568 1
1522 880 1
970 666 1
1972 868 1
1555 553 1
947 795 1
1114 6 1
1265 874 1
1203 63 1
1607 499 1
1010 454 1
1378 474 1
2227 798 1
1402 896 1
1519 276 1
1220 862 1
1032 659 1
1349 715 1
1053 567 1
1010 479 1
1622 317 1
2079 864 1
1239 689 1
1079 682 1
1667 846 1
1692 846 1
2045 751 1
1595 868 1
1097 795 1
1725 871 1
1550 406 1
1424 666 1
1023 798 1
1817 459 1
1017 892 1
1424 553 1
1293 864 1
945 794 1
1457 840 1
1023 715 1
1226 881 1
1657 896 1
1087 804 1
945 759 1
1686 706 1
1093 596 1
1699 405 1
951 255 1
986 643 1
1244 629 1
2045 848 1
1262 896 1
1124 559 1
1266 634 1
1559 804 1
1472 639 1
1347 741 1
1706 859 1
1023 532 1
1169 637 1
1482 661 1
1268 4 1
1535 891 1
1622 486 1
1284 414 1
1213 617 1
1170 503 1
2217 788 1
1956 692 1
1692 397 1
1482 751 1
1269 896 1
1120 868 1
1172 524 1
970 682 1
1522 221 1
1174 601 1
2045 524 1
1692 11 1
1126 880 1
1160 899 1
1972 769 1
1706 374 1
1965 328 1
1124 778 1
1759 882 1
1932 98 1
1182 458 1
2532 782 1
995 178 1
1288 704 1
1105 621 1
1071 892 1
1195 449 1
1103 896 1
951 802 1
1268 611 1
1045 807 1
1248 824 1
1889 751 1
948 653 1
1023 671 1
1130 407 1
1154 840 1
1725 178 1
1535 854 1
1568 804 1
1301 571 1
1130 896 1
1402 900 1
1349 577 1
1531 559 1
2045 527 1
1982 459 1
1527 387 1
1520 749 1
1055 756 1
1633 701 1
1651 607 1
1884 268 1
1379 387 1
1081 900 1
1265 798 1
1097 840 1
1363 484 1
996 585 1
1548 892 1
996 828 1
1230 309 1
1080 454 1
1560 645 1
1607 577 1
958 829 1
1575 682 1
1423 862 1
1077 804 1
1023 719 1
1233 554 1
1062 493 1
1463 788 1
1183 798 1
1483 782 1
1363 804 1
1419 634 1
1026 896 1
1182 912 1
1058 56 1
1985 912 1
1213 539 1
1072 301 1
1354 847 1
1540 885 1
945 624 1
947 63 1
1160 407 1
1120 847 1
1220 294 1
1104 749 1
1165 894 1
1066 868 1
1301 412 1
2488 798 1
1572 548 1
958 825 1
1424 532 1
1065 759 1
1182 320 1
1061 882 1
1229 839 1
982 788 1
1319 472 1
1704 472 1
1367 650 1
1284 392 1
1062 168 1
959 741 1
1263 839 1
1120 514 1
1075 608 1
1510 741 1
1427 608 1
1033 648 1
1055 862 1
1870 825 1
1178 503 1
1349 769 1
1126 795 1
1566 234 1
1683 642 1
2566 565 1
1062 718 1
1686 548 1
2211 846 1
1262 11 1
1154 666 1
1379 638 1
1209 59 1
1510 648 1
1992 99 1
1178 847 1
966 846 1
1834 682 1
1387 169 1
1170 548 1
1409 454 1
1704 802 1
1462 788 1
1322 804 1
1062 869 1
1178 493 1
1203 798 1
1671 795 1
1120 864 1
2082 659 1
1535 478 1
1154 756 1
1358 398 1
1120 698 1
1270 692 1
1077 788 1
1145 479 1
1512 647 1
1510 457 1
1020 892 1
951 32 1
1324 682 1
951 864 1
1182 840 1
1410 234 1
1015 892 1
1496 682 1
1707 593 1
969 458 1
1287 834 1
1435 474 1
1079 639 1
1033 653 1
1250 828 1
1522 892 1
1080 618 1
1891 871 1
2123 642 1
1652 892 1
1949 828 1
1017 363 1
1664 864 1
1033 746 1
1175 807 1
1675 846 1
1262 902 1
1416 804 1
1435 825 1
1340 802 1
1423 847 1
1350 804 1
1120 825 1
1367 395 1
1322 719 1
1234 907 1
1790 859 1
1630 158 1
1311 847 1
1174 28 1
1220 682 1
1231 901 1
1006 659 1
1692 582 1
1349 798 1
1168 828 1
1634 416 1
1248 810 1
1172 798 1
1705 640 1
1512 405 1
1212 824 1
1395 70 1
1349 768 1
1192 198 1
1881 615 1
1357 862 1
1055 514 1
969 648 1
1077 593 1
1432 918 1
1416 886 1
1222 891 1
1424 698 1
1653 10 1
2000 804 1
1579 617 1
1266 464 1
1182 416 1
1379 830 1
1095 834 1
1540 637 1
1105 886 1
1994 524 1
1540 70 1
1233 846 1
1680 503 1
1262 886 1
1080 766 1
1425 567 1
1336 337 1
1213 846 1
1114 840 1
1550 670 1
1437 72 1
1101 749 1
1071 854 1
1124 840 1
1124 527 1
1322 846 1
1424 846 1
1124 542 1
1033 751 1
1407 798 1
1213 582 1
1105 56 1
1106 106 1
1462 653 1
1375 195 1
1636 882 1
1416 650 1
1124 338 1
1055 575 1
1634 871 1
1590 426 1
1244 692 1
1111 868 1
1288 782 1
1100 682 1
1284 907 1
966 901 1
1120 11 1
945 438 1
1364 532 1
1156 645 1
1244 362 1
1535 907 1
1244 479 1
948 804 1
1686 751 1
1086 843 1
1061 834 1
1061 422 1
1149 426 1
1196 843 1
951 532 1
1170 756 1
954 243 1
1672 880 1
1203 816 1
1686 770 1
1707 207 1
1021 881 1
1095 637 1
1985 804 1
1428 398 1
2017 886 1
1346 454 1
1578 331 1
1870 648 1
2410 354 1
1075 918 1
1354 923 1
1237 503 1
1427 886 1
1055 65 1
1293 724 1
1886 405 1
1130 665 1
1015 276 1
1129 498 1
1874 407 1
2089 276 1
1265 810 1
1560 474 1
2009 643 1
1932 901 1
1116 577 1
1116 94 1
1367 868 1
1174 198 1
1510 650 1
1244 624 1
1684 894 1
1174 892 1
969 593 1
1707 624 1
1515 405 1
1116 912 1
1918 851 1
1784 817 1
1071 746 1
1141 627 1
1229 894 1
1301 615 1
1230 839 1
1770 795 1
1522 650 1
1346 301 1
1418 840 1
2154 864 1
1077 272 1
1178 671 1
1427 864 1
1442 189 1
1103 381 1
1212 778 1
1541 896 1
958 449 1
1349 394 1
1237 176 1
1262 788 1
1373 843 1
1983 514 1
959 416 1
1079 568 1
1178 488 1
1714 554 1
1061 653 1
1395 846 1
982 881 1
1605 568 1
1292 857 1
1626 179 1
1170 804 1
1626 851 1
1817 552 1
1175 682 1
1688 593 1
1580 886 1
1250 721 1
1808 761 1
1965 855 1
1353 788 1
969 109 1
1079 846 1
1395 807 1
1205 6 1
1506 896 1
1183 885 1
1533 900 1
1595 642 1
1284 828 1
951 852 1
1482 169 1
989 553 1
1069 854 1
2369 798 1
2023 286 1
1307 817 1
2390 751 1
1006 886 1
946 642 1
1352 822 1
1284 874 1
1113 292 1
1482 507 1
1427 650 1
1472 846 1
1109 840 1
1182 886 1
1194 22 1
1244 751 1
1604 899 1
1288 574 1
1393 455 1
1903 843 1
1183 122 1
1145 862 1
1061 893 1
1541 582 1
2200 782 1
1213 455 1
1634 701 1
1863 862 1
1171 896 1
1069 391 1
969 637 1
1287 820 1
1414 715 1
958 648 1
1144 896 1
1410 524 1
1079 932 1
1636 880 1
1379 932 1
989 358 1
1116 886 1
1706 682 1
1686 759 1
1129 527 1
1095 416 1
1944 880 1
1493 896 1
1065 455 1
1209 435 1
1049 932 1
2092 846 1
1085 601 1
1013 880 1
1065 868 1
2148 932 1
1182 110 1
2499 795 1
1979 661 1
947 595 1
1558 788 1
1925 804 1
2220 880 1
1520 795 1
1353 301 1
2417 846 1
1581 648 1
1020 896 1
1015 846 1
1157 455 1
1176 416 1
1604 472 1
1276 894 1
2079 653 1
1462 158 1
1358 896 1
2009 918 1
1071 881 1
1974 880 1
1250 444 1
1496 846 1
2345 328 1
1573 234 1
1169 868 1
1534 145 1
1905 496 1
1425 643 1
1129 749 1
1270 839 1
1435 406 1
1279 782 1
948 554 1
1663 846 1
1103 328 1
1233 616 1
1555 704 1
1367 896 1
1297 416 1
1023 575 1
1138 272 1
1033 567 1
1873 804 1
1065 247 1
1212 682 1
1065 11 1
959 594 1
1174 899 1
1230 228 1
1098 848 1
2326 782 1
1915 565 1
1965 698 1
1279 871 1
1171 788 1
1160 864 1
1205 462 1
1961 933 1
1605 704 1
1156 804 1
1174 830 1
1154 868 1
971 886 1
1357 825 1
1512 536 1
947 854 1
1443 458 1
2170 458 1
1604 665 1
1126 59 1
1972 62 1
1482 602 1
1493 363 1
1120 854 1
1192 819 1
2056 59 1
1113 666 1
1116 739 1
2147 622 1
1120 843 1
1287 105 1
1212 819 1
1437 900 1
2023 682 1
1863 585 1
1432 854 1
2009 932 1
1511 847 1
1808 938 1
1261 933 1
1406 896 1
1244 35 1
1126 575 1
1468 868 1
1002 435 1
1203 459 1
1817 721 1
1010 476 1
1692 874 1
2006 724 1
1541 501 1
2393 385 1
1162 899 1
2192 846 1
1229 854 1
1679 458 1
1243 682 1
1269 107 1
1033 394 1
1080 532 1
946 484 1
1233 874 1
1035 885 1
1268 817 1
1023 771 1
1694 404 1
1507 387 1
1144 474 1
1087 632 1
1141 739 1
2062 846 1
1813 888 1
1226 905 1
1514 524 1
1467 524 1
1515 642 1
1605 788 1
1287 616 1
1346 880 1
959 313 1
1932 882 1
1027 894 1
2104 819 1
1424 454 1
1032 621 1
1218 715 1
1013 771 1
966 331 1
1178 802 1
1116 899 1
1080 488 1
1352 771 1
1116 721 1
1808 880 1
1262 84 1
1671 846 1
1124 406 1
1863 868 1
1424 830 1
1106 622 1
966 608 1
1061 868 1
986 1 1
988 405 1
1061 825 1
946 830 1
1196 394 1
1066 301 1
1270 173 1
1808 601 1
1141 840 1
1427 767 1
969 896 1
1103 215 1
1062 892 1
1066 938 1
1363 650 1
1572 178 1
1425 896 1
984 880 1
1556 830 1
1373 235 1
1464 559 1
1442 567 1
1091 455 1
1584 899 1
1169 653 1
1031 864 1
2596 662 1
1248 486 1
1237 825 1
1210 626 1
1607 452 1
1061 881 1
1686 642 1
1311 880 1
1287 851 1
986 795 1
1511 617 1
1130 645 1
1154 807 1
2324 782 1
1411 474 1
1327 325 1
1491 871 1
1113 643 1
1997 880 1
1020 886 1
1120 739 1
1723 671 1
1471 499 1
1664 536 1
1154 622 1
1786 452 1
1540 892 1
1532 846 1
1158 795 1
2075 894 1
1684 798 1
966 871 1
1516 109 1
1100 933 1
1054 892 1
1105 648 1
2400 385 1
1055 839 1
1165 354 1
2369 934 1
2210 932 1
1512 778 1
1604 882 1
1002 943 1
1315 886 1
1109 884 1
1213 794 1
1230 424 1
1105 864 1
1261 907 1
1861 751 1
1058 296 1
1532 499 1
1239 676 1
1541 540 1
1194 899 1
1428 862 1
1169 882 1
1095 669 1
1566 650 1
1932 761 1
1627 682 1
1873 901 1
1468 59 1
1244 853 1
1817 782 1
1171 374 1
1874 27 1
1023 880 1
1175 398 1
1178 648 1
2107 825 1
1055 943 1
1218 907 1
946 864 1
2249 932 1
958 524 1
1062 145 1
988 880 1
1062 741 1
1270 130 1
1066 406 1
1081 58 1
948 854 1
1109 661 1
1349 472 1
1209 671 1
1233 701 1
1284 540 1
986 286 1
1162 618 1
1062 848 1
1175 788 1
1101 573 1
1965 848 1
1130 899 1
2202 936 1
1409 795 1
1203 853 1
1079 715 1
1657 894 1
1213 680 1
1471 234 1
1233 755 1
1218 756 1
1358 749 1
1023 536 1
1062 754 1
1634 894 1
1162 650 1
1584 918 1
1050 234 1
1532 622 1
1358 10 1
1311 472 1
1618 643 1
1332 886 1
2061 862 1
1171 715 1
2559 749 1
945 893 1
1061 862 1
1463 77 1
1157 871 1
1692 804 1
1288 894 1
1071 120 1
945 550 1
1157 639 1
1243 464 1
1507 843 1
1437 846 1
1176 600 1
1002 719 1
1416 923 1
2246 782 1
1427 854 1
1349 893 1
1463 458 1
1013 97 1
1953 283 1
1071 624 1
1226 907 1
1015 886 1
969 899 1
1103 618 1
1424 299 1
1126 608 1
1266 824 1
1622 881 1
1244 511 1
1924 532 1
1514 943 1
1595 158 1
1471 435 1
1762 936 1
1196 782 1
1911 932 1
1263 645 1
1106 316 1
1573 406 1
1176 286 1
1315 457 1
1176 943 1
2037 621 1
2161 864 1
1512 577 1
1491 582 1
1065 851 1
1575 665 1
1171 804 1
1248 532 1
1521 933 1
1410 62 1
1209 899 1
2462 788 1
1576 454 1
1367 798 1
1427 881 1
1293 646 1
948 84 1
1172 536 1
1442 901 1
1533 392 1
1364 618 1
1972 851 1
1065 298 1
948 405 1
1097 593 1
1065 58 1
1512 455 1
1138 178 1
1983 618 1
1379 899 1
1467 933 1
1790 935 1
959 647 1
1790 416 1
1087 840 1
1428 625 1
1349 718 1
1576 840 1
1772 907 1
1349 852 1
1958 647 1
1495 682 1
1229 936 1
1423 846 1
1130 474 1
1416 642 1
1069 907 1
966 627 1
1172 145 1
1023 568 1
1354 822 1
1960 782 1
1065 807 1
1416 907 1
1653 932 1
1714 618 1
1013 665 1
1823 621 1
1141 474 1
1154 625 1
1742 896 1
1555 840 1
1218 665 1
1097 374 1
1209 741 1
1124 710 1
1138 741 1
1555 474 1
951 715 1
1069 938 1
1031 751 1
2034 372 1
1572 642 1
1823 724 1
1253 699 1
1192 794 1
1176 682 1
1510 840 1
1684 917 1
970 615 1
1023 751 1
2003 880 1
1664 721 1
969 934 1
1116 710 1
1222 45 1
1461 608 1
1284 819 1
1192 768 1
1023 374 1
1347 472 1
1036 880 1
1354 665 1
1192 83 1
1300 885 1
1375 627 1
1182 864 1
1714 363 1
2078 869 1
1172 627 1
959 432 1
1427 239 1
966 704 1
1124 627 1
1932 938 1
1626 695 1
1023 346 1
1160 573 1
1385 642 1
1511 802 1
1374 14 1
1105 896 1
951 905 1
1071 935 1
1141 934 1
1416 892 1
1317 130 1
1694 856 1
1079 843 1
1262 555 1
1015 756 1
1817 832 1
1296 851 1
1387 881 1
1395 639 1
1916 454 1
1379 579 1
946 682 1
1425 299 1
1150 804 1
1027 452 1
1091 894 1
1154 749 1
1015 901 1
1098 912 1
1416 276 1
1270 894 1
1081 918 1
1414 933 1
1144 522 1
1560 854 1
1496 130 1
1021 843 1
951 627 1
959 881 1
1172 901 1
1395 778 1
1734 741 1
1142 828 1
1079 522 1
1126 766 1
1192 422 1
1229 937 1
1375 896 1
2228 896 1
1664 632 1
1262 704 1
1062 666 1
1053 498 1
954 536 1
1171 632 1
948 374 1
1310 472 1
2367 880 1
1174 472 1
1130 329 1
1170 830 1
1284 936 1
2045 795 1
1265 905 1
1244 841 1
1203 857 1
1514 932 1
1347 94 1
1169 798 1
1607 498 1
1220 79 1
1311 532 1
1262 680 1
1078 902 1
2011 640 1
1233 918 1
1663 653 1
1091 907 1
1126 397 1
1114 585 1
990 666 1
1699 881 1
1960 653 1
1702 648 1
1194 864 1
1035 435 1
1770 595 1
1061 754 1
945 896 1
1423 896 1
2566 828 1
1974 648 1
1071 834 1
1160 625 1
1301 647 1
1149 405 1
1443 846 1
1129 422 1
959 488 1
1141 488 1
2084 751 1
1250 133 1
945 864 1
1462 10 1
1213 888 1
1095 934 1
1393 881 1
1079 854 1
1463 639 1
1823 635 1
1467 699 1
1605 524 1
1684 907 1
1550 840 1
1218 183 1
1263 894 1
986 777 1
1464 579 1
1231 907 1
1400 923 1
1364 542 1
1162 864 1
1863 435 1
1425 892 1
1061 644 1
1652 896 1
1263 624 1
966 880 1
1142 829 1
1869 825 1
945 715 1
1023 514 1
1220 63 1
1141 871 1
1107 682 1
1298 782 1
1462 721 1
1750 493 1
1071 435 1
1126 864 1
1231 131 1
1079 661 1
1157 622 1
2606 782 1
951 788 1
1463 85 1
1054 846 1
1062 650 1
1590 405 1
959 635 1
1532 864 1
1419 682 1
1259 856 1
1226 788 1
1706 837 1
1186 735 1
1387 840 1
1145 198 1
1300 943 1
1178 710 1
1427 568 1
1065 15 1
1213 254 1
2350 896 1
1085 843 1
1412 474 1
1154 629 1
1062 299 1
959 830 1
1532 532 1
1085 394 1
1548 766 1
1220 874 1
1061 268 1
1091 666 1
1065 457 1
1120 391 1
1130 682 1
1575 643 1
986 715 1
1622 634 1
1349 582 1
1243 721 1
1643 243 1
2170 894 1
1154 435 1
1175 933 1
1116 259 1
1183 751 1
1062 795 1
1006 577 1
1379 807 1
1192 715 1
1230 837 1
1176 896 1
1032 840 1
1510 804 1
1398 648 1
1860 179 1
1590 788 1
1972 749 1
1651 565 1
1033 645 1
951 847 1
951 190 1
1754 880 1
1263 799 1
1033 804 1
1393 846 1
976 645 1
1692 400 1
1584 527 1
1078 881 1
1873 286 1
1032 484 1
1194 648 1
1467 627 1
1373 896 1
1126 933 1
1175 484 1
1270 905 1
1078 493 1
1213 934 1
1595 930 1
1126 851 1
1078 741 1
1126 346 1
1363 885 1
946 385 1
1356 868 1
1706 923 1
2107 391 1
1653 645 1
1686 756 1
1233 824 1
1699 804 1
1670 648 1
1013 579 1
1873 882 1
1263 539 1
1069 622 1
1065 643 1
1595 394 1
1111 56 1
1089 721 1
1414 577 1
1886 896 1
1407 899 1
1363 514 1
1114 524 1
1237 854 1
1575 840 1
1673 11 1
1457 392 1
966 766 1
1141 721 1
1367 698 1
1605 527 1
1555 326 1
1065 756 1
1367 804 1
1356 648 1
1354 577 1
2030 847 1
1243 896 1
1233 2 1
989 571 1
1896 936 1
1435 532 1
1078 62 1
1706 699 1
1461 338 1
1178 290 1
1706 458 1
1120 530 1
1065 650 1
1079 896 1
1866 854 1
1428 458 1
1105 178 1
1651 798 1
951 579 1
1065 900 1
1035 640 1
1686 741 1
1972 900 1
1226 84 1
1213 880 1
966 514 1
1346 756 1
1183 721 1
1649 795 1
995 593 1
1756 749 1
1686 45 1
1212 435 1
1521 621 1
1575 243 1
1511 868 1
966 671 1
1203 782 1
1220 880 1
1032 514 1
1065 666 1
1427 665 1
2014 385 1
1162 881 1
1130 943 1
1561 10 1
1205 721 1
1874 699 1
1169 854 1
1883 234 1
1248 881 1
2215 648 1
1883 198 1
1679 627 1
1622 646 1
1349 22 1
1683 896 1
1930 294 1
1141 659 1
1097 648 1
1183 650 1
1416 454 1
1367 719 1
2335 782 1
1078 804 1
1101 851 1
1462 846 1
1097 407 1
1015 647 1
1013 629 1
989 855 1
1172 899 1
1405 934 1
1604 559 1
1079 670 1
1079 899 1
1881 894 1
959 891 1
1754 648 1
945 458 1
1387 943 1
1431 536 1
1873 59 1
954 662 1
1023 84 1
1172 934 1
1106 639 1
1268 685 1
1066 501 1
1174 886 1
1431 918 1
1157 653 1
1363 864 1
2000 189 1
1419 868 1
1427 932 1
1250 486 1
1418 886 1
1101 932 1
1160 406 1
1622 625 1
1265 819 1
1129 270 1
1244 884 1
1770 162 1
1270 99 1
1263 659 1
1686 488 1
1124 648 1
1116 62 1
1297 179 1
1174 881 1
1259 934 1
1062 689 1
1412 804 1
1055 936 1
1692 474 1
1149 522 1
1130 778 1
948 625 1
1259 819 1
1416 671 1
1472 615 1
951 1 1
1759 595 1
1516 896 1
1905 798 1
1160 771 1
1468 881 1
1266 391 1
1683 62 1
1311 454 1
1027 648 1
1873 634 1
1162 802 1
1287 580 1
960 486 1
1062 907 1
1367 94 1
1532 751 1
1387 659 1
1863 854 1
1116 97 1
982 650 1
1098 527 1
1069 637 1
1749 666 1
1883 94 1
1622 70 1
2053 458 1
1086 751 1
1373 653 1
1428 799 1
1300 881 1
2211 653 1
1368 802 1
1178 804 1
1379 666 1
1723 653 1
1075 593 1
1725 741 1
1653 798 1
1541 807 1
1557 766 1
1395 886 1
1183 934 1
1679 405 1
1141 661 1
1622 925 1
1226 301 1
1958 917 1
1023 503 1
1192 825 1
1266 832 1
1244 920 1
2049 235 1
1162 925 1
1049 532 1
959 896 1
1069 580 1
1375 600 1
1595 886 1
1077 398 1
1055 608 1
1269 706 1
969 493 1
1505 650 1
1790 854 1
1066 893 1
1158 933 1
1870 486 1
1484 276 1
1985 65 1
1741 653 1
969 768 1
1694 840 1
1535 682 1
1622 853 1
1428 881 1
1301 617 1
1124 615 1
1664 798 1
1414 10 1
1352 669 1
1651 840 1
1186 869 1
1483 676 1
1103 622 1
1081 771 1
1759 854 1
1010 87 1
1541 882 1
1493 886 1
1262 661 1
1066 593 1
1725 405 1
1505 648 1
2059 514 1
1066 882 1
1006 766 1
2013 435 1
1229 296 1
1306 4 1
1172 868 1
1688 595 1
1471 554 1
1297 851 1
1032 798 1
1120 385 1
945 830 1
1212 937 1
1212 720 1
1244 130 1
1023 115 1
1287 70 1
1182 896 1
2099 585 1
1622 488 1
1293 240 1
1203 893 1
1985 83 1
1924 624 1
1230 881 1
1684 634 1
1065 253 1
1145 868 1
1053 493 1
1113 286 1
1091 851 1
1607 846 1
1374 499 1
1015 880 1
1506 788 1
1707 938 1
2030 936 1
1354 839 1
1262 700 1
1604 618 1
966 625 1
1367 892 1
1114 894 1
1960 109 1
1336 405 1
2161 682 1
1023 647 1
1035 751 1
1035 94 1
1248 536 1
1194 902 1
1065 847 1
1279 341 1
1980 276 1
1144 900 1
1263 476 1
995 899 1
1114 854 1
1287 896 1
1649 496 1
1262 189 1
1158 892 1
1817 488 1
969 749 1
2456 932 1
1103 671 1
1237 761 1
1950 405 1
1259 166 1
1033 756 1
1675 618 1
1354 178 1
1953 839 1
1079 622 1
1120 653 1
1015 830 1
1626 925 1
966 645 1
1575 896 1
1707 930 1
1652 577 1
1364 794 1
1407 854 1
1013 527 1
1006 618 1
1472 704 1
2431 405 1
1354 689 1
1357 286 1
2013 846 1
1262 645 1
1287 198 1
1160 766 1
958 828 1
1510 901 1
1817 841 1
1367 700 1
1684 637 1
1437 704 1
1172 882 1
1692 696 1
1079 498 1
1568 499 1
1347 881 1
1734 682 1
1375 479 1
1013 128 1
2108 798 1
1633 923 1
1572 864 1
1226 542 1
1778 900 1
946 648 1
1464 568 1
1079 666 1
1990 524 1
1069 298 1
1387 608 1
1412 6 1
1419 834 1
1079 918 1
1405 524 1
959 869 1
1772 851 1
1017 647 1
1301 385 1
1471 632 1
1142 868 1
1100 643 1
1103 346 1
969 618 1
1493 298 1
1989 846 1
1784 854 1
1472 211 1
1461 498 1
1379 766 1
1301 601 1
1374 840 1
1263 470 1
1692 724 1
1584 449 1
1410 864 1
1194 936 1
1262 593 1
1104 804 1
1622 56 1
1062 896 1
1622 841 1
1643 10 1
1561 934 1
1692 901 1
1157 474 1
1670 788 1
1010 290 1
1209 881 1
1373 840 1
1925 851 1
959 761 1
1510 665 1
1346 885 1
1762 777 1
1491 857 1
1985 648 1
1244 840 1
1512 621 1
1124 41 1
1493 880 1
1332 407 1
1129 925 1
1357 802 1
960 768 1
1182 854 1
1170 109 1
1182 665 1
1183 488 1
959 754 1
1770 881 1
1367 625 1
1532 798 1
1995 72 1
2471 782 1
1683 639 1
1416 896 1
1656 653 1
1276 920 1
1683 632 1
969 121 1
1129 653 1
1688 120 1
1078 665 1
966 479 1
1686 862 1
969 837 1
951 618 1
1213 676 1
2042 868 1
1506 682 1
1158 412 1
1079 615 1
1347 746 1
1120 575 1
1956 567 1
1013 888 1
1062 715 1
1061 735 1
2002 130 1
1218 374 1
1540 689 1
1248 273 1
1053 650 1
1324 405 1
1158 516 1
1054 933 1
1053 387 1
1584 884 1
1427 912 1
1061 602 1
1607 666 1
1079 795 1
1496 804 1
1397 617 1
1575 567 1
1284 645 1
1237 259 1
1432 846 1
1694 871 1
1239 464 1
1103 868 1
1972 294 1
1249 548 1
1071 474 1
1519 846 1
1349 647 1
1114 829 1
1725 622 1
1367 198 1
1171 442 1
1418 659 1
2541 671 1
1091 454 1
1412 224 1
1213 640 1
1532 621 1
1077 843 1
1081 699 1
969 834 1
1178 532 1
1160 847 1
1213 869 1
2095 880 1
1464 627 1
1061 624 1
1510 843 1
1636 804 1
1533 932 1
1301 122 1
1081 189 1
1006 943 1
969 795 1
1332 934 1
1308 110 1
1317 405 1
1079 601 1
1087 912 1
1932 857 1
1097 666 1
958 936 1
1095 245 1
1293 616 1
1683 532 1
1367 912 1
1212 442 1
1418 896 1
1013 394 1
1209 804 1
1890 885 1
1688 894 1
1317 600 1
1607 218 1
1032 880 1
1412 128 1
1346 766 1
1349 880 1
1113 700 1
1953 94 1
2022 896 1
1657 907 1
1141 648 1
1049 459 1
1050 881 1
1017 207 1
1182 932 1
2244 299 1
1087 846 1
1061 751 1
1023 788 1
1673 907 1
1307 788 1
1233 817 1
1493 435 1
1555 234 1
1400 847 1
1120 363 1
2422 627 1
1017 700 1
1196 454 1
1663 880 1
1124 868 1
1622 682 1
1248 771 1
1428 571 1
1322 536 1
1626 920 1
1080 642 1
1649 398 1
1533 10 1
946 435 1
1220 881 1
1205 802 1
1349 689 1
1114 661 1
1402 699 1
981 268 1
1237 859 1
1697 894 1
1301 474 1
1471 899 1
1023 862 1
1634 775 1
1212 695 1
1493 943 1
1981 934 1
1414 618 1
1178 766 1
1418 643 1
1237 624 1
1129 710 1
1349 666 1
1262 601 1
1015 198 1
1424 900 1
1289 673 1
2564 901 1
1098 665 1
1075 698 1
1467 881 1
1354 899 1
1114 918 1
1419 689 1
1120 902 1
1573 934 1
947 923 1
1129 354 1
954 79 1
1061 923 1
1519 461 1
1031 880 1
1435 798 1
1522 901 1
1032 934 1
1233 627 1
1573 643 1
1182 94 1
989 894 1
2422 880 1
995 642 1
1884 394 1
1568 807 1
1349 682 1
1462 72 1
1192 622 1
959 634 1
1784 255 1
1688 558 1
1437 650 1
969 698 1
1393 183 1
1213 669 1
1002 397 1
1912 807 1
1154 671 1
1178 629 1
1896 542 1
1293 816 1
1262 912 1
1379 871 1
1230 608 1
1379 607 1
1972 637 1
1141 912 1
1630 234 1
1116 215 1
2161 896 1
1192 653 1
1101 189 1
1653 934 1
1213 503 1
1010 235 1
1605 639 1
1120 671 1
1020 435 1
1387 374 1
1960 864 1
1178 901 1
1032 406 1
969 337 1
1356 943 1
1605 559 1
1003 405 1
1124 804 1
1923 501 1
1528 749 1
1071 371 1
1904 645 1
1178 932 1
1248 2 1
1087 698 1
1607 886 1
1627 724 1
1541 854 1
959 554 1
1031 532 1
1229 634 1
1222 374 1
1327 885 1
1055 682 1
982 864 1
1078 498 1
959 699 1
1535 788 1
1692 240 1
969 848 1
1093 1 1
1162 814 1
1035 70 1
1002 72 1
1126 76 1
1419 268 1
1324 932 1
1352 249 1
1311 751 1
1085 749 1
1692 894 1
959 770 1
995 268 1
1725 798 1
1584 666 1
1435 407 1
1636 741 1
1226 292 1
1174 896 1
1170 896 1
1066 162 1
1443 666 1
1395 933 1
1643 253 1
1622 472 1
1065 934 1
1210 35 1
1900 457 1
1230 888 1
1172 862 1
1622 880 1
1006 648 1
1706 888 1
1154 934 1
1270 770 1
1262 739 1
1097 847 1
945 698 1
951 648 1
2010 798 1
1442 932 1
1301 94 1
1157 666 1
1194 825 1
1364 435 1
1759 880 1
954 636 1
1077 848 1
1250 539 1
1077 807 1
1065 935 1
1402 176 1
1409 739 1
1482 179 1
1932 57 1
2379 886 1
1347 892 1
1158 868 1
2395 932 1
2062 843 1
1081 888 1
1956 770 1
2011 363 1
966 532 1
1032 892 1
1259 659 1
1694 676 1
1120 268 1
1103 643 1
1194 286 1
970 405 1
1335 650 1
1985 405 1
1652 659 1
1209 830 1
1026 524 1
1013 843 1
1379 613 1
1423 474 1
1679 608 1
1684 749 1
1176 313 1
1541 207 1
1532 795 1
1457 406 1
1276 853 1
1994 932 1
1541 862 1
1013 846 1
1367 474 1
1416 435 1
1464 326 1
1493 532 1
1244 926 1
1269 601 1
1423 659 1
1367 721 1
969 891 1
1220 876 1
1013 301 1
1230 573 1
1443 698 1
1149 648 1
1229 719 1
1652 524 1
1218 286 1
1081 479 1
1243 341 1
1363 130 1
1178 270 1
1604 721 1
1243 925 1
1157 918 1
969 822 1
1138 666 1
1071 943 1
1069 851 1
1379 880 1
1129 843 1
1138 41 1
951 666 1
1406 862 1
1424 902 1
1111 653 1
2056 788 1
1972 891 1
1079 710 1
1120 325 1
1425 452 1
1053 634 1
1694 718 1
2154 804 1
1168 937 1
1532 892 1
1837 724 1
1055 751 1
966 484 1
1213 810 1
1032 719 1
1817 938 1
1100 77 1
1395 885 1
1087 426 1
1111 62 1
1061 301 1
1222 885 1
1686 416 1
1130 128 1
1065 648 1
1248 902 1
1154 268 1
1874 359 1
1419 933 1
1116 893 1
1803 422 1
1154 830 1
1289 871 1
1103 659 1
1491 936 1
1354 595 1
1265 624 1
1087 499 1
945 665 1
1387 843 1
1218 854 1
1203 724 1
2037 59 1
1194 644 1
1350 825 1
1863 14 1
2151 653 1
1301 479 1
1352 868 1
1071 395 1
1657 682 1
1883 412 1
1229 891 1
1174 756 1
1087 653 1
1183 665 1
945 58 1
986 846 1
1205 847 1
1393 648 1
2062 385 1
1463 568 1
1032 885 1
1172 851 1
1100 880 1
1175 864 1
1174 455 1
1927 328 1
1954 894 1
1781 234 1
1527 933 1
1026 455 1
1393 145 1
1065 618 1
1055 894 1
2393 934 1
1120 288 1
1643 741 1
1114 235 1
1218 762 1
1958 501 1
1572 145 1
1149 559 1
1520 613 1
1418 479 1
958 63 1
951 840 1
1033 514 1
1442 846 1
954 699 1
1031 896 1
1138 435 1
1686 145 1
1144 848 1
1229 454 1
2010 846 1
1431 698 1
1065 840 1
1692 735 1
1077 766 1
1463 59 1
1322 798 1
1416 577 1
1540 550 1
1815 644 1
1233 799 1
1095 930 1
1095 665 1
1350 721 1
2077 807 1
1395 254 1
1109 1 1
1162 442 1
1154 661 1
1116 932 1
1514 846 1
959 718 1
1091 457 1
1626 681 1
1213 431 1
1186 937 1
1552 474 1
1071 567 1
1723 374 1
995 721 1
995 943 1
1065 87 1
1301 298 1
1098 932 1
1319 881 1
1335 640 1
2037 682 1
1079 749 1
1171 868 1
1958 936 1
1105 901 1
2190 933 1
1142 847 1
1098 653 1
1233 397 1
1032 715 1
1636 798 1
1268 414 1
1101 479 1
1900 474 1
1111 795 1
1908 234 1
1706 548 1
2458 782 1
1097 749 1
1095 109 1
1912 749 1
1581 788 1
2367 896 1
1003 894 1
1033 442 1
1212 846 1
1253 629 1
1817 274 1
1116 830 1
1552 567 1
1471 749 1
1063 234 1
1595 618 1
1124 514 1
1462 886 1
1077 554 1
1472 385 1
1395 760 1
1259 768 1
1590 328 1
1702 546 1
1055 822 1
1230 639 1
1144 943 1
1079 704 1
1158 719 1
1101 896 1
1346 290 1
1262 933 1
1160 669 1
1442 843 1
1287 724 1
1532 642 1
995 94 1
1520 896 1
1175 472 1
1532 536 1
1463 426 1
1532 326 1
1230 570 1
1026 234 1
1686 768 1
1033 313 1
1442 804 1
1120 892 1
1226 891 1
1512 326 1
1419 886 1
1263 819 1
1213 443 1
1261 498 1
1226 406 1
1652 682 1
1464 464 1
1218 741 1
1170 932 1
1142 896 1
1116 804 1
1031 719 1
1027 608 1
1535 627 1
1196 87 1
1032 643 1
1471 666 1
1533 363 1
969 843 1
1220 168 1
969 892 1
969 634 1
945 751 1
1124 666 1
1244 755 1
1085 85 1
1017 899 1
1182 56 1
1634 628 1
1266 723 1
1149 761 1
1373 892 1
1098 618 1
1472 881 1
2022 642 1
958 894 1
2500 405 1
1853 894 1
1410 406 1
1435 807 1
1097 218 1
1035 846 1
1268 486 1
1535 825 1
1358 766 1
2256 769 1
1692 799 1
1549 807 1
1065 871 1
1186 767 1
948 881 1
1023 756 1
1250 503 1
1349 901 1
1996 880 1
1026 253 1
1881 755 1
1604 659 1
1091 756 1
1026 847 1
1754 109 1
1266 143 1
1107 395 1
1233 579 1
1614 479 1
1270 616 1
1418 848 1
1158 640 1
1507 802 1
1903 59 1
1089 457 1
1784 852 1
1248 735 1
2089 70 1
1142 1 1
1244 810 1
1428 503 1
1605 749 1
1379 749 1
1834 813 1
1266 856 1
1212 637 1
1483 133 1
1248 239 1
1010 846 1
1634 624 1
1734 886 1
959 301 1
1262 885 1
1663 682 1
1990 886 1
1230 810 1
1349 643 1
1144 546 1
2045 234 1
1079 659 1
1229 176 1
1636 846 1
1869 682 1
1262 249 1
1535 634 1
1017 406 1
1397 933 1
1194 682 1
1657 374 1
1799 524 1
1231 457 1
1261 118 1
1493 632 1
2079 682 1
1298 695 1
1149 766 1
1346 868 1
1506 864 1
1482 207 1
1540 896 1
1183 899 1
1002 316 1
1156 659 1
1142 710 1
1270 856 1
1266 637 1
1633 410 1
1996 320 1
2395 846 1
987 864 1
1467 864 1
945 785 1
1097 478 1
2329 782 1
1212 449 1
1017 943 1
1301 527 1
1192 131 1
2511 405 1
1379 881 1
959 540 1
1622 99 1
1237 937 1
1058 214 1
1268 894 1
1129 766 1
959 623 1
951 741 1
1679 593 1
1276 464 1
1269 926 1
1023 83 1
969 457 1
1259 926 1
1540 907 1
1510 472 1
1141 830 1
1886 416 1
1192 567 1
1409 577 1
1058 932 1
1244 818 1
966 62 1
1072 643 1
1618 896 1
1416 346 1
1138 807 1
1080 650 1
1358 846 1
1673 892 1
1209 892 1
1244 701 1
959 57 1
1521 766 1
1997 642 1
1023 807 1
1069 881 1
1349 881 1
1349 593 1
1244 767 1
1065 894 1
2079 94 1
1555 932 1
1352 479 1
1015 398 1
1319 622 1
1826 611 1
1770 648 1
1699 536 1
1374 10 1
1220 662 1
1672 83 1
2011 634 1
1213 930 1
1250 902 1
971 881 1
1416 472 1
1196 894 1
1407 235 1
1930 749 1
1003 868 1
1595 933 1
1002 11 1
966 804 1
1347 643 1
1287 710 1
1269 643 1
1883 886 1
1079 527 1
2154 880 1
2435 671 1
1226 754 1
1010 741 1
1120 484 1
1113 479 1
945 609 1
1338 751 1
1464 696 1
1141 874 1
1367 472 1
1226 432 1
1692 782 1
2156 618 1
2148 847 1
1033 795 1
1095 938 1
1036 666 1
1098 751 1
1968 871 1
1220 296 1
1579 648 1
1694 873 1
1027 899 1
1890 892 1
1124 882 1
1162 422 1
1956 782 1
1266 107 1
1915 354 1
1653 751 1
1116 387 1
1212 486 1
996 843 1
1230 540 1
1886 627 1
1335 864 1
2149 932 1
2252 405 1
1572 843 1
1114 767 1
1071 782 1
1026 751 1
1353 459 1
1679 854 1
1912 426 1
1154 158 1
946 715 1
2211 659 1
1098 885 1
1511 276 1
1062 788 1
1405 854 1
1079 665 1
1692 15 1
1144 455 1
1171 807 1
958 874 1
2535 405 1
1015 843 1
1870 650 1
1737 880 1
2202 648 1
1017 618 1
1144 886 1
1772 699 1
1419 449 1
1157 932 1
1301 848 1
1105 934 1
1023 851 1
1575 536 1
1105 830 1
1307 682 1
1932 721 1
1138 391 1
1512 849 1
1760 546 1
1528 880 1
1512 896 1
1230 794 1
971 943 1
1692 616 1
1032 665 1
2011 624 1
1026 798 1
1333 934 1
2235 320 1
1363 882 1
1419 894 1
1555 912 1
1171 622 1
1230 721 1
1605 843 1
1234 669 1
1336 880 1
986 640 1
1033 234 1
1081 315 1
1203 644 1
1572 907 1
996 234 1
1158 766 1
1400 804 1
1069 825 1
1652 72 1
2039 886 1
1520 932 1
1168 503 1
1107 406 1
1178 601 1
1960 899 1
1788 276 1
1087 751 1
1349 943 1
1171 886 1
1174 650 1
1522 864 1
1104 331 1
1158 645 1
1622 493 1
1541 817 1
1886 454 1
1652 645 1
987 659 1
1427 840 1
1346 749 1
1169 932 1
1349 933 1
1195 782 1
1250 608 1
1213 63 1
948 715 1
1540 864 1
1354 706 1
1819 416 1
1266 804 1
1036 249 1
1618 802 1
1081 936 1
1015 851 1
1387 804 1
1956 847 1
1379 704 1
1435 416 1
1367 943 1
1130 493 1
969 804 1
1107 840 1
958 770 1
2131 387 1
1992 894 1
1350 851 1
1266 755 1
1182 899 1
1653 698 1
1220 239 1
986 880 1
1172 109 1
1467 692 1
959 452 1
1243 113 1
1079 457 1
1120 880 1
1020 846 1
1409 234 1
1725 682 1
1162 416 1
1512 746 1
1292 286 1
958 912 1
1183 524 1
1673 788 1
1065 769 1
1402 854 1
1213 444 1
1085 807 1
1663 650 1
986 907 1
2049 681 1
1496 795 1
1427 601 1
1071 804 1
1261 577 1
1300 298 1
1402 128 1
1753 650 1
1418 766 1
1923 624 1
1699 788 1
1603 653 1
1017 371 1
1077 239 1
1259 640 1
1079 807 1
1423 666 1
1581 94 1
1266 488 1
1077 632 1
1572 627 1
1472 650 1
1636 51 1
1138 524 1
1244 902 1
1130 900 1
1754 846 1
1226 52 1
946 880 1
1065 442 1
1427 902 1
2422 788 1
1819 818 1
989 828 1
1058 864 1
1124 741 1
1035 756 1
948 933 1
1265 892 1
1033 671 1
1081 474 1
1075 932 1
1002 749 1
1183 847 1
1230 653 1
1015 719 1
1212 476 1
1575 313 1
1276 925 1
1541 374 1
1286 851 1
1349 930 1
1248 699 1
1367 498 1
2481 782 1
1036 741 1
1356 880 1
1061 638 1
1533 886 1
1120 804 1
1054 798 1
1130 642 1
970 846 1
1510 807 1
1237 880 1
1105 746 1
1170 484 1
1071 871 1
1759 762 1
1424 741 1
1192 907 1
2045 864 1
1604 741 1
1050 349 1
1625 852 1
959 548 1
1649 391 1
1006 864 1
1507 406 1
1664 880 1
1218 852 1
1268 854 1
1349 435 1
1069 582 1
1349 759 1
1032 11 1
945 72 1
959 771 1
1936 782 1
1472 673 1
1471 458 1
1071 316 1
1015 804 1
1344 881 1
1870 640 1
1759 265 1
1226 804 1
1906 918 1
1050 864 1
1866 754 1
1939 724 1
1061 642 1
1089 934 1
1229 406 1
1649 51 1
1158 848 1
1026 746 1
1248 802 1
1643 807 1
1467 901 1
1559 892 1
1611 843 1
1484 640 1
1218 932 1
1087 798 1
1579 749 1
1953 503 1
1261 864 1
1209 766 1
1165 503 1
1495 387 1
1432 385 1
1653 618 1
1237 467 1
1692 851 1
1354 868 1
1367 617 1
1347 577 1
1940 798 1
2087 473 1
1097 488 1
1186 680 1
1226 637 1
1461 848 1
1230 864 1
1686 839 1
1750 406 1
1222 599 1
1071 268 1
1230 673 1
1178 617 1
1015 885 1
1244 749 1
1886 455 1
1116 882 1
1344 798 1
1249 470 1
1203 602 1
1607 934 1
1081 607 1
1003 846 1
1099 496 1
1549 934 1
1071 467 1
1237 653 1
1514 892 1
1162 932 1
1799 585 1
1363 901 1
1165 594 1
1419 936 1
1213 192 1
1062 882 1
2445 894 1
1065 718 1
1079 650 1
1657 648 1
1714 880 1
1212 936 1
946 621 1
976 479 1
1817 760 1
1154 457 1
2266 374 1
970 243 1
1395 476 1
1175 795 1
1262 613 1
1170 145 1
1562 900 1
959 938 1
951 804 1
1023 778 1
1442 739 1
1033 493 1
1071 122 1
1263 555 1
1457 234 1
1226 416 1
1120 625 1
2077 62 1
1065 552 1
1683 524 1
1510 882 1
1101 899 1
1653 406 1
1442 328 1
1263 795 1
1550 169 1
1233 486 1
1229 59 1
2037 374 1
1071 846 1
1652 407 1
1402 761 1
1109 499 1
1625 802 1
1664 600 1
1250 894 1
1549 766 1
1649 659 1
1754 671 1
1605 234 1
1209 452 1
1033 901 1
1821 853 1
1512 864 1
2059 243 1
1423 608 1
1511 387 1
1276 628 1
1243 894 1
1311 234 1
1493 871 1
2079 650 1
1126 405 1
2422 653 1
1111 648 1
1510 484 1
1098 407 1
1233 926 1
1079 901 1
1346 627 1
1904 458 1
1080 749 1
1541 299 1
2196 782 1
1002 247 1
1103 756 1
1800 299 1
1707 923 1
1124 880 1
1527 682 1
1142 72 1
1230 891 1
1510 290 1
993 798 1
1220 99 1
1584 840 1
2288 936 1
1026 778 1
1002 1 1
1233 756 1
1625 626 1
1061 880 1
1406 715 1
2235 804 1
1301 405 1
971 896 1
1026 807 1
1423 601 1
1705 217 1
1013 704 1
1514 807 1
1349 834 1
1130 643 1
1036 629 1
1259 834 1
1401 254 1
1129 802 1
1171 337 1
1863 894 1
966 524 1
1521 864 1
1270 802 1
1116 862 1
1126 862 1
1363 622 1
1237 416 1
1575 661 1
1799 894 1
1263 735 1
1288 235 1
1106 798 1
951 817 1
1932 316 1
1077 854 1
1087 862 1
1960 622 1
995 881 1
1213 540 1
1532 650 1
1412 405 1
1461 207 1
1688 718 1
1265 687 1
1406 771 1
1406 829 1
1071 749 1
1332 846 1
1080 864 1
958 498 1
2559 782 1
1141 406 1
2028 634 1
1378 862 1
1061 634 1
966 158 1
1416 374 1
1672 276 1
1138 639 1
1642 405 1
1095 580 1
1244 819 1
1172 682 1
1375 698 1
1468 767 1
1098 807 1
1994 804 1
1912 830 1
1333 130 1
1418 899 1
1266 825 1
1781 398 1
1006 653 1
1759 938 1
982 648 1
2332 871 1
966 741 1
1532 830 1
1533 488 1
1183 374 1
1170 682 1
1116 121 1
1072 868 1
1124 645 1
1182 249 1
1799 934 1
1144 847 1
1105 751 1
1463 625 1
1149 288 1
1210 509 1
1672 653 1
1087 795 1
2028 807 1
1230 832 1
1027 741 1
1960 57 1
993 577 1
1141 503 1
1540 869 1
1311 645 1
1311 899 1
1784 761 1
1027 670 1
1966 646 1
1442 830 1
1087 892 1
1026 843 1
1387 211 1
1520 804 1
1409 901 1
1192 682 1
1086 1 1
1172 623 1
1105 798 1
2017 894 1
1634 856 1
1154 648 1
1604 885 1
1069 923 1
1576 296 1
1622 802 1
1233 735 1
1756 881 1
1575 760 1
1428 830 1
1972 306 1
1220 917 1
2137 829 1
1580 788 1
1532 822 1
1239 923 1
1614 406 1
1130 391 1
1357 617 1
1065 595 1
1694 775 1
1069 905 1
1375 846 1
1243 851 1
1276 721 1
1416 595 1
1605 406 1
1061 943 1
1160 1 1
1120 407 1
1457 122 1
1021 893 1
1558 669 1
1363 665 1
1532 178 1
1953 884 1
1683 477 1
1677 829 1
1559 767 1
1770 886 1
959 777 1
1414 442 1
1183 749 1
1015 822 1
1207 682 1
1002 795 1
1098 666 1
1120 899 1
1311 846 1
945 933 1
1129 846 1
1186 574 1
1101 608 1
1916 864 1
1307 825 1
1784 896 1
1395 622 1
1552 846 1
1427 698 1
1205 602 1
966 622 1
1614 804 1
2039 880 1
2433 804 1
1276 816 1
1575 918 1
1416 938 1
1387 496 1
1346 407 1
1349 189 1
945 387 1
1171 846 1
1580 804 1
1349 864 1
1684 639 1
1095 847 1
1149 882 1
1324 886 1
1863 582 1
1154 98 1
959 455 1
1930 880 1
1160 719 1
1960 754 1
2272 699 1
1532 715 1
1467 474 1
1664 659 1
1209 848 1
1418 830 1
1062 532 1
1062 854 1
1062 756 1
1315 454 1
1584 299 1
1986 186 1
1418 326 1
1071 420 1
1109 855 1
1021 455 1
1126 640 1
2348 189 1
1419 390 1
1234 634 1
1270 313 1
1511 59 1
1996 852 1
2161 532 1
1091 178 1
1129 699 1
1065 625 1
1319 880 1
945 108 1
1259 871 1
1033 661 1
1347 933 1
1284 710 1
1799 420 1
1324 882 1
1395 659 1
1580 301 1
1021 130 1
1229 349 1
1808 935 1
1575 704 1
1230 788 1
1363 292 1
1863 276 1
1603 840 1
1595 472 1
1869 234 1
1424 868 1
1154 385 1
1072 638 1
1683 843 1
1226 936 1
1588 666 1
1657 839 1
1220 214 1
1395 354 1
1409 94 1
1823 851 1
1932 804 1
1575 568 1
1276 255 1
1428 846 1
1873 770 1
1120 830 1
1482 441 1
1375 788 1
1231 859 1
1178 715 1
1734 880 1
1230 47 1
1419 452 1
1234 439 1
1220 634 1
1927 851 1
1114 354 1
1095 837 1
1194 851 1
1692 938 1
1270 788 1
2024 894 1
1069 224 1
969 621 1
1416 795 1
1535 759 1
1356 851 1
1683 868 1
1045 749 1
969 474 1
1269 824 1
1098 621 1
1540 381 1
1800 918 1
976 272 1
1186 486 1
1183 601 1
1431 316 1
1270 740 1
2326 869 1
1759 532 1
1006 640 1
1233 192 1
1585 645 1
1015 715 1
1367 854 1
1276 540 1
2014 933 1
1230 799 1
1065 839 1
1863 486 1
996 627 1
1071 777 1
1266 923 1
1960 484 1
1192 634 1
1150 843 1
1960 935 1
1178 579 1
1101 843 1
1310 804 1
1265 542 1
1101 514 1
1244 698 1
1230 853 1
1263 284 1
1891 600 1
1065 798 1
1923 825 1
1759 637 1
1471 847 1
1178 795 1
1511 28 1
1233 782 1
1287 397 1
1416 290 1
1218 595 1
1065 580 1
1425 766 1
2078 854 1
1116 268 1
1699 756 1
1269 874 1
1097 892 1
1419 770 1
1324 843 1
1419 458 1
1874 56 1
1266 828 1
1065 896 1
1686 905 1
2381 896 1
951 795 1
1237 666 1
2129 749 1
1130 766 1
1428 854 1
1262 907 1
1301 881 1
959 859 1
1412 846 1
1311 198 1
1636 579 1
1336 629 1
1262 900 1
1010 666 1
1960 643 1
1416 406 1
970 828 1
1584 932 1
1010 503 1
1424 622 1
1416 15 1
1664 846 1
1423 435 1
1495 650 1
1512 632 1
1126 843 1
1226 580 1
1799 698 1
1144 862 1
1124 932 1
958 704 1
1719 642 1
1023 847 1
1244 390 1
1464 901 1
1149 653 1
1300 788 1
1071 608 1
1033 665 1
1354 498 1
1528 479 1
1692 461 1
1442 848 1
1213 594 1
1311 892 1
1174 901 1
1013 524 1
1002 892 1
1032 896 1
1692 882 1
1367 573 1
1900 666 1
1375 11 1
1378 567 1
2026 782 1
1507 650 1
1097 868 1
1322 385 1
1515 416 1
1580 896 1
1175 650 1
1250 331 1
1162 524 1
1052 881 1
1077 849 1
1368 617 1
1607 848 1
1250 6 1
1519 896 1
1023 622 1
2471 511 1
1373 601 1
1230 488 1
1378 843 1
1174 622 1
1605 932 1
1375 394 1
2059 894 1
1588 115 1
1091 637 1
958 937 1
1519 648 1
1618 934 1
1484 749 1
1533 788 1
2395 666 1
1220 457 1
1385 932 1
1338 880 1
1138 296 1
1212 724 1
1142 846 1
1307 622 1
1972 938 1
1954 94 1
1352 286 1
1699 778 1
1244 113 1
1406 498 1
1023 830 1
1817 740 1
1972 933 1
1013 778 1
2220 851 1
2329 186 1
1651 698 1
1367 542 1
1817 462 1
1575 234 1
1457 846 1
1373 405 1
1686 637 1
1472 457 1
1071 568 1
1581 804 1
984 621 1
2500 559 1
1401 374 1
1375 751 1
1017 896 1
988 846 1
1686 593 1
1107 608 1
959 768 1
958 794 1
1540 699 1
1055 749 1
2009 886 1
1178 814 1
1572 653 1
1827 486 1
1781 392 1
951 498 1
1262 682 1
1222 917 1
1095 407 1
1262 785 1
1442 454 1
1066 715 1
1336 881 1
1209 846 1
1821 632 1
1129 115 1
1374 896 1
1750 374 1
2415 896 1
1243 328 1
1098 840 1
1427 900 1
1418 452 1
2445 585 1
1532 771 1
1233 681 1
1419 768 1
1680 932 1
1541 718 1
1428 896 1
1514 671 1
1061 892 1
959 653 1
1230 873 1
1269 782 1
1203 474 1
1162 933 1
1626 741 1
1505 864 1
1233 873 1
1523 868 1
1400 880 1
1286 611 1
1105 943 1
945 661 1
1664 943 1
1706 478 1
1116 807 1
1580 868 1
1881 871 1
1178 577 1
1374 476 1
951 699 1
1183 868 1
1027 934 1
1069 653 1
1021 145 1
1113 795 1
1367 882 1
1584 585 1
1607 864 1
1095 795 1
1385 814 1
1467 766 1
1770 807 1
1023 488 1
1664 788 1
1203 829 1
1418 85 1
1385 846 1
1428 426 1
1105 643 1
1078 802 1
1244 704 1
1213 524 1
2049 851 1
1324 59 1
1230 126 1
1203 901 1
1491 486 1
1983 85 1
1373 749 1
1983 458 1
1065 593 1
1636 864 1
1808 648 1
1105 804 1
1080 290 1
1061 540 1
1124 788 1
1263 720 1
1259 650 1
1160 313 1
1442 666 1
1239 754 1
1701 854 1
1443 650 1
1120 715 1
1573 864 1
1079 627 1
1045 286 1
1679 864 1
988 788 1
1095 854 1
1512 880 1
1580 56 1
1652 840 1
1759 893 1
1387 405 1
2229 798 1
2211 886 1
946 643 1
966 746 1
1154 579 1
1664 346 1
1097 452 1
1259 894 1
1686 113 1
1590 932 1
1089 868 1
1707 837 1
2281 416 1
1379 843 1
1130 840 1
1304 871 1
1055 618 1
1759 84 1
1027 896 1
1550 848 1
1311 457 1
1213 498 1
2069 568 1
1663 896 1
1170 846 1
2006 448 1
1171 749 1
962 207 1
1707 749 1
1491 828 1
1985 901 1
1194 837 1
954 886 1
1226 236 1
1643 496 1
1548 392 1
1692 759 1
1212 884 1
1035 795 1
2508 405 1
1532 807 1
1532 387 1
951 880 1
1284 926 1
1141 72 1
1506 846 1
2124 87 1
1116 751 1
1233 856 1
1062 936 1
1311 933 1
1157 11 1
2150 374 1
1120 766 1
1364 843 1
1960 741 1
1524 840 1
1823 788 1
2229 934 1
1521 798 1
1138 854 1
1284 539 1
1419 527 1
1032 130 1
1512 385 1
1604 934 1
1597 666 1
1213 721 1
951 9 1
1002 721 1
1886 721 1
1035 394 1
1116 618 1
1815 825 1
1515 880 1
1065 624 1
1085 756 1
1432 704 1
1062 893 1
1178 274 1
1062 825 1
1276 740 1
1062 769 1
2170 854 1
1050 486 1
1080 426 1
1463 840 1
1707 622 1
1095 933 1
993 880 1
970 886 1
1265 721 1
1471 848 1
1138 766 1
1317 804 1
1669 642 1
1960 507 1
1627 699 1
2000 363 1
1597 617 1
1126 214 1
1069 627 1
1003 828 1
1983 807 1
1023 886 1
1266 15 1
1683 882 1
1512 643 1
2136 405 1
1960 621 1
1157 405 1
1033 555 1
1364 798 1
1055 938 1
1195 486 1
1226 859 1
1960 854 1
1196 496 1
1679 568 1
1172 391 1
1233 876 1
1424 676 1
1749 848 1
1160 840 1
1077 918 1
1755 666 1
1407 455 1
1464 807 1
1162 659 1
1427 406 1
1692 905 1
1027 1 1
1521 880 1
2006 828 1
1657 486 1
1692 936 1
1520 110 1
1723 880 1
1634 424 1
1203 852 1
1707 101 1
2337 782 1
1116 276 1
1158 704 1
1580 892 1
1692 761 1
1478 782 1
2393 234 1
1095 893 1
1986 896 1
1507 925 1
948 749 1
1317 846 1
1298 58 1
1178 849 1
1352 268 1
1023 882 1
1435 650 1
1393 886 1
1003 539 1
1956 624 1
1033 698 1
1374 846 1
1471 881 1
1683 183 1
1065 901 1
1595 328 1
1209 472 1
1144 868 1
1535 640 1
1097 804 1
969 847 1
1960 540 1
1116 871 1
1182 629 1
1097 899 1
1575 553 1
1049 880 1
969 852 1
1113 885 1
1559 932 1
1349 938 1
951 643 1
1416 864 1
1980 621 1
1065 746 1
1442 788 1
1230 240 1
969 625 1
989 840 1
1144 472 1
1622 825 1
1078 771 1
1182 777 1
1472 627 1
1823 873 1
1069 457 1
1141 647 1
1972 595 1
1406 449 1
1428 840 1
1065 943 1
1694 395 1
1182 862 1
1588 888 1
1664 484 1
1462 387 1
1226 532 1
1071 459 1
1055 760 1
1573 648 1
1230 829 1
1265 735 1
1213 818 1
1182 804 1
1657 854 1
1777 851 1
1367 568 1
1649 670 1
1607 474 1
1349 882 1
1079 524 1
984 180 1
1548 406 1
1418 94 1
1233 847 1
1218 885 1
1512 885 1
1442 798 1
951 839 1
1663 268 1
1087 896 1
1604 666 1
945 331 1
1231 917 1
1614 653 1
1210 851 1
984 766 1
1154 843 1
950 828 1
1576 854 1
2187 611 1
1605 840 1
2348 894 1
1033 198 1
1622 626 1
1158 751 1
1467 632 1
946 640 1
966 669 1
1116 902 1
1183 864 1
1055 891 1
1049 923 1
1338 798 1
1699 618 1
2009 843 1
1346 943 1
1595 524 1
1349 459 1
2279 854 1
1850 611 1
1230 699 1
1374 498 1
1346 807 1
1055 593 1
1284 740 1
1524 640 1
1315 234 1
1182 880 1
1706 593 1
1141 766 1
966 109 1
1604 346 1
1607 405 1
1367 899 1
1265 673 1
1150 807 1
2333 901 1
2224 851 1
1023 567 1
1162 868 1
1349 935 1
1120 406 1
1988 627 1
1154 513 1
982 749 1
1505 788 1
1120 933 1
1311 868 1
1464 862 1
954 862 1
1983 682 1
1673 682 1
1129 474 1
945 124 1
1078 514 1
2202 640 1
1106 868 1
1686 484 1
1528 885 1
1175 1 1
1982 629 1
1808 901 1
1071 719 1
2390 880 1
1349 900 1
1080 807 1
1154 871 1
1213 873 1
1023 741 1
1985 407 1
1827 894 1
1683 513 1
1788 372 1
2062 325 1
1244 647 1
1170 881 1
1031 542 1
1375 899 1
1097 622 1
1061 778 1
1833 486 1
1720 760 1
1507 422 1
1176 363 1
2320 851 1
1162 115 1
1078 87 1
2270 907 1
1535 917 1
1532 454 1
1120 846 1
966 767 1
2009 804 1
1130 862 1
1103 682 1
1704 896 1
1584 405 1
1250 841 1
1065 892 1
1856 851 1
1156 934 1
2161 715 1
1287 400 1
1350 938 1
1573 286 1
982 880 1
1116 503 1
1081 458 1
1416 548 1
1097 930 1
1230 404 1
1209 514 1
1313 847 1
1213 416 1
1129 719 1
1286 816 1
1335 846 1
1387 912 1
1087 756 1
1367 567 1
1535 637 1
1677 405 1
1261 896 1
1874 435 1
2210 405 1
1966 448 1
1560 840 1
1823 782 1
1141 849 1
1061 761 1
1315 896 1
1669 405 1
945 882 1
1026 601 1
1692 785 1
1141 864 1
2535 724 1
1512 407 1
1692 395 1
1097 363 1
1375 412 1
1560 843 1
1213 276 1
1002 881 1
1683 70 1
958 840 1
1145 476 1
1095 788 1
1684 825 1
1725 880 1
1390 617 1
1098 896 1
1072 682 1
1087 474 1
1003 862 1
2009 615 1
1550 854 1
1120 788 1
1239 178 1
1759 935 1
1634 843 1
1584 868 1
1694 548 1
1604 864 1
1061 689 1
2138 374 1
1972 943 1
1186 724 1
1717 925 1
1414 320 1
1467 885 1
1169 885 1
1276 762 1
1311 387 1
1301 650 1
1424 715 1
1244 760 1
1520 627 1
1688 900 1
1395 868 1
1212 886 1
1276 431 1
1541 804 1
1984 907 1
1160 881 1
1673 721 1
2022 807 1
1077 178 1
2111 847 1
1306 616 1
1352 84 1
1575 406 1
1358 881 1
1699 653 1
1175 851 1
1643 846 1
1249 611 1
1418 846 1
1144 276 1
1750 76 1
1401 761 1
1269 486 1
1522 600 1
1813 907 1
1141 536 1
1349 936 1
1651 918 1
1634 608 1
1071 698 1
1176 178 1
1972 881 1
1929 699 1
1686 804 1
1279 479 1
1557 698 1
1195 385 1
1366 892 1
1535 896 1
1815 930 1
1463 670 1
1066 943 1
1170 741 1
1244 930 1
1296 871 1
945 852 1
1220 869 1
1965 932 1
1523 650 1
1124 363 1
1762 374 1
1823 894 1
1017 632 1
1023 458 1
947 1 1
1085 932 1
989 930 1
1832 782 1
1603 932 1
1114 848 1
1923 595 1
1230 771 1
1595 110 1
1672 554 1
945 294 1
1116 934 1
1017 650 1
2138 553 1
1686 891 1
1178 886 1
1431 618 1
1890 59 1
1010 371 1
1652 478 1
1061 211 1
993 593 1
1352 937 1
1505 843 1
1541 746 1
1035 901 1
1071 886 1
1633 907 1
1356 881 1
1218 888 1
1210 928 1
1815 595 1
1239 894 1
1276 751 1
1062 864 1
1400 268 1
1555 617 1
1170 301 1
1055 899 1
1172 632 1
1311 741 1
1918 493 1
1013 178 1
969 918 1
1692 749 1
1087 885 1
1036 851 1
1412 896 1
1821 782 1
1667 618 1
2077 642 1
1178 896 1
1015 325 1
1195 498 1
1222 416 1
1230 937 1
1346 224 1
1086 807 1
1462 766 1
1262 577 1
1010 65 1
1270 749 1
1079 934 1
1178 846 1
2344 847 1
1269 936 1
1013 653 1
1144 880 1
1061 128 1
1106 721 1
1050 449 1
2079 109 1
2003 374 1
1958 593 1
1081 680 1
1823 802 1
1510 600 1
1322 901 1
989 354 1
1113 412 1
1192 894 1
1106 407 1
1013 804 1
1437 326 1
1069 761 1
1379 892 1
1209 798 1
1419 601 1
1880 770 1
1817 905 1
1425 698 1
1226 880 1
1120 234 1
1213 724 1
1605 426 1
1703 893 1
1653 896 1
1416 292 1
1230 907 1
1015 749 1
1890 868 1
2395 840 1
1692 695 1
1182 618 1
1379 615 1
1237 76 1
1154 710 1
1516 788 1
1081 63 1
1218 891 1
1158 864 1
2383 846 1
1169 313 1
1557 932 1
1603 426 1
1705 715 1
1107 254 1
1230 259 1
1081 880 1
1113 822 1
1229 637 1
1032 848 1
1954 624 1
1930 479 1
2077 653 1
2077 881 1
1183 933 1
1799 625 1
1412 618 1
1248 937 1
1194 896 1
1015 94 1
1081 198 1
1262 943 1
1918 593 1
996 846 1
1052 804 1
1419 139 1
1352 829 1
969 854 1
1218 514 1
1607 524 1
1471 766 1
1311 94 1
1595 896 1
1032 907 1
1363 756 1
1071 938 1
1301 874 1
1918 666 1
1033 807 1
1284 809 1
1423 625 1
1375 848 1
1418 670 1
1182 933 1
1072 886 1
1863 76 1
1144 625 1
1233 788 1
1020 682 1
1244 894 1
1212 570 1
1555 608 1
1213 936 1
1013 632 1
1098 804 1
1406 848 1
1031 933 1
1576 629 1
1541 650 1
1680 798 1
1694 681 1
951 680 1
966 851 1
2150 846 1
1192 936 1
1033 723 1
1021 394 1
1268 820 1
1237 894 1
1138 87 1
1442 749 1
1053 864 1
1575 721 1
1649 363 1
1956 761 1
1071 825 1
970 894 1
1883 864 1
969 938 1
1289 819 1
1276 276 1
1974 536 1
2062 87 1
1759 869 1
1520 313 1
1105 682 1
1353 891 1
1649 930 1
2260 531 1
1464 381 1
1412 593 1
1023 627 1
2422 363 1
2228 907 1
1026 647 1
1705 532 1
959 834 1
1220 458 1
1203 936 1
1172 902 1
1686 847 1
1097 854 1
2011 886 1
1367 902 1
1983 601 1
982 653 1
1178 407 1
2017 406 1
1098 778 1
1754 328 1
1144 253 1
1266 788 1
1522 622 1
1071 839 1
1130 912 1
1023 804 1
1154 880 1
1540 751 1
987 788 1
1590 868 1
1086 868 1
1017 901 1
1124 848 1
2065 767 1
1213 145 1
1418 516 1
1349 486 1
1378 804 1
1031 902 1
1226 864 1
1062 514 1
1300 653 1
1686 899 1
1317 640 1
1212 662 1
1510 899 1
1491 634 1
1220 621 1
1986 577 1
1100 710 1
1268 629 1
1071 595 1
1284 567 1
2053 406 1
1378 868 1
1120 886 1
1310 880 1
1015 478 1
1032 542 1
1354 880 1
1677 886 1
966 881 1
1165 524 1
1036 640 1
1186 270 1
1511 795 1
1493 864 1
1519 880 1
1528 94 1
1183 804 1
1428 766 1
1572 825 1
1379 934 1
1103 851 1
2187 107 1
1069 829 1
1367 639 1
945 412 1
1284 755 1
1270 673 1
1863 756 1
1062 381 1
1036 710 1
1220 829 1
1071 363 1
1071 851 1
1373 326 1
1284 624 1
1419 315 1
946 804 1
1367 886 1
1541 769 1
1387 666 1
2087 851 1
1182 930 1
1126 943 1
1023 892 1
1412 880 1
1222 837 1
1104 933 1
1071 896 1
1170 640 1
1414 899 1
1603 766 1
982 135 1
946 532 1
2045 899 1
1226 862 1
1367 788 1
946 892 1
1683 795 1
1263 905 1
1243 621 1
1622 749 1
1753 648 1
1053 848 1
1423 498 1
2440 880 1
1045 751 1
1636 653 1
1129 882 1
1021 442 1
958 189 1
1706 938 1
948 934 1
1172 292 1
1077 577 1
948 622 1
1031 618 1
1162 943 1
1129 661 1
1287 540 1
1160 6 1
1754 788 1
1095 479 1
1505 846 1
948 896 1
1174 933 1
1087 778 1
1013 457 1
1226 721 1
1065 825 1
1270 392 1
945 653 1
1349 848 1
2107 936 1
958 932 1
1532 28 1
1317 807 1
1988 864 1
1045 822 1
1929 349 1
1087 254 1
1607 648 1
1229 593 1
1395 623 1
1026 659 1
1158 472 1
1106 234 1
1393 804 1
1160 882 1
1218 719 1
1580 77 1
1414 864 1
1512 798 1
1006 671 1
1279 721 1
1869 851 1
1261 847 1
1463 932 1
1379 648 1
1301 669 1
1572 650 1
1555 659 1
1550 454 1
1634 851 1
1406 907 1
1548 650 1
1055 398 1
1109 928 1
1653 886 1
1821 646 1
1002 854 1
1332 933 1
951 372 1
1483 548 1
1979 892 1
1658 354 1
945 847 1
1069 798 1
1218 936 1
1367 457 1
1129 645 1
1062 394 1
1172 648 1
1519 881 1
1358 934 1
1719 682 1
1683 848 1
1023 943 1
1732 925 1
1622 936 1
2068 474 1
1597 645 1
1071 768 1
1098 918 1
1356 435 1
1464 848 1
1194 880 1
1154 288 1
1158 659 1
1471 896 1
1210 813 1
1192 94 1
1262 575 1
1402 486 1
1423 83 1
1653 868 1
1680 608 1
947 624 1
1230 762 1
1049 472 1
1373 932 1
1541 548 1
1097 629 1
1960 647 1
1548 454 1
1346 795 1
1419 648 1
1103 886 1
1026 627 1
1548 876 1
1248 853 1
1209 896 1
1120 371 1
1081 514 1
1209 746 1
1507 270 1
976 804 1
2002 880 1
1069 936 1
1431 928 1
1020 62 1
1194 548 1
1980 880 1
1799 855 1
1230 2 1
1013 571 1
1286 873 1
1130 459 1
1379 901 1
982 932 1
1298 611 1
1636 648 1
1784 424 1
1356 94 1
1035 642 1
1196 804 1
1954 886 1
1175 880 1
1471 876 1
1265 35 1
1182 848 1
959 550 1
1903 476 1
2079 843 1
1354 634 1
958 484 1
1243 301 1
1379 513 1
1270 937 1
1860 751 1
1287 546 1
1212 579 1
1985 478 1
1244 395 1
1023 81 1
1027 158 1
1575 888 1
1168 794 1
1347 394 1
1289 416 1
1707 768 1
1160 843 1
1203 802 1
986 629 1
1301 892 1
1138 458 1
1138 901 1
1954 595 1
1595 864 1
1707 577 1
1336 933 1
1169 756 1
1354 829 1
1061 907 1
1212 498 1
1230 936 1
1409 892 1
1552 59 1
996 455 1
1149 807 1
1087 479 1
1144 846 1
1379 405 1
1366 807 1
1423 932 1
1428 397 1
1036 442 1
966 749 1
1270 701 1
1301 516 1
1080 892 1
966 840 1
1626 768 1
1160 918 1
1572 552 1
1410 315 1
1178 145 1
1061 930 1
1212 381 1
1607 847 1
1031 484 1
1607 766 1
1688 634 1
1317 276 1
2010 881 1
1607 892 1
1416 862 1
1414 479 1
1017 59 1
1472 524 1
1248 234 1
1154 847 1
1699 934 1
1579 234 1
1541 416 1
1346 472 1
1375 474 1
1461 659 1
1373 882 1
1213 392 1
1126 645 1
1061 885 1
1010 671 1
1213 854 1
1471 452 1
1379 542 1
1172 756 1
1212 608 1
1335 600 1
1032 622 1
1220 834 1
1808 937 1
1091 643 1
1130 848 1
1231 869 1
1233 266 1
2003 624 1
1510 830 1
1711 862 1
1105 899 1
1520 892 1
1287 938 1
1652 932 1
1049 933 1
1838 782 1
1423 464 1
1863 855 1
1095 474 1
1079 698 1
1234 804 1
1266 907 1
1230 273 1
1015 840 1
1734 621 1
951 761 1
1432 524 1
2045 406 1
948 416 1
1170 843 1
1692 203 1
966 455 1
1510 618 1
1573 804 1
1085 846 1
1512 749 1
1347 848 1
1244 807 1
1015 760 1
1079 573 1
1595 804 1
954 63 1
1605 785 1
1055 653 1
2542 782 1
1113 868 1
1077 864 1
1027 615 1
1649 829 1
1071 868 1
1100 886 1
1213 701 1
1838 531 1
1196 852 1
1427 851 1
1400 665 1
1414 198 1
1823 687 1
1472 659 1
1013 918 1
1113 771 1
1287 511 1
2148 452 1
1814 699 1
1244 782 1
1126 881 1
1335 648 1
1540 770 1
1550 474 1
1270 721 1
1109 894 1
1741 804 1
1311 653 1
1884 886 1
1418 933 1
2379 798 1
1670 868 1
1218 881 1
1707 880 1
1301 846 1
1268 871 1
1097 933 1
1023 653 1
1103 455 1
2097 406 1
1071 622 1
1154 476 1
1226 923 1
945 881 1
1319 760 1
1514 224 1
1683 653 1
1026 394 1
2564 782 1
1269 825 1
1045 843 1
1347 899 1
1346 907 1
1705 886 1
1086 653 1
1141 484 1
1639 542 1
1888 846 1
1265 140 1
1424 932 1
1442 854 1
1086 621 1
1124 766 1
1572 115 1
2211 896 1
1419 943 1
1124 777 1
1244 880 1
1972 643 1
1427 659 1
1129 907 1
1026 840 1
1410 854 1
1960 938 1
1322 391 1
1157 885 1
2078 235 1
1301 698 1
1354 642 1
959 636 1
1172 886 1
1953 859 1
1442 868 1
1531 896 1
951 62 1
969 751 1
1026 864 1
1301 397 1
2129 642 1
1423 854 1
989 207 1
1229 609 1
1652 843 1
1753 721 1
1656 778 1
966 638 1
1071 94 1
1089 896 1
1750 846 1
1130 239 1
2009 639 1
1622 938 1
2433 886 1
1160 871 1
1884 933 1
1170 643 1
1974 932 1
1699 435 1
1418 648 1
1704 546 1
1033 846 1
1116 901 1
1244 682 1
1427 536 1
1062 642 1
1584 795 1
1463 573 1
1081 905 1
1358 840 1
1087 276 1
1111 932 1
1301 882 1
1072 198 1
1301 741 1
1098 934 1
1860 472 1
2023 936 1
1186 871 1
1692 646 1
1884 405 1
1160 933 1
1505 925 1
996 864 1
1754 896 1
1212 917 1
1099 715 1
1150 896 1
1098 843 1
1354 692 1
2202 637 1
1120 928 1
1322 474 1
1239 782 1
1017 593 1
1061 788 1
1017 864 1
1572 203 1
1079 885 1
1289 659 1
1230 482 1
1942 795 1
1505 881 1
1688 666 1
1595 488 1
1581 843 1
2087 486 1
2210 918 1
1387 671 1
1244 637 1
1175 896 1
951 751 1
1416 852 1
1055 837 1
1234 595 1
1335 788 1
1605 830 1
1607 932 1
2009 385 1
2457 782 1
1706 624 1
1819 851 1
1423 338 1
1431 553 1
1036 896 1
1861 532 1
1071 884 1
1234 452 1
1226 896 1
1207 761 1
1172 933 1
1346 804 1
1229 158 1
1590 666 1
1072 864 1
1054 642 1
1634 390 1
1075 524 1
1979 751 1
1707 892 1
1367 885 1
1105 880 1
1124 896 1
951 896 1
1335 901 1
1107 848 1
1035 621 1
1671 416 1
2378 724 1
1300 880 1
1322 682 1
1512 862 1
1268 387 1
958 854 1
1301 710 1
1091 642 1
1157 553 1
1414 788 1
1087 472 1
966 698 1
1116 896 1
1097 886 1
1103 804 1
1182 498 1
1364 892 1
1354 795 1
2068 892 1
1089 653 1
1576 843 1
1196 669 1
1443 840 1
1071 350 1
1126 874 1
1061 622 1
969 933 1
1866 682 1
1099 932 1
1229 452 1
945 918 1
1270 851 1
1266 462 1
2045 804 1
1210 302 1
1006 290 1
1106 719 1
1091 416 1
1971 405 1
1379 886 1
1817 178 1
1405 880 1
1124 851 1
2150 868 1
1244 856 1
966 715 1
1097 387 1
945 680 1
1701 405 1
1126 6 1
1032 618 1
984 10 1
1075 741 1
1285 405 1
1350 374 1
1270 871 1
1994 650 1
1226 930 1
1078 608 1
1079 195 1
1870 459 1
1699 892 1
1031 886 1
1886 198 1
1790 599 1
1065 751 1
1320 846 1
1347 807 1
1010 934 1
1527 671 1
995 328 1
1263 809 1
1160 886 1
1203 424 1
1243 755 1
1575 94 1
1071 759 1
945 536 1
1196 548 1
1002 346 1
1079 892 1
1106 843 1
1021 682 1
1061 896 1
1212 273 1
951 632 1
2087 782 1
1027 115 1
996 458 1
1178 934 1
1026 885 1
1815 442 1
1932 140 1
1071 840 1
1658 639 1
1464 840 1
1162 617 1
1061 894 1
1124 862 1
1576 896 1
1387 407 1
1834 621 1
1979 798 1
1065 848 1
1052 666 1
1411 659 1
1162 846 1
1126 632 1
1105 868 1
1565 749 1
1071 869 1
1634 143 1
1649 625 1
951 554 1
1541 625 1
1972 101 1
1081 558 1
1138 882 1
1091 882 1
1050 636 1
1363 275 1
1174 843 1
2227 938 1
1156 840 1
1170 659 1
1706 880 1
1561 426 1
1589 840 1
1930 595 1
1085 847 1
1178 479 1
1087 881 1
1770 190 1
962 1 1
1560 804 1
1220 14 1
1674 58 1
1707 881 1
1087 882 1
1416 682 1
1062 653 1
1078 94 1
1212 721 1
1130 864 1
1244 817 1
1023 669 1
1229 696 1
1006 881 1
1467 777 1
1915 894 1
1061 847 1
1262 395 1
1462 899 1
1416 837 1
1364 416 1
1158 843 1
1633 848 1
1053 932 1
946 632 1
1003 1 1
1760 943 1
971 374 1
948 871 1
1006 301 1
1174 804 1
1753 749 1
1585 892 1
1322 405 1
1095 198 1
959 1 1
1595 788 1
1468 932 1
1983 354 1
1265 570 1
1045 886 1
1374 643 1
1261 493 1
1079 882 1
1680 864 1
1226 917 1
1218 825 1
1078 846 1
1169 907 1
1532 577 1
1956 300 1
951 862 1
969 363 1
1311 682 1
959 892 1
1390 843 1
1097 896 1
951 881 1
1626 550 1
1116 798 1
1023 871 1
1416 894 1
1065 659 1
1932 454 1
1230 704 1
1335 749 1
1234 893 1
1144 749 1
1095 496 1
1126 907 1
1213 699 1
1244 328 1
1874 749 1
1378 932 1
1874 484 1
951 885 1
1354 719 1
1679 180 1
1706 692 1
1357 814 1
1079 625 1
1618 617 1
1230 935 1
1346 298 1
1677 299 1
1013 622 1
1349 746 1
1033 405 1
1154 643 1
1510 892 1
1888 83 1
1874 807 1
2060 601 1
1213 928 1
1055 1 1
969 650 1
996 1 1
1263 721 1
988 503 1
1349 624 1
1081 374 1
1356 795 1
1572 834 1
1124 498 1
982 671 1
1233 881 1
1425 767 1
1327 880 1
1089 864 1
1673 474 1
1065 891 1
1512 886 1
2369 642 1
1033 843 1
1138 933 1
1045 882 1
1010 864 1
1175 385 1
1353 880 1
2037 880 1
969 885 1
1266 881 1
1233 902 1
1349 548 1
1558 943 1
1324 846 1
2111 907 1
1033 933 1
2306 552 1
1013 405 1
1230 871 1
1069 893 1
1205 782 1
960 825 1
1003 855 1
1723 642 1
1954 699 1
1992 907 1
1020 452 1
1627 548 1
1183 843 1
1324 721 1
1176 478 1
1419 632 1
1095 943 1
1437 896 1
1141 385 1
1234 158 1
1575 868 1
1124 854 1
1069 721 1
1120 881 1
1085 848 1
1985 880 1
1311 864 1
1301 313 1
1346 761 1
1286 871 1
1354 624 1
1098 622 1
1512 189 1
1174 880 1
1075 882 1
1203 559 1
1205 559 1
1512 847 1
1114 189 1
1183 268 1
1471 643 1
1889 698 1
1400 825 1
1379 391 1
1972 665 1
2192 864 1
1821 635 1
1142 653 1
1244 261 1
1230 615 1
2117 782 1
1322 892 1
1664 896 1
1442 479 1
1580 932 1
1032 593 1
1248 813 1
1015 328 1
1979 577 1
948 638 1
1010 899 1
1692 824 1
1683 110 1
1170 864 1
1707 648 1
2039 851 1
1154 659 1
1630 907 1
1105 846 1
2176 276 1
1027 503 1
1813 478 1
1336 843 1
1874 862 1
1259 841 1
1356 804 1
1209 618 1
1684 648 1
1248 424 1
1684 899 1
1313 348 1
1932 723 1
1770 854 1
1340 87 1
1375 795 1
1218 935 1
1045 896 1
1050 825 1
946 671 1
1307 268 1
2609 782 1
1087 682 1
1347 864 1
1618 406 1
1584 698 1
1701 807 1
1194 109 1
1192 851 1
1091 634 1
1098 868 1
1622 810 1
951 622 1
1138 843 1
1129 398 1
1129 406 1
2111 455 1
1105 640 1
1541 893 1
945 70 1
1233 871 1
1770 892 1
1770 852 1
1120 394 1
1050 839 1
1843 696 1
1890 435 1
1109 918 1
1981 642 1
1212 439 1
1220 644 1
1467 567 1
1103 864 1
1229 79 1
1203 646 1
1686 788 1
1124 892 1
1071 488 1
1100 41 1
1683 901 1
1664 807 1
1065 852 1
1174 363 1
1244 281 1
1368 830 1
1759 936 1
1244 936 1
1233 894 1
1983 350 1
1850 724 1
1087 749 1
1622 894 1
1311 406 1
1234 882 1
1595 871 1
1062 621 1
1089 715 1
1550 766 1
1510 868 1
1116 766 1
2138 894 1
1262 864 1
947 621 1
1461 680 1
1049 881 1
1002 524 1
1385 442 1
1580 276 1
1194 862 1
1265 782 1
1850 828 1
1699 301 1
1472 932 1
1870 642 1
1301 932 1
1356 882 1
1237 294 1
1010 749 1
1053 894 1
1437 666 1
1995 907 1
1230 10 1
1414 416 1
1265 926 1
1289 905 1
2228 637 1
1026 682 1
1972 168 1
1021 186 1
1097 934 1
1091 896 1
1233 596 1
2260 617 1
1114 828 1
2039 795 1
1090 884 1
1130 659 1
2003 851 1
2111 249 1
1784 653 1
1095 829 1
1402 859 1
1354 851 1
1826 685 1
2042 896 1
1069 874 1
1437 854 1
1419 503 1
1418 912 1
1071 933 1
1522 847 1
2065 829 1
1154 704 1
1584 862 1
1813 145 1
1027 854 1
1233 306 1
1144 881 1
1672 881 1
1154 81 1
1510 661 1
1528 798 1
1349 186 1
1981 868 1
1142 766 1
1062 120 1
1427 669 1
1863 795 1
1409 882 1
1021 452 1
1079 862 1
1603 807 1
1080 881 1
1176 933 1
1960 715 1
1966 574 1
1418 864 1
2062 892 1
2107 869 1
1183 442 1
2193 896 1
1175 622 1
1972 632 1
1512 882 1
1651 666 1
1229 62 1
1395 830 1
1379 851 1
1116 653 1
1301 854 1
1144 802 1
1870 145 1
1694 813 1
951 892 1
987 881 1
948 642 1
969 936 1
1230 147 1
1023 455 1
1006 896 1
2045 405 1
1182 469 1
1595 843 1
1109 930 1
1462 328 1
1387 932 1
958 397 1
1671 59 1
1863 886 1
1124 749 1
1150 699 1
1520 881 1
1653 405 1
1874 804 1
1160 472 1
1423 10 1
1622 511 1
1324 896 1
1220 62 1
1230 420 1
1071 864 1
1972 854 1
1823 626 1
969 636 1
1349 886 1
1541 768 1
1350 943 1
1692 828 1
1411 862 1
1688 542 1
1425 751 1
2009 94 1
1585 426 1
2107 274 1
1106 804 1
1956 923 1
1081 930 1
2236 782 1
2078 880 1
1220 501 1
1573 715 1
1442 698 1
2023 406 1
1031 846 1
1289 176 1
1053 880 1
1109 625 1
1597 912 1
1784 933 1
1111 933 1
1442 862 1
1170 622 1
1960 907 1
1353 825 1
1463 499 1
1207 813 1
1144 254 1
1230 754 1
1958 851 1
1116 771 1
1704 636 1
1033 847 1
1079 777 1
1953 837 1
1230 710 1
1234 894 1
1106 932 1
1364 896 1
1467 326 1
1958 880 1
1900 643 1
1270 171 1
1512 892 1
1141 608 1
1141 848 1
1062 891 1
1707 513 1
945 599 1
1463 326 1
1050 72 1
1442 934 1
1683 751 1
1061 221 1
1301 899 1
1590 804 1
993 864 1
1912 766 1
946 943 1
1953 862 1
1078 272 1
1581 840 1
1464 881 1
1165 936 1
1109 932 1
1026 868 1
1124 661 1
1033 840 1
1634 627 1
1823 905 1
1427 398 1
1079 788 1
1033 627 1
1015 907 1
1154 901 1
1023 659 1
1111 328 1
1231 834 1
1354 936 1
1061 706 1
1363 892 1
1091 880 1
1346 896 1
950 936 1
1078 830 1
2060 882 1
1680 788 1
1138 943 1
969 881 1
1230 676 1
1512 387 1
2374 871 1
1346 719 1
1788 249 1
1301 643 1
1622 864 1
1107 539 1
2473 405 1
1988 659 1
1015 766 1
1154 933 1
1996 882 1
1276 851 1
1150 496 1
1058 868 1
1669 622 1
1994 766 1
1027 567 1
1673 224 1
1126 804 1
1072 896 1
1270 902 1
1078 527 1
1788 825 1
1762 435 1
1130 933 1
1114 405 1
1927 756 1
1419 855 1
1116 622 1
1021 554 1
1120 851 1
1259 121 1
1657 923 1
1170 346 1
1472 788 1
1961 27 1
1633 851 1
1431 892 1
1259 809 1
1261 868 1
1157 934 1
1116 788 1
959 479 1
1176 653 1
1079 254 1
1105 484 1
1178 643 1
1144 629 1
2128 524 1
2161 880 1
1192 917 1
969 825 1
1363 670 1
1714 72 1
2201 782 1
1819 392 1
1220 894 1
1400 938 1
945 901 1
1266 329 1
1410 405 1
1756 642 1
1349 778 1
1081 794 1
1212 894 1
1471 553 1
2447 798 1
1284 570 1
995 320 1
1062 849 1
1124 522 1
1124 886 1
2060 932 1
966 577 1
1182 892 1
1607 85 1
1196 457 1
1657 715 1
1270 629 1
1178 608 1
1226 761 1
1259 775 1
1002 886 1
1903 493 1
1643 234 1
1437 524 1
1230 648 1
1568 416 1
1414 932 1
1958 459 1
1622 816 1
1105 670 1
1686 470 1
1032 756 1
2034 405 1
1603 296 1
995 896 1
1116 643 1
1393 268 1
954 435 1
1622 362 1
1006 621 1
1156 846 1
1144 479 1
1995 825 1
1354 859 1
1468 14 1
1686 635 1
1704 892 1
1023 435 1
1099 435 1
1428 807 1
1688 455 1
1524 881 1
1565 405 1
1995 851 1
1126 846 1
958 615 1
1535 397 1
1055 885 1
1062 270 1
1209 886 1
1507 864 1
1603 886 1
1427 676 1
1705 880 1
1157 449 1
1989 896 1
1226 935 1
1218 768 1
1491 868 1
945 795 1
1129 503 1
1129 189 1
1427 862 1
1965 659 1
1544 932 1
1036 886 1
1903 886 1
954 795 1
1988 943 1
1065 665 1
1541 938 1
1364 710 1
1237 209 1
945 843 1
1178 118 1
1611 814 1
1078 488 1
1373 524 1
1367 901 1
1284 853 1
1192 880 1
1178 880 1
2009 239 1
1471 648 1
1176 864 1
2238 841 1
1162 145 1
1075 326 1
1431 932 1
1364 885 1
1373 868 1
1784 532 1
993 299 1
1065 513 1
1006 788 1
1819 894 1
1124 682 1
1905 894 1
1031 514 1
1874 880 1
1169 938 1
1357 804 1
1990 375 1
1107 934 1
1467 579 1
1055 888 1
1021 243 1
1808 532 1
1248 111 1
1244 719 1
1762 851 1
1363 847 1
1284 608 1
966 542 1
1949 894 1
1580 901 1
1265 799 1
947 936 1
1603 892 1
1402 121 1
1520 648 1
1942 807 1
1079 398 1
1203 824 1
1281 498 1
1419 828 1
1160 778 1
1961 880 1
1050 930 1
1664 746 1
1212 770 1
1244 424 1
971 682 1
1065 936 1
1170 94 1
1055 669 1
1605 912 1
1097 848 1
1540 261 1
1427 618 1
1364 934 1
1156 894 1
1087 843 1
1412 632 1
1395 901 1
1428 848 1
1130 881 1
1462 214 1
1069 894 1
1230 596 1
1604 642 1
1284 754 1
1142 894 1
1834 782 1
1643 629 1
1032 374 1
1559 840 1
1707 79 1
1095 882 1
2129 880 1
1114 843 1
1010 756 1
1472 848 1
1097 918 1
1799 840 1
1610 615 1
969 907 1
1141 625 1
951 938 1
1374 568 1
1002 643 1
1078 932 1
984 642 1
1013 892 1
1078 848 1
1467 930 1
1942 22 1
1636 777 1
945 930 1
2279 458 1
1237 276 1
982 933 1
1367 221 1
1071 880 1
1244 834 1
1375 218 1
1634 94 1
1604 532 1
1113 435 1
1087 59 1
1301 290 1
1269 841 1
1427 670 1
2279 936 1
1581 896 1
1032 830 1
1510 886 1
2217 276 1
2002 642 1
1234 650 1
1026 846 1
1784 825 1
1656 934 1
1266 809 1
1406 406 1
1437 932 1
1414 530 1
1172 932 1
1464 932 1
1478 329 1
1116 642 1
1138 881 1
2390 798 1
1464 650 1
986 608 1
1686 648 1
1995 905 1
1979 653 1
1393 934 1
1407 846 1
958 930 1
2077 286 1
1407 840 1
1002 864 1
1156 932 1
1784 268 1
1298 299 1
1680 455 1
1149 536 1
1033 934 1
1158 618 1
1772 798 1
1095 756 1
1114 934 1
1091 224 1
1079 645 1
1089 650 1
1923 862 1
1367 329 1
1055 552 1
1424 452 1
987 896 1
1541 751 1
1778 933 1
1772 788 1
1692 881 1
1158 886 1
1346 286 1
1120 650 1
1527 795 1
1308 648 1
1706 540 1
1111 804 1
1138 645 1
2378 871 1
1106 85 1
1406 828 1
1033 484 1
1932 582 1
1026 918 1
1130 618 1
1087 532 1
1262 807 1
1120 848 1
1194 804 1
1393 807 1
1116 741 1
1541 320 1
1072 771 1
1540 881 1
1558 650 1
1023 907 1
1972 896 1
1385 617 1
1284 673 1
1293 851 1
1363 698 1
1703 600 1
2348 498 1
1419 907 1
1006 479 1
1194 479 1
1535 894 1
1656 881 1
1379 933 1
1203 281 1
1510 848 1
966 876 1
945 899 1
1061 900 1
1512 514 1
1138 65 1
1385 422 1
1262 892 1
1244 438 1
1694 611 1
1286 880 1
1435 932 1
1367 527 1
1956 880 1
1149 900 1
1626 721 1
1884 642 1
1114 659 1
1213 785 1
1141 918 1
1026 600 1
1352 643 1
2228 798 1
1292 782 1
1657 618 1
1296 646 1
1045 435 1
1585 405 1
951 882 1
1843 34 1
1985 496 1
1411 880 1
1510 666 1
1397 532 1
1958 886 1
1129 862 1
1192 665 1
1579 814 1
1636 715 1
1707 917 1
1649 932 1
1061 524 1
958 884 1
1071 548 1
1114 553 1
1540 435 1
1061 699 1
1035 840 1
986 886 1
2009 934 1
1116 840 1
1010 847 1
1432 932 1
1994 862 1
1834 932 1
1520 846 1
1468 568 1
1101 840 1
1130 746 1
1269 266 1
1467 846 1
1461 912 1
971 892 1
1427 934 1
1706 886 1
2156 372 1
1301 843 1
966 788 1
1888 798 1
1419 432 1
1683 766 1
1755 934 1
1138 802 1
1100 804 1
2097 682 1
1556 932 1
2193 846 1
1053 195 1
1209 653 1
2625 896 1
1953 699 1
1510 328 1
1512 899 1
1172 275 1
1116 484 1
1107 593 1
1013 933 1
1535 84 1
2228 854 1
1106 749 1
1265 488 1
1194 938 1
1182 653 1
1300 180 1
1296 410 1
1091 899 1
1156 777 1
1026 106 1
1212 928 1
1354 770 1
1837 813 1
1154 795 1
1393 70 1
989 862 1
1169 864 1
1023 600 1
1672 846 1
1114 493 1
1026 934 1
1116 1 1
1182 479 1
1055 762 1
1069 644 1
1015 407 1
1540 843 1
1387 766 1
1149 881 1
1116 885 1
1352 407 1
1627 615 1
1171 943 1
1375 804 1
1770 901 1
1033 854 1
1800 286 1
1079 847 1
1116 881 1
1080 900 1
1324 864 1
1171 881 1
1966 47 1
1006 933 1
1961 834 1
1172 847 1
1237 130 1
1464 236 1
1033 299 1
1157 892 1
1269 923 1
1006 880 1
1262 106 1
1510 749 1
1209 665 1
1091 871 1
1218 930 1
986 933 1
1467 892 1
1777 886 1
1636 886 1
1080 647 1
1409 766 1
1972 907 1
1375 830 1
945 548 1
2270 859 1
945 936 1
1471 804 1
1229 558 1
1870 795 1
2104 936 1
1405 896 1
982 328 1
1244 816 1
1333 932 1
1731 846 1
1558 846 1
1427 381 1
1021 864 1
1013 840 1
1244 488 1
1512 830 1
2028 315 1
1407 894 1
1065 661 1
1103 650 1
1220 266 1
1349 254 1
1237 782 1
1833 704 1
1065 407 1
1988 880 1
1212 920 1
1113 338 1
1095 907 1
1511 546 1
1061 901 1
1699 932 1
1491 595 1
1203 881 1
1178 943 1
1353 901 1
2009 848 1
1234 825 1
1270 624 1
1960 221 1
2056 896 1
1097 751 1
1932 634 1
1714 640 1
1699 795 1
1288 767 1
1097 623 1
1261 627 1
1972 692 1
1013 642 1
1105 276 1
993 892 1
1322 340 1
1300 577 1
2235 851 1
1209 650 1
1061 933 1
1062 807 1
1077 391 1
1956 735 1
1706 768 1
1324 749 1
1622 695 1
1023 785 1
1176 387 1
1770 45 1
1347 901 1
986 848 1
1471 498 1
2559 852 1
1352 807 1
1013 881 1
1642 894 1
1338 864 1
1366 843 1
1870 837 1
1178 881 1
1512 881 1
1162 622 1
1749 207 1
1269 85 1
1154 882 1
2345 559 1
1289 286 1
1960 268 1
1062 901 1
1065 933 1
1099 642 1
1581 749 1
2079 760 1
1234 885 1
1575 804 1
1244 552 1
1178 749 1
1058 514 1
1171 751 1
1347 880 1
1186 894 1
1144 577 1
1138 643 1
1065 698 1
1414 846 1
1819 873 1
1276 682 1
1461 918 1
1105 532 1
2045 653 1
1346 577 1
1138 846 1
1649 881 1
1532 14 1
1061 67 1
1230 938 1
2314 936 1
1375 682 1
1023 749 1
1027 458 1
1253 509 1
1622 501 1
1002 704 1
1268 687 1
1604 896 1
1515 653 1
1075 934 1
1078 928 1
1419 859 1
1111 788 1
951 868 1
1393 943 1
1081 937 1
1149 488 1
1675 749 1
1706 907 1
1634 420 1
1138 632 1
1949 449 1
1463 615 1
1213 558 1
1949 405 1
1301 840 1
1522 886 1
1363 472 1
1540 771 1
1890 70 1
1078 77 1
1230 851 1
1149 943 1
1259 880 1
1880 894 1
976 571 1
1379 627 1
959 478 1
993 145 1
1006 394 1
1874 190 1
1533 567 1
1160 488 1
2108 881 1
1116 671 1
982 798 1
1881 782 1
1174 749 1
1692 825 1
1349 923 1
1992 665 1
1483 6 1
948 158 1
1799 854 1
1091 186 1
1585 387 1
1663 622 1
1873 938 1
1032 648 1
1222 894 1
2422 846 1
1870 804 1
1062 602 1
1692 899 1
986 363 1
1065 715 1
1091 825 1
1259 869 1
1755 932 1
1672 798 1
948 643 1
1077 868 1
1111 536 1
1072 851 1
1049 795 1
1550 704 1
1653 918 1
1170 135 1
951 130 1
1686 854 1
1346 647 1
2202 851 1
1230 646 1
1300 899 1
1694 624 1
966 943 1
1493 474 1
1144 864 1
1055 192 1
1664 394 1
1178 868 1
1541 864 1
2211 682 1
1072 87 1
1230 894 1
2228 864 1
1055 864 1
969 540 1
1491 617 1
969 760 1
1081 840 1
1880 840 1
1533 454 1
2043 918 1
1144 58 1
1324 881 1
2404 234 1
1559 881 1
1006 472 1
1053 648 1
1347 479 1
1692 723 1
1375 653 1
1692 907 1
1196 851 1
1419 479 1
1141 881 1
993 886 1
947 580 1
1142 585 1
1248 819 1
1484 682 1
1262 121 1
1212 635 1
1071 936 1
1990 653 1
2554 486 1
1997 286 1
1234 938 1
1239 851 1
1851 871 1
1416 807 1
1464 294 1
1786 254 1
1192 320 1
1298 294 1
1284 920 1
1065 907 1
1688 139 1
1172 892 1
2281 798 1
1374 901 1
1065 669 1
1753 896 1
1340 886 1
1220 540 1
1548 846 1
1324 804 1
1178 851 1
1347 72 1
1575 886 1
1467 912 1
1532 899 1
1229 306 1
1109 292 1
1066 1 1
1284 923 1
1808 900 1
1416 854 1
1409 864 1
1866 354 1
2538 532 1
1069 892 1
1171 275 1
945 934 1
1095 394 1
1218 555 1
1301 645 1
1651 10 1
2570 648 1
1087 918 1
1006 843 1
1170 650 1
1077 798 1
1958 869 1
1165 840 1
1209 498 1
1472 452 1
1129 638 1
1032 536 1
1116 452 1
1427 933 1
2097 894 1
969 894 1
1089 814 1
1250 507 1
1226 886 1
1651 894 1
1287 695 1
1095 859 1
1510 862 1
1414 896 1
1385 653 1
1229 917 1
1815 905 1
1428 10 1
1129 854 1
1116 880 1
1443 527 1
1532 868 1
1916 405 1
1749 932 1
1522 807 1
1932 937 1
1230 854 1
1573 788 1
1154 746 1
1424 892 1
1808 936 1
1263 299 1
1559 846 1
946 650 1
1175 416 1
1069 935 1
1212 834 1
1080 932 1
1178 933 1
1287 474 1
1703 532 1
1261 788 1
1071 532 1
1630 10 1
1130 484 1
1230 455 1
1162 643 1
1853 871 1
1154 741 1
1468 499 1
959 864 1
1162 880 1
1673 749 1
1269 925 1
2542 851 1
1300 472 1
1183 943 1
1120 405 1
1065 546 1
1457 559 1
2393 932 1
2502 932 1
1336 416 1
1239 56 1
2337 721 1
1065 932 1
1506 671 1
1058 299 1
1075 650 1
1171 880 1
1472 62 1
1266 841 1
946 896 1
1424 896 1
1196 438 1
1196 825 1
1799 932 1
1062 671 1
947 622 1
1062 935 1
1464 719 1
1972 718 1
1061 864 1
1520 715 1
1095 923 1
1244 809 1
1385 648 1
1603 912 1
1457 666 1
1352 387 1
1656 398 1
1373 567 1
1301 804 1
1880 354 1
1109 639 1
993 618 1
1367 778 1
1091 819 1
1026 862 1
1178 843 1
945 689 1
986 682 1
969 374 1
1974 70 1
1657 884 1
1300 639 1
1719 593 1
1101 406 1
1170 871 1
1061 554 1
1069 669 1
1354 653 1
1171 933 1
1033 613 1
1350 849 1
1512 852 1
1788 72 1
1158 899 1
1349 56 1
1266 721 1
2326 405 1
989 932 1
1055 416 1
1431 830 1
2431 325 1
1116 864 1
1532 381 1
2566 896 1
1560 846 1
1244 602 1
1349 638 1
1078 568 1
1634 930 1
2229 892 1
1387 650 1
948 579 1
1071 721 1
951 933 1
1566 756 1
1604 627 1
1023 405 1
1649 567 1
1335 622 1
1906 666 1
1541 899 1
1124 843 1
2266 769 1
986 896 1
1097 514 1
1169 15 1
1097 579 1
1393 749 1
1036 276 1
1870 621 1
1124 933 1
1244 735 1
1425 934 1
2053 270 1
945 935 1
945 839 1
1075 479 1
1549 553 1
1310 195 1
1653 854 1
1707 804 1
1379 721 1
951 814 1
1510 943 1
1607 14 1
1686 881 1
1249 47 1
1210 802 1
1237 145 1
969 14 1
1144 618 1
1174 943 1
1130 880 1
1212 178 1
1098 795 1
1284 918 1
1915 918 1
2281 648 1
1021 498 1
1244 559 1
1759 798 1
1212 902 1
1013 862 1
1427 848 1
1116 847 1
1375 843 1
1400 452 1
1428 751 1
1520 933 1
1870 923 1
959 62 1
1141 122 1
945 582 1
1622 832 1
1463 848 1
1013 272 1
1817 644 1
1636 682 1
1002 661 1
1375 854 1
1354 933 1
1105 843 1
1265 936 1
1149 41 1
2533 782 1
1395 864 1
1172 864 1
1692 721 1
1142 884 1
1419 699 1
1333 405 1
1145 943 1
945 892 1
1270 825 1
1289 507 1
1374 749 1
1075 407 1
1533 868 1
1196 862 1
1714 577 1
1468 553 1
1126 94 1
1427 292 1
1703 642 1
1979 880 1
1124 128 1
1349 907 1
1138 886 1
1535 880 1
1418 650 1
1055 771 1
1097 932 1
1129 623 1
1226 718 1
1406 918 1
1407 828 1
1130 934 1
1105 622 1
1755 854 1
1075 846 1
1020 653 1
1244 885 1
1172 943 1
1379 328 1
1229 473 1
1688 203 1
1770 798 1
1212 615 1
1284 320 1
1162 741 1
1097 398 1
1750 851 1
1618 645 1
1226 627 1
1061 115 1
1170 788 1
1023 933 1
1506 932 1
1725 864 1
1414 892 1
1636 666 1
1653 158 1
1443 918 1
1144 933 1
1311 632 1
2439 498 1
1464 85 1
2042 643 1
1157 884 1
1686 442 1
1230 687 1
1313 882 1
1081 874 1
2059 936 1
1649 847 1
1182 607 1
1505 933 1
1482 885 1
1336 896 1
1124 659 1
1379 840 1
1528 58 1
1195 771 1
1045 932 1
1960 749 1
1856 676 1
1493 846 1
1270 834 1
1209 882 1
1212 145 1
1099 756 1
1630 886 1
1363 843 1
1572 894 1
1265 582 1
1972 577 1
1262 851 1
1017 621 1
2204 405 1
1250 243 1
1196 479 1
1932 698 1
1244 813 1
1103 933 1
1062 178 1
1003 106 1
1114 932 1
1590 802 1
1196 936 1
1069 933 1
1156 524 1
1129 932 1
1423 848 1
1100 854 1
1311 886 1
1604 843 1
2072 615 1
1111 864 1
1812 617 1
1540 938 1
1374 892 1
1263 936 1
1052 486 1
1464 918 1
1023 643 1
1576 932 1
1423 892 1
1229 825 1
1160 892 1
1627 362 1
1418 669 1
1212 574 1
1463 659 1
1172 807 1
1144 621 1
1023 621 1
1052 795 1
1071 735 1
1393 933 1
1212 912 1
1683 907 1
1560 659 1
1141 862 1
1266 894 1
1649 854 1
1013 893 1
1515 643 1
989 299 1
1346 864 1
1874 864 1
1183 880 1
2053 864 1
1284 511 1
969 579 1
1960 807 1
2154 846 1
1324 268 1
1414 627 1
1095 862 1
1268 11 1
1520 405 1
1652 653 1
1379 896 1
1178 899 1
1572 880 1
1170 524 1
945 880 1
1138 880 1
1419 923 1
2239 721 1
1172 622 1
2423 846 1
1210 721 1
1101 934 1
1231 880 1
1604 846 1
1104 629 1
1614 788 1
1535 938 1
1036 943 1
2228 554 1
1130 189 1
1154 354 1
1605 496 1
1027 918 1
1054 405 1
2022 881 1
1633 751 1
1150 715 1
1954 449 1
1026 756 1
1815 109 1
1649 376 1
1634 813 1
1142 645 1
1357 548 1
1226 298 1
948 851 1
1336 59 1
947 859 1
1595 632 1
1049 825 1
1347 110 1
1467 532 1
1077 892 1
1071 830 1
1196 938 1
966 933 1
1336 846 1
1310 435 1
1174 932 1
1749 934 1
1249 461 1
1144 843 1
1010 698 1
1317 864 1
1493 472 1
1086 846 1
1442 296 1
1154 452 1
1301 642 1
1168 363 1
1099 301 1
1657 349 1
1442 918 1
995 632 1
2037 886 1
986 77 1
1061 682 1
1311 943 1
1535 905 1
1266 816 1
1322 224 1
1006 650 1
1626 482 1
1120 328 1
1026 648 1
1402 839 1
1032 496 1
946 795 1
1777 825 1
1442 899 1
2204 804 1
1603 234 1
1095 94 1
1442 912 1
1289 894 1
1249 775 1
1367 843 1
1573 615 1
1741 864 1
1230 920 1
1315 788 1
1510 871 1
2328 782 1
1656 659 1
1065 540 1
1213 782 1
1395 848 1
1590 912 1
1374 435 1
1686 938 1
1418 932 1
1237 94 1
1105 851 1
1870 938 1
1239 294 1
969 349 1
1832 841 1
1248 316 1
1367 795 1
1078 553 1
945 552 1
1055 477 1
1929 828 1
1183 892 1
1346 642 1
1605 900 1
1781 766 1
1230 406 1
1169 381 1
1231 192 1
2045 514 1
1218 477 1
1023 896 1
2239 894 1
1262 876 1
1055 634 1
1320 880 1
1091 647 1
1259 284 1
1916 918 1
1350 862 1
1035 880 1
1540 807 1
1903 645 1
1065 893 1
1162 661 1
1156 829 1
986 918 1
1353 435 1
1091 682 1
1982 740 1
2596 756 1
1970 721 1
1379 493 1
1145 864 1
2455 662 1
1419 880 1
1006 682 1
1023 902 1
1213 871 1
2400 932 1
1178 375 1
995 846 1
1985 846 1
1427 804 1
1026 932 1
1467 848 1
1759 851 1
1568 934 1
1120 548 1
2084 864 1
1972 178 1
1457 567 1
1231 608 1
1079 41 1
982 221 1
1244 892 1
1972 554 1
1218 623 1
1120 862 1
1035 896 1
1087 930 1
1071 891 1
1358 899 1
1427 892 1
1062 938 1
1013 458 1
1045 407 1
1013 896 1
1467 932 1
1065 923 1
1097 650 1
1172 830 1
1605 896 1
1265 901 1
1116 907 1
1101 847 1
2051 524 1
1061 374 1
1595 881 1
1244 896 1
1052 595 1
1419 829 1
1010 56 1
1347 756 1
1686 907 1
1233 917 1
1974 885 1
1344 642 1
1017 407 1
996 894 1
976 478 1
1414 882 1
1045 715 1
1265 825 1
1095 830 1
1071 329 1
1218 493 1
2267 936 1
1378 28 1
1373 901 1
1099 868 1
1055 770 1
982 849 1
1979 901 1
1349 442 1
2369 864 1
1579 650 1
1298 646 1
1284 656 1
1604 601 1
1932 907 1
1174 864 1
1427 896 1
1311 286 1
1075 642 1
1129 943 1
1954 640 1
1089 804 1
1174 882 1
2147 934 1
947 917 1
1172 843 1
1300 749 1
1354 109 1
945 692 1
1643 798 1
1081 719 1
1287 936 1
1259 611 1
1065 864 1
1364 749 1
1346 798 1
1126 653 1
1145 761 1
1033 650 1
1336 65 1
1079 746 1
1462 627 1
1423 751 1
1162 804 1
984 593 1
1098 406 1
1535 699 1
1994 536 1
1157 452 1
1289 828 1
1033 932 1
1630 642 1
1120 648 1
1683 721 1
1099 749 1
1579 435 1
1027 798 1
1233 936 1
1442 881 1
1003 474 1
1156 884 1
1374 848 1
1270 873 1
1172 77 1
1300 457 1
1205 851 1
1095 62 1
2255 682 1
1532 618 1
1172 721 1
1471 454 1
1095 918 1
1595 862 1
1652 398 1
1036 385 1
1097 788 1
1653 930 1
1124 87 1
1035 862 1
959 609 1
1266 854 1
1170 934 1
946 442 1
1259 751 1
1649 934 1
1884 880 1
1069 577 1
1065 917 1
951 936 1
1406 932 1
1354 938 1
1141 846 1
1192 896 1
1218 593 1
951 669 1
1218 751 1
1520 943 1
958 239 1
1535 391 1
2489 799 1
1209 862 1
1759 923 1
1423 225 1
948 59 1
1262 315 1
1126 276 1
2227 854 1
1974 795 1
1478 894 1
1692 642 1
1838 681 1
1244 441 1
1315 653 1
1138 542 1
1493 885 1
1604 751 1
1144 665 1
1231 894 1
2389 405 1
1375 536 1
1230 701 1
1301 912 1
2422 682 1
1826 229 1
1346 871 1
1389 788 1
1175 830 1
1013 901 1
1725 907 1
1741 892 1
1230 876 1
2161 881 1
1467 876 1
1244 546 1
982 484 1
1170 933 1
1027 746 1
1071 637 1
1720 618 1
1249 871 1
1431 469 1
2009 721 1
1584 536 1
1373 350 1
1692 802 1
1457 804 1
945 917 1
1230 288 1
1516 643 1
1154 930 1
2331 782 1
1524 503 1
1461 59 1
1472 392 1
1414 749 1
1230 755 1
1471 880 1
1160 943 1
1026 671 1
959 907 1
1244 788 1
1262 880 1
1071 928 1
2049 724 1
1604 577 1
1292 873 1
1220 928 1
946 798 1
1244 634 1
948 882 1
1584 346 1
1230 723 1
1220 923 1
1055 798 1
1071 473 1
1237 593 1
1939 785 1
1003 189 1
1512 756 1
1322 290 1
1889 854 1
1097 885 1
1105 918 1
1324 766 1
1229 420 1
2350 622 1
2077 416 1
1035 843 1
1013 943 1
1002 901 1
1065 817 1
1683 363 1
1603 767 1
1393 892 1
1229 884 1
1880 794 1
1310 907 1
1086 847 1
1324 892 1
1781 830 1
1071 594 1
959 935 1
1493 749 1
960 930 1
1144 234 1
1120 682 1
1471 934 1
1528 934 1
2009 653 1
1010 901 1
1799 848 1
1770 577 1
1375 158 1
1120 632 1
1095 899 1
951 52 1
1522 868 1
1961 923 1
1467 573 1
1157 899 1
1653 435 1
1604 918 1
2126 642 1
1006 622 1
1311 398 1
1979 932 1
1870 880 1
1035 807 1
1149 406 1
1142 840 1
1105 871 1
1142 625 1
1162 843 1
1116 70 1
1939 918 1
1541 891 1
1265 362 1
1756 848 1
1194 894 1
1982 894 1
2367 405 1
1079 868 1
1903 933 1
1675 798 1
1707 435 1
1050 938 1
1942 642 1
1375 892 1
1233 685 1
1284 479 1
1032 577 1
1560 912 1
1686 864 1
1349 817 1
1819 685 1
1467 704 1
1467 455 1
1692 862 1
1062 749 1
1192 938 1
1528 766 1
946 807 1
1532 896 1
990 328 1
1061 455 1
1158 387 1
1015 283 1
1266 724 1
1229 235 1
1607 698 1
1104 653 1
1684 837 1
959 798 1
1077 899 1
1154 665 1
2045 94 1
1385 778 1
1636 892 1
1849 782 1
1751 276 1
1066 869 1
1095 548 1
1141 615 1
1142 601 1
1649 509 1
1707 933 1
945 932 1
1027 843 1
1033 918 1
1889 798 1
951 458 1
1130 868 1
1213 687 1
1472 573 1
1626 853 1
1790 839 1
1427 666 1
1510 896 1
1269 735 1
2045 639 1
1379 846 1
1863 825 1
1340 846 1
1213 768 1
1182 363 1
1883 715 1
1759 376 1
1069 864 1
1402 648 1
1395 477 1
1990 682 1
1069 158 1
1385 843 1
1535 923 1
1777 624 1
2154 346 1
1378 795 1
1033 830 1
1770 255 1
982 943 1
1080 479 1
1062 507 1
1130 670 1
1078 934 1
1145 385 1
1379 458 1
2084 325 1
1288 701 1
969 880 1
1062 395 1
1424 669 1
1418 934 1
1905 625 1
1435 846 1
1218 943 1
1464 594 1
969 582 1
1081 894 1
1375 807 1
1113 661 1
1097 721 1
1130 892 1
1656 766 1
2053 846 1
1692 880 1
1604 798 1
1129 840 1
1990 896 1
1212 868 1
1374 881 1
1233 426 1
1781 892 1
1054 648 1
1194 852 1
1171 457 1
1174 158 1
1172 579 1
1120 802 1
2017 884 1
1226 854 1
1015 896 1
1071 710 1
1081 825 1
1015 848 1
1062 555 1
1986 788 1
1512 943 1
1182 766 1
945 907 1
1156 299 1
1457 405 1
2142 387 1
1071 464 1
1141 313 1
1130 749 1
1652 615 1
1035 666 1
1296 724 1
1863 936 1
1032 847 1
1218 501 1
2554 782 1
1270 907 1
1154 896 1
1692 281 1
1683 749 1
1032 83 1
1395 457 1
1889 741 1
1364 756 1
1113 407 1
1418 407 1
1414 682 1
1055 178 1
1063 932 1
1692 454 1
1052 936 1
2062 326 1
1905 934 1
1113 932 1
1021 719 1
1026 881 1
1023 846 1
1013 807 1
1419 548 1
1129 622 1
1823 755 1
1559 195 1
1003 145 1
1262 894 1
1023 673 1
948 864 1
1017 682 1
990 788 1
1162 548 1
1174 868 1
1725 893 1
1692 856 1
1249 416 1
1192 501 1
1182 868 1
982 901 1
1319 405 1
1010 477 1
969 882 1
1425 426 1
1424 381 1
1284 695 1
1886 846 1
1266 901 1
1322 843 1
1491 420 1
1983 843 1
1154 848 1
1065 145 1
969 548 1
1308 886 1
1032 933 1
1026 933 1
1138 899 1
1358 932 1
1160 885 1
1406 934 1
1754 766 1
1230 574 1
1686 665 1
1265 854 1
1154 407 1
1169 896 1
971 650 1
1349 932 1
1414 943 1
1249 894 1
1120 882 1
1387 788 1
1939 721 1
1079 928 1
1584 828 1
1443 766 1
1675 224 1
1292 99 1
1194 214 1
1512 933 1
1817 810 1
1061 637 1
2084 94 1
2190 405 1
2161 886 1
1276 615 1
1154 932 1
1349 555 1
1124 189 1
1347 934 1
2538 416 1
1212 880 1
1349 474 1
1097 638 1
1923 113 1
1266 704 1
1248 857 1
1463 524 1
1262 253 1
1373 846 1
966 739 1
1692 56 1
1196 901 1
2349 486 1
1154 846 1
1643 122 1
1684 145 1
1243 809 1
1182 198 1
1374 524 1
1186 720 1
945 265 1
1367 484 1
1985 554 1
1081 296 1
1412 484 1
960 894 1
1244 276 1
1220 892 1
1881 770 1
1209 555 1
1220 871 1
1226 438 1
1636 896 1
958 150 1
1286 294 1
1091 249 1
1995 168 1
1671 868 1
1205 853 1
945 398 1
1573 778 1
1367 807 1
1694 574 1
945 682 1
1069 899 1
1062 582 1
1150 822 1
1990 577 1
1095 932 1
1352 634 1
1649 892 1
1220 938 1
1649 488 1
1870 852 1
1956 682 1
1402 905 1
1379 804 1
1089 661 1
1250 611 1
1276 782 1
1105 885 1
1387 749 1
1233 938 1
1061 899 1
1537 449 1
1633 640 1
1036 608 1
1078 632 1
1124 899 1
1349 294 1
1904 666 1
1196 486 1
1860 532 1
1065 57 1
1550 932 1
1050 715 1
1981 933 1
1442 617 1
1286 782 1
1873 798 1
1182 58 1
959 618 1
1015 488 1
982 621 1
1176 627 1
1301 788 1
1891 110 1
1694 894 1
1823 902 1
1209 270 1
1213 926 1
1105 721 1
1124 109 1
1395 643 1
1849 894 1
1106 892 1
1419 669 1
1237 938 1
2170 936 1
1363 934 1
1075 892 1
1002 593 1
1387 798 1
1778 830 1
1095 346 1
1078 698 1
1017 642 1
984 846 1
1442 766 1
1222 907 1
1120 896 1
1604 496 1
1284 704 1
1015 682 1
1095 741 1
1087 715 1
1172 746 1
1352 32 1
1424 840 1
1138 98 1
1364 472 1
1101 892 1
1186 721 1
1116 868 1
1149 862 1
1322 665 1
1472 854 1
1079 653 1
1540 348 1
1149 749 1
1519 56 1
946 886 1
1045 846 1
1400 648 1
1209 666 1
1385 933 1
1683 943 1
1097 416 1
1095 864 1
1101 788 1
1575 892 1
1142 10 1
1160 848 1
1226 869 1
1144 899 1
1154 484 1
1023 710 1
1423 669 1
951 407 1
1603 527 1
1262 648 1
1226 441 1
1061 935 1
1949 358 1
1230 874 1
1354 930 1
1603 798 1
1116 554 1
1195 936 1
1349 868 1
1120 577 1
2281 851 1
1144 925 1
1652 848 1
1065 130 1
1324 394 1
1753 621 1
1035 766 1
1423 650 1
1540 847 1
1160 934 1
1706 661 1
1572 618 1
1335 943 1
