4    51    1
4    53    1
4    64    1
4    65    1
4    70    1
4    72    1
4    77    1
4    151    1
4    152    1
4    153    1
4    154    1
4    155    1
4    156    1
4    158    1
4    159    1
4    160    1
4    161    1
4    162    1
4    163    1
4    164    1
4    165    1
4    166    1
4    167    1
4    168    1
4    169    1
4    170    1
4    171    1
4    172    1
4    173    1
4    175    1
4    176    1
4    177    1
4    178    1
4    179    1
4    180    1
4    181    1
4    182    1
4    184    1
4    185    1
4    186    1
4    187    1
4    188    1
4    189    1
4    190    1
4    191    1
4    192    1
4    193    1
5    53    1
5    154    1
5    173    1
5    182    1
5    190    1
5    194    1
5    195    1
5    196    1
5    197    1
5    198    1
5    199    1
5    200    1
5    201    1
5    203    1
5    204    1
5    205    1
5    206    1
5    207    1
5    208    1
5    209    1
5    210    1
5    211    1
5    212    1
5    213    1
5    214    1
5    215    1
5    216    1
5    217    1
5    218    1
5    220    1
5    221    1
5    222    1
5    223    1
5    224    1
5    225    1
5    226    1
5    227    1
5    229    1
5    230    1
5    231    1
5    232    1
5    233    1
5    234    1
5    235    1
5    236    1
5    237    1
5    238    1
7    55    1
7    67    1
7    89    1
7    257    1
7    288    1
7    289    1
7    290    1
7    291    1
7    292    1
7    293    1
7    294    1
7    295    1
7    296    1
7    298    1
7    299    1
7    300    1
7    301    1
7    302    1
7    303    1
7    304    1
7    305    1
7    306    1
7    307    1
7    308    1
7    309    1
7    310    1
7    311    1
7    312    1
7    313    1
7    315    1
7    316    1
7    317    1
7    318    1
7    319    1
7    320    1
7    321    1
7    322    1
7    324    1
7    325    1
7    326    1
7    327    1
7    328    1
7    329    1
7    330    1
7    331    1
7    332    1
7    333    1
13    55    1
13    67    1
13    89    1
13    173    1
13    228    1
13    292    1
13    295    1
13    298    1
13    299    1
13    300    1
13    302    1
13    310    1
13    316    1
13    325    1
13    328    1
13    333    1
13    344    1
13    349    1
13    352    1
13    378    1
13    461    1
13    466    1
13    498    1
13    523    1
13    524    1
13    525    1
13    526    1
13    527    1
13    528    1
13    530    1
13    531    1
13    532    1
13    533    1
13    534    1
13    535    1
13    536    1
13    537    1
13    539    1
13    540    1
13    541    1
13    542    1
13    543    1
13    544    1
13    545    1
13    546    1
13    547    1
13    548    1
14    549    1
14    550    1
14    551    1
14    552    1
14    553    1
14    554    1
14    555    1
14    556    1
14    557    1
14    558    1
14    559    1
14    560    1
14    561    1
14    563    1
14    564    1
14    565    1
14    566    1
14    567    1
14    568    1
14    569    1
14    570    1
14    571    1
14    572    1
14    573    1
14    574    1
14    575    1
14    576    1
14    577    1
14    578    1
14    580    1
14    581    1
14    582    1
14    583    1
14    584    1
14    585    1
14    586    1
14    587    1
14    589    1
14    590    1
14    591    1
14    592    1
14    593    1
14    594    1
14    595    1
14    596    1
14    597    1
14    598    1
23    7    1
23    72    1
23    152    1
23    159    1
23    163    1
23    181    1
23    220    1
23    226    1
23    227    1
23    233    1
23    420    1
23    436    1
23    511    1
23    615    1
23    707    1
23    851    1
23    852    1
23    853    1
23    854    1
23    855    1
23    856    1
23    857    1
23    858    1
23    859    1
23    860    1
23    861    1
23    862    1
23    863    1
23    864    1
23    866    1
23    867    1
23    868    1
23    869    1
23    870    1
23    871    1
23    872    1
23    873    1
23    875    1
23    876    1
23    877    1
23    878    1
23    879    1
23    880    1
23    881    1
23    882    1
23    883    1
23    884    1
24    55    1
24    67    1
24    89    1
24    157    1
24    167    1
24    229    1
24    257    1
24    258    1
24    285    1
24    288    1
24    289    1
24    291    1
24    295    1
24    300    1
24    301    1
24    302    1
24    310    1
24    316    1
24    333    1
24    340    1
24    425    1
24    437    1
24    526    1
24    689    1
24    690    1
24    709    1
24    786    1
24    789    1
24    885    1
24    887    1
24    888    1
24    889    1
24    890    1
24    891    1
24    892    1
24    893    1
24    894    1
24    896    1
24    897    1
24    898    1
24    899    1
24    900    1
24    901    1
24    902    1
24    903    1
24    904    1
24    905    1
26    6    1
26    25    1
26    511    1
26    707    1
26    718    1
26    841    1
26    917    1
26    918    1
26    919    1
26    920    1
26    921    1
26    922    1
26    923    1
26    925    1
26    926    1
26    927    1
26    928    1
26    929    1
26    930    1
26    931    1
26    932    1
26    933    1
26    934    1
26    935    1
26    936    1
26    937    1
26    938    1
26    939    1
26    940    1
26    942    1
26    943    1
26    944    1
26    945    1
26    946    1
26    947    1
26    948    1
26    949    1
26    951    1
26    952    1
26    953    1
26    954    1
26    955    1
26    956    1
26    957    1
26    958    1
26    959    1
26    960    1
28    51    1
28    59    1
28    61    1
28    72    1
28    85    1
28    91    1
28    100    1
28    193    1
28    366    1
28    905    1
28    992    1
28    993    1
28    994    1
28    996    1
28    997    1
28    998    1
28    999    1
28    1000    1
28    1001    1
28    1002    1
28    1003    1
28    1004    1
28    1005    1
28    1006    1
28    1007    1
28    1008    1
28    1009    1
28    1010    1
28    1011    1
28    1013    1
28    1014    1
28    1015    1
28    1016    1
28    1017    1
28    1018    1
28    1019    1
28    1020    1
28    1022    1
28    1023    1
28    1024    1
28    1025    1
28    1026    1
28    1027    1
28    1028    1
28    1029    1
28    1030    1
28    1031    1
30    89    1
30    190    1
30    228    1
30    229    1
30    230    1
30    234    1
30    288    1
30    289    1
30    291    1
30    295    1
30    300    1
30    304    1
30    315    1
30    321    1
30    325    1
30    333    1
30    344    1
30    355    1
30    455    1
30    456    1
30    461    1
30    465    1
30    471    1
30    481    1
30    498    1
30    521    1
30    538    1
30    646    1
30    679    1
30    687    1
30    793    1
30    908    1
30    951    1
30    966    1
30    1043    1
30    1047    1
30    1048    1
30    1050    1
30    1051    1
30    1052    1
30    1053    1
30    1054    1
30    1055    1
30    1056    1
30    1057    1
30    1058    1
30    1059    1
31    30    1
31    55    1
31    56    1
31    59    1
31    67    1
31    72    1
31    77    1
31    159    1
31    227    1
31    238    1
31    289    1
31    515    1
31    534    1
31    757    1
31    875    1
31    880    1
31    959    1
31    972    1
31    1001    1
31    1028    1
31    1060    1
31    1061    1
31    1062    1
31    1063    1
31    1064    1
31    1065    1
31    1066    1
31    1067    1
31    1068    1
31    1070    1
31    1071    1
31    1072    1
31    1073    1
31    1074    1
31    1075    1
31    1076    1
31    1077    1
31    1079    1
31    1080    1
31    1081    1
31    1082    1
31    1083    1
31    1084    1
31    1085    1
31    1086    1
31    1087    1
31    1088    1
33    56    1
33    152    1
33    183    1
33    188    1
33    233    1
33    418    1
33    607    1
33    614    1
33    632    1
33    964    1
33    968    1
33    977    1
33    1098    1
33    1110    1
33    1111    1
33    1112    1
33    1113    1
33    1114    1
33    1115    1
33    1116    1
33    1117    1
33    1118    1
33    1119    1
33    1120    1
33    1121    1
33    1122    1
33    1123    1
33    1124    1
33    1125    1
33    1127    1
33    1128    1
33    1129    1
33    1130    1
33    1131    1
33    1132    1
33    1133    1
33    1134    1
33    1136    1
33    1137    1
33    1138    1
33    1139    1
33    1140    1
33    1141    1
33    1142    1
33    1143    1
33    1144    1
33    1145    1
34    1    1
34    53    1
34    59    1
34    70    1
34    72    1
34    163    1
34    173    1
34    196    1
34    199    1
34    220    1
34    225    1
34    226    1
34    227    1
34    390    1
34    397    1
34    416    1
34    418    1
34    430    1
34    441    1
34    511    1
34    599    1
34    622    1
34    717    1
34    851    1
34    959    1
34    1109    1
34    1146    1
34    1147    1
34    1148    1
34    1150    1
34    1151    1
34    1152    1
34    1153    1
34    1154    1
34    1155    1
34    1156    1
34    1157    1
34    1159    1
34    1160    1
34    1161    1
34    1162    1
34    1163    1
34    1164    1
34    1165    1
34    1166    1
34    1167    1
34    1168    1
37    157    1
37    227    1
37    233    1
37    374    1
37    565    1
37    578    1
37    599    1
37    631    1
37    845    1
37    875    1
37    1098    1
37    1112    1
37    1150    1
37    1203    1
37    1204    1
37    1205    1
37    1206    1
37    1207    1
37    1208    1
37    1209    1
37    1210    1
37    1211    1
37    1212    1
37    1213    1
37    1214    1
37    1215    1
37    1216    1
37    1217    1
37    1218    1
37    1220    1
37    1221    1
37    1222    1
37    1223    1
37    1224    1
37    1225    1
37    1226    1
37    1227    1
37    1229    1
37    1230    1
37    1231    1
37    1232    1
37    1233    1
37    1234    1
37    1235    1
37    1236    1
37    1237    1
37    1238    1
38    56    1
38    65    1
38    88    1
38    89    1
38    176    1
38    182    1
38    187    1
38    190    1
38    203    1
38    227    1
38    228    1
38    229    1
38    288    1
38    300    1
38    306    1
38    333    1
38    342    1
38    344    1
38    366    1
38    421    1
38    466    1
38    486    1
38    489    1
38    498    1
38    511    1
38    533    1
38    562    1
38    614    1
38    679    1
38    689    1
38    691    1
38    701    1
38    951    1
38    959    1
38    982    1
38    1090    1
38    1151    1
38    1239    1
38    1240    1
38    1241    1
38    1242    1
38    1243    1
38    1244    1
38    1245    1
38    1247    1
38    1249    1
39    13    1
39    19    1
39    47    1
39    81    1
39    181    1
39    841    1
39    843    1
39    954    1
39    1250    1
39    1251    1
39    1252    1
39    1253    1
39    1254    1
39    1256    1
39    1257    1
39    1258    1
39    1259    1
39    1260    1
39    1261    1
39    1262    1
39    1263    1
39    1264    1
39    1265    1
39    1266    1
39    1267    1
39    1268    1
39    1269    1
39    1270    1
39    1271    1
39    1273    1
39    1274    1
39    1275    1
39    1276    1
39    1277    1
39    1278    1
39    1279    1
39    1280    1
39    1282    1
39    1283    1
39    1284    1
39    1285    1
39    1286    1
39    1287    1
39    1288    1
39    1289    1
39    1290    1
39    1291    1
48    55    1
48    67    1
48    89    1
48    157    1
48    176    1
48    180    1
48    220    1
48    227    1
48    230    1
48    246    1
48    258    1
48    265    1
48    283    1
48    289    1
48    295    1
48    299    1
48    300    1
48    340    1
48    378    1
48    475    1
48    511    1
48    533    1
48    575    1
48    679    1
48    701    1
48    733    1
48    889    1
48    945    1
48    951    1
48    972    1
48    1421    1
48    1464    1
48    1465    1
48    1466    1
48    1467    1
48    1468    1
48    1469    1
48    1471    1
48    1472    1
48    1473    1
48    1474    1
48    1475    1
48    1476    1
48    1477    1
48    1478    1
48    1479    1
48    1480    1
49    40    1
49    89    1
49    166    1
49    223    1
49    288    1
49    289    1
49    299    1
49    306    1
49    308    1
49    310    1
49    312    1
49    314    1
49    324    1
49    461    1
49    701    1
49    907    1
49    913    1
49    1106    1
49    1390    1
49    1400    1
49    1443    1
49    1481    1
49    1482    1
49    1483    1
49    1484    1
49    1485    1
49    1486    1
49    1487    1
49    1488    1
49    1490    1
49    1491    1
49    1492    1
49    1493    1
49    1494    1
49    1495    1
49    1496    1
49    1497    1
49    1499    1
49    1500    1
49    1501    1
49    1502    1
49    1503    1
49    1504    1
49    1505    1
49    1506    1
49    1507    1
49    1508    1
51    163    1
51    173    1
51    188    1
51    198    1
51    225    1
51    503    1
51    706    1
51    707    1
51    726    1
51    806    1
51    841    1
51    917    1
51    918    1
51    928    1
51    947    1
51    949    1
51    954    1
51    959    1
51    1104    1
51    1214    1
51    1249    1
51    1257    1
51    1261    1
51    1264    1
51    1274    1
51    1337    1
51    1344    1
51    1356    1
51    1358    1
51    1364    1
51    1369    1
51    1412    1
51    1521    1
51    1522    1
51    1523    1
51    1524    1
51    1525    1
51    1527    1
51    1528    1
51    1529    1
51    1530    1
51    1531    1
51    1532    1
51    1533    1
51    1534    1
51    1535    1
51    1536    1
54    55    1
54    67    1
54    71    1
54    88    1
54    288    1
54    289    1
54    291    1
54    292    1
54    296    1
54    298    1
54    299    1
54    310    1
54    318    1
54    329    1
54    333    1
54    349    1
54    360    1
54    378    1
54    465    1
54    523    1
54    525    1
54    535    1
54    538    1
54    701    1
54    793    1
54    798    1
54    800    1
54    906    1
54    911    1
54    1052    1
54    1377    1
54    1392    1
54    1589    1
54    1590    1
54    1591    1
54    1592    1
54    1593    1
54    1595    1
54    1596    1
54    1597    1
54    1598    1
54    1599    1
54    1600    1
54    1601    1
54    1602    1
54    1603    1
54    1604    1
55    65    1
55    154    1
55    190    1
55    220    1
55    227    1
55    267    1
55    276    1
55    278    1
55    331    1
55    425    1
55    429    1
55    569    1
55    1455    1
55    1606    1
55    1607    1
55    1608    1
55    1609    1
55    1610    1
55    1611    1
55    1612    1
55    1613    1
55    1614    1
55    1615    1
55    1616    1
55    1617    1
55    1618    1
55    1619    1
55    1620    1
55    1621    1
55    1623    1
55    1624    1
55    1625    1
55    1626    1
55    1627    1
55    1628    1
55    1629    1
55    1630    1
55    1632    1
55    1633    1
55    1634    1
55    1635    1
55    1636    1
55    1637    1
55    1638    1
55    1639    1
55    1640    1
55    1641    1
57    89    1
57    207    1
57    234    1
57    288    1
57    289    1
57    292    1
57    295    1
57    300    1
57    333    1
57    344    1
57    377    1
57    378    1
57    424    1
57    466    1
57    470    1
57    471    1
57    475    1
57    481    1
57    486    1
57    498    1
57    686    1
57    704    1
57    779    1
57    889    1
57    1034    1
57    1041    1
57    1043    1
57    1045    1
57    1180    1
57    1188    1
57    1190    1
57    1196    1
57    1246    1
57    1429    1
57    1541    1
57    1659    1
57    1670    1
57    1672    1
57    1673    1
57    1674    1
57    1675    1
57    1676    1
57    1677    1
57    1678    1
57    1679    1
57    1680    1
57    1681    1
71    188    1
71    707    1
71    843    1
71    917    1
71    918    1
71    920    1
71    922    1
71    923    1
71    930    1
71    936    1
71    944    1
71    957    1
71    978    1
71    1113    1
71    1128    1
71    1132    1
71    1249    1
71    1339    1
71    1348    1
71    1349    1
71    1350    1
71    1351    1
71    1535    1
71    1992    1
71    1993    1
71    1994    1
71    1995    1
71    1996    1
71    1997    1
71    1999    1
71    2000    1
71    2001    1
71    2002    1
71    2003    1
71    2004    1
71    2005    1
71    2006    1
71    2008    1
71    2009    1
71    2010    1
71    2011    1
71    2012    1
71    2013    1
71    2014    1
71    2015    1
71    2016    1
71    2017    1
73    19    1
73    30    1
73    36    1
73    51    1
73    68    1
73    82    1
73    91    1
73    155    1
73    157    1
73    229    1
73    441    1
73    533    1
73    599    1
73    724    1
73    851    1
73    877    1
73    986    1
73    995    1
73    997    1
73    998    1
73    1001    1
73    1073    1
73    1089    1
73    1297    1
73    1502    1
73    1704    1
73    1711    1
73    1714    1
73    1791    1
73    1895    1
73    2026    1
73    2027    1
73    2028    1
73    2029    1
73    2030    1
73    2031    1
73    2032    1
73    2034    1
73    2035    1
73    2036    1
73    2037    1
73    2038    1
73    2039    1
73    2040    1
73    2041    1
73    2042    1
73    2043    1
79    89    1
79    157    1
79    180    1
79    228    1
79    241    1
79    251    1
79    257    1
79    285    1
79    288    1
79    289    1
79    291    1
79    292    1
79    294    1
79    304    1
79    305    1
79    311    1
79    313    1
79    325    1
79    329    1
79    330    1
79    378    1
79    461    1
79    466    1
79    468    1
79    498    1
79    542    1
79    544    1
79    683    1
79    786    1
79    889    1
79    903    1
79    908    1
79    966    1
79    1043    1
79    1447    1
79    1475    1
79    1556    1
79    2175    1
79    2176    1
79    2177    1
79    2178    1
79    2179    1
79    2180    1
79    2181    1
79    2182    1
79    2183    1
79    2184    1
83    154    1
83    163    1
83    196    1
83    200    1
83    384    1
83    959    1
83    1109    1
83    2298    1
83    2299    1
83    2300    1
83    2301    1
83    2302    1
83    2303    1
83    2305    1
83    2306    1
83    2307    1
83    2308    1
83    2309    1
83    2310    1
83    2311    1
83    2312    1
83    2313    1
83    2314    1
83    2315    1
83    2316    1
83    2317    1
83    2318    1
83    2319    1
83    2320    1
83    2322    1
83    2323    1
83    2324    1
83    2325    1
83    2326    1
83    2327    1
83    2328    1
83    2329    1
83    2331    1
83    2332    1
83    2333    1
83    2334    1
83    2335    1
83    2336    1
83    2337    1
83    2338    1
83    2339    1
83    2340    1
89    89    1
89    190    1
89    207    1
89    209    1
89    228    1
89    289    1
89    291    1
89    300    1
89    302    1
89    318    1
89    321    1
89    333    1
89    362    1
89    378    1
89    403    1
89    455    1
89    464    1
89    486    1
89    488    1
89    498    1
89    525    1
89    680    1
89    687    1
89    693    1
89    701    1
89    704    1
89    779    1
89    903    1
89    1035    1
89    1180    1
89    1183    1
89    1186    1
89    1188    1
89    1193    1
89    1246    1
89    1672    1
89    1673    1
89    2426    1
89    2427    1
89    2428    1
89    2429    1
89    2430    1
89    2431    1
89    2432    1
89    2433    1
89    2434    1
89    2435    1
90    172    1
90    190    1
90    227    1
90    230    1
90    356    1
90    360    1
90    389    1
90    511    1
90    538    1
90    734    1
90    735    1
90    987    1
90    1122    1
90    1415    1
90    1427    1
90    2436    1
90    2437    1
90    2438    1
90    2439    1
90    2440    1
90    2441    1
90    2442    1
90    2443    1
90    2444    1
90    2445    1
90    2446    1
90    2447    1
90    2448    1
90    2449    1
90    2451    1
90    2452    1
90    2453    1
90    2454    1
90    2455    1
90    2456    1
90    2457    1
90    2458    1
90    2460    1
90    2461    1
90    2462    1
90    2463    1
90    2464    1
90    2465    1
90    2466    1
90    2467    1
90    2468    1
90    2469    1
91    197    1
91    441    1
91    475    1
91    599    1
91    631    1
91    859    1
91    867    1
91    1073    1
91    1119    1
91    1167    1
91    1203    1
91    1221    1
91    1293    1
91    1534    1
91    1878    1
91    1889    1
91    1890    1
91    2026    1
91    2030    1
91    2037    1
91    2042    1
91    2043    1
91    2470    1
91    2471    1
91    2472    1
91    2473    1
91    2474    1
91    2475    1
91    2476    1
91    2478    1
91    2479    1
91    2480    1
91    2481    1
91    2482    1
91    2483    1
91    2484    1
91    2485    1
91    2487    1
91    2488    1
91    2489    1
91    2490    1
91    2491    1
91    2492    1
91    2493    1
91    2494    1
91    2495    1
91    2496    1
92    67    1
92    89    1
92    288    1
92    289    1
92    290    1
92    295    1
92    296    1
92    300    1
92    301    1
92    302    1
92    306    1
92    310    1
92    328    1
92    464    1
92    466    1
92    475    1
92    526    1
92    681    1
92    907    1
92    1243    1
92    1351    1
92    1358    1
92    1686    1
92    1689    1
92    2009    1
92    2086    1
92    2101    1
92    2497    1
92    2498    1
92    2500    1
92    2501    1
92    2502    1
92    2503    1
92    2504    1
92    2505    1
92    2506    1
92    2507    1
92    2509    1
92    2510    1
92    2511    1
92    2512    1
92    2513    1
92    2514    1
92    2515    1
92    2516    1
92    2517    1
92    2518    1
95    55    1
95    67    1
95    89    1
95    157    1
95    257    1
95    288    1
95    289    1
95    291    1
95    292    1
95    295    1
95    298    1
95    299    1
95    300    1
95    306    1
95    310    1
95    314    1
95    317    1
95    321    1
95    329    1
95    333    1
95    344    1
95    349    1
95    461    1
95    466    1
95    486    1
95    498    1
95    525    1
95    528    1
95    542    1
95    679    1
95    681    1
95    686    1
95    689    1
95    701    1
95    704    1
95    797    1
95    1032    1
95    2137    1
95    2521    1
95    2543    1
95    2544    1
95    2545    1
95    2546    1
95    2547    1
95    2548    1
95    2549    1
95    2550    1
96    51    1
96    67    1
96    68    1
96    77    1
96    85    1
96    99    1
96    100    1
96    192    1
96    193    1
96    215    1
96    220    1
96    288    1
96    289    1
96    310    1
96    316    1
96    332    1
96    349    1
96    511    1
96    538    1
96    952    1
96    966    1
96    982    1
96    999    1
96    1076    1
96    1464    1
96    1556    1
96    1820    1
96    2183    1
96    2551    1
96    2553    1
96    2554    1
96    2555    1
96    2556    1
96    2557    1
96    2558    1
96    2559    1
96    2560    1
96    2562    1
96    2563    1
96    2564    1
96    2565    1
96    2566    1
96    2567    1
96    2568    1
96    2569    1
96    2570    1
96    2571    1
102    190    1
102    192    1
102    197    1
102    198    1
102    199    1
102    202    1
102    205    1
102    212    1
102    227    1
102    230    1
102    271    1
102    434    1
102    511    1
102    602    1
102    617    1
102    728    1
102    733    1
102    982    1
102    986    1
102    1378    1
102    1518    1
102    1633    1
102    1858    1
102    1881    1
102    1889    1
102    1901    1
102    2265    1
102    2424    1
102    2444    1
102    2625    1
102    2626    1
102    2627    1
102    2628    1
102    2629    1
102    2630    1
102    2631    1
102    2632    1
102    2634    1
102    2635    1
102    2636    1
102    2637    1
102    2638    1
102    2639    1
102    2640    1
102    2641    1
102    2642    1
102    2643    1
104    89    1
104    188    1
104    192    1
104    229    1
104    230    1
104    234    1
104    289    1
104    324    1
104    378    1
104    383    1
104    425    1
104    464    1
104    498    1
104    504    1
104    680    1
104    687    1
104    693    1
104    705    1
104    928    1
104    966    1
104    1038    1
104    1041    1
104    1043    1
104    1044    1
104    1045    1
104    1119    1
104    1185    1
104    1201    1
104    1249    1
104    1412    1
104    1515    1
104    1933    1
104    2637    1
104    2652    1
104    2653    1
104    2654    1
104    2655    1
104    2657    1
104    2658    1
104    2659    1
104    2660    1
104    2661    1
104    2662    1
104    2663    1
104    2664    1
104    2665    1
104    2666    1
105    603    1
105    616    1
105    744    1
105    748    1
105    753    1
105    755    1
105    756    1
105    772    1
105    778    1
105    1222    1
105    1423    1
105    1745    1
105    1945    1
105    2146    1
105    2158    1
105    2161    1
105    2165    1
105    2174    1
105    2496    1
105    2667    1
105    2668    1
105    2669    1
105    2670    1
105    2671    1
105    2672    1
105    2673    1
105    2674    1
105    2675    1
105    2676    1
105    2678    1
105    2679    1
105    2680    1
105    2681    1
105    2682    1
105    2683    1
105    2684    1
105    2685    1
105    2687    1
105    2688    1
105    2689    1
105    2690    1
105    2691    1
105    2692    1
105    2693    1
105    2694    1
105    2695    1
105    2696    1
107    174    1
107    198    1
107    201    1
107    220    1
107    234    1
107    380    1
107    460    1
107    517    1
107    592    1
107    707    1
107    724    1
107    726    1
107    841    1
107    917    1
107    918    1
107    923    1
107    954    1
107    957    1
107    1044    1
107    1099    1
107    1103    1
107    1274    1
107    1348    1
107    1353    1
107    1360    1
107    1369    1
107    1406    1
107    1535    1
107    1789    1
107    2038    1
107    2379    1
107    2620    1
107    2704    1
107    2734    1
107    2735    1
107    2736    1
107    2737    1
107    2739    1
107    2740    1
107    2741    1
107    2742    1
107    2743    1
107    2744    1
107    2745    1
107    2746    1
107    2747    1
107    2748    1
108    12    1
108    15    1
108    28    1
108    47    1
108    152    1
108    188    1
108    517    1
108    841    1
108    1131    1
108    1214    1
108    1229    1
108    1251    1
108    1254    1
108    1260    1
108    1274    1
108    1281    1
108    1521    1
108    2654    1
108    2749    1
108    2750    1
108    2751    1
108    2752    1
108    2753    1
108    2754    1
108    2755    1
108    2756    1
108    2757    1
108    2758    1
108    2759    1
108    2761    1
108    2762    1
108    2763    1
108    2764    1
108    2765    1
108    2766    1
108    2767    1
108    2768    1
108    2770    1
108    2771    1
108    2772    1
108    2773    1
108    2774    1
108    2775    1
108    2776    1
108    2777    1
108    2778    1
108    2779    1
116    234    1
116    248    1
116    249    1
116    267    1
116    276    1
116    475    1
116    527    1
116    619    1
116    1613    1
116    1620    1
116    1622    1
116    1629    1
116    1640    1
116    1952    1
116    1963    1
116    2179    1
116    2226    1
116    2252    1
116    2698    1
116    2903    1
116    2904    1
116    2905    1
116    2906    1
116    2907    1
116    2908    1
116    2909    1
116    2910    1
116    2911    1
116    2912    1
116    2914    1
116    2915    1
116    2916    1
116    2917    1
116    2918    1
116    2919    1
116    2920    1
116    2921    1
116    2923    1
116    2924    1
116    2925    1
116    2926    1
116    2927    1
116    2928    1
116    2929    1
116    2930    1
116    2931    1
116    2932    1
119    152    1
119    188    1
119    370    1
119    503    1
119    517    1
119    724    1
119    806    1
119    812    1
119    813    1
119    820    1
119    821    1
119    824    1
119    835    1
119    843    1
119    917    1
119    918    1
119    920    1
119    923    1
119    930    1
119    936    1
119    943    1
119    953    1
119    1110    1
119    1112    1
119    1113    1
119    1134    1
119    1339    1
119    1743    1
119    1994    1
119    2211    1
119    2370    1
119    2379    1
119    2654    1
119    2962    1
119    2963    1
119    2964    1
119    2965    1
119    2967    1
119    2968    1
119    2969    1
119    2970    1
119    2971    1
119    2972    1
119    2973    1
119    2974    1
119    2975    1
119    2976    1
123    56    1
123    64    1
123    88    1
123    210    1
123    225    1
123    366    1
123    440    1
123    489    1
123    604    1
123    691    1
123    703    1
123    768    1
123    779    1
123    808    1
123    816    1
123    1099    1
123    1195    1
123    1390    1
123    1396    1
123    1409    1
123    1546    1
123    1858    1
123    1988    1
123    2572    1
123    2582    1
123    2605    1
123    2608    1
123    2610    1
123    2824    1
123    3026    1
123    3027    1
123    3028    1
123    3029    1
123    3030    1
123    3031    1
123    3032    1
123    3033    1
123    3035    1
123    3036    1
123    3037    1
123    3038    1
123    3039    1
123    3040    1
123    3041    1
123    3042    1
123    3043    1
123    3044    1
124    7    1
124    63    1
124    65    1
124    70    1
124    72    1
124    75    1
124    154    1
124    157    1
124    173    1
124    182    1
124    187    1
124    190    1
124    198    1
124    229    1
124    230    1
124    377    1
124    407    1
124    486    1
124    489    1
124    504    1
124    533    1
124    538    1
124    707    1
124    727    1
124    954    1
124    1044    1
124    1061    1
124    1072    1
124    1099    1
124    1406    1
124    1713    1
124    1788    1
124    1796    1
124    1859    1
124    2622    1
124    2747    1
124    3045    1
124    3047    1
124    3048    1
124    3049    1
124    3050    1
124    3051    1
124    3052    1
124    3053    1
124    3054    1
124    3055    1
124    3056    1
125    56    1
125    65    1
125    67    1
125    88    1
125    89    1
125    166    1
125    176    1
125    227    1
125    292    1
125    306    1
125    377    1
125    389    1
125    430    1
125    512    1
125    538    1
125    701    1
125    706    1
125    728    1
125    730    1
125    733    1
125    788    1
125    959    1
125    1104    1
125    1239    1
125    1242    1
125    1249    1
125    1412    1
125    1414    1
125    1416    1
125    2346    1
125    2786    1
125    3057    1
125    3058    1
125    3059    1
125    3060    1
125    3061    1
125    3062    1
125    3064    1
125    3065    1
125    3066    1
125    3067    1
125    3068    1
125    3069    1
125    3070    1
125    3071    1
125    3072    1
125    3073    1
127    7    1
127    89    1
127    227    1
127    234    1
127    371    1
127    486    1
127    497    1
127    504    1
127    533    1
127    537    1
127    843    1
127    854    1
127    918    1
127    951    1
127    952    1
127    965    1
127    1079    1
127    1246    1
127    1249    1
127    1672    1
127    1803    1
127    1810    1
127    1927    1
127    2062    1
127    2343    1
127    2346    1
127    2363    1
127    2372    1
127    2379    1
127    2790    1
127    2794    1
127    2797    1
127    3082    1
127    3083    1
127    3084    1
127    3085    1
127    3086    1
127    3088    1
127    3089    1
127    3090    1
127    3091    1
127    3092    1
127    3093    1
127    3094    1
127    3095    1
127    3096    1
127    3097    1
129    55    1
129    67    1
129    71    1
129    89    1
129    257    1
129    265    1
129    288    1
129    289    1
129    292    1
129    293    1
129    294    1
129    295    1
129    296    1
129    300    1
129    302    1
129    304    1
129    323    1
129    325    1
129    333    1
129    344    1
129    352    1
129    362    1
129    374    1
129    389    1
129    423    1
129    461    1
129    465    1
129    466    1
129    523    1
129    544    1
129    548    1
129    686    1
129    689    1
129    690    1
129    704    1
129    906    1
129    915    1
129    972    1
129    1052    1
129    1459    1
129    1463    1
129    1580    1
129    1971    1
129    3123    1
129    3124    1
129    3125    1
129    3126    1
136    55    1
136    67    1
136    89    1
136    257    1
136    288    1
136    289    1
136    290    1
136    291    1
136    292    1
136    293    1
136    294    1
136    295    1
136    299    1
136    302    1
136    305    1
136    306    1
136    309    1
136    310    1
136    314    1
136    318    1
136    320    1
136    325    1
136    326    1
136    328    1
136    329    1
136    333    1
136    342    1
136    344    1
136    349    1
136    386    1
136    455    1
136    456    1
136    459    1
136    465    1
136    523    1
136    535    1
136    538    1
136    701    1
136    891    1
136    907    1
136    913    1
136    1457    1
136    1459    1
136    2022    1
136    2523    1
136    3173    1
136    3199    1
140    65    1
140    126    1
140    154    1
140    170    1
140    190    1
140    195    1
140    196    1
140    199    1
140    203    1
140    207    1
140    211    1
140    216    1
140    217    1
140    225    1
140    237    1
140    416    1
140    418    1
140    424    1
140    431    1
140    445    1
140    503    1
140    599    1
140    602    1
140    622    1
140    1090    1
140    1097    1
140    1151    1
140    1418    1
140    1633    1
140    1964    1
140    2538    1
140    2632    1
140    3248    1
140    3249    1
140    3250    1
140    3251    1
140    3252    1
140    3254    1
140    3255    1
140    3256    1
140    3257    1
140    3258    1
140    3259    1
140    3260    1
140    3261    1
140    3262    1
140    3263    1
144    55    1
144    67    1
144    89    1
144    157    1
144    161    1
144    257    1
144    285    1
144    288    1
144    289    1
144    292    1
144    294    1
144    295    1
144    299    1
144    301    1
144    302    1
144    306    1
144    312    1
144    314    1
144    317    1
144    322    1
144    327    1
144    328    1
144    332    1
144    333    1
144    349    1
144    455    1
144    458    1
144    466    1
144    475    1
144    528    1
144    644    1
144    652    1
144    701    1
144    907    1
144    913    1
144    1037    1
144    1444    1
144    1825    1
144    2083    1
144    2094    1
144    2220    1
144    3313    1
144    3314    1
144    3315    1
144    3316    1
144    3317    1
144    3318    1
157    163    1
157    176    1
157    228    1
157    300    1
157    466    1
157    607    1
157    630    1
157    706    1
157    710    1
157    712    1
157    868    1
157    917    1
157    918    1
157    947    1
157    952    1
157    959    1
157    1358    1
157    1360    1
157    1366    1
157    1369    1
157    1372    1
157    1412    1
157    1513    1
157    1639    1
157    1703    1
157    1807    1
157    1808    1
157    1810    1
157    2342    1
157    2347    1
157    2782    1
157    2784    1
157    2787    1
157    2834    1
157    2973    1
157    3470    1
157    3471    1
157    3473    1
157    3474    1
157    3475    1
157    3476    1
157    3477    1
157    3478    1
157    3479    1
157    3480    1
157    3481    1
157    3482    1
168    88    1
168    107    1
168    154    1
168    440    1
168    622    1
168    629    1
168    703    1
168    748    1
168    757    1
168    1097    1
168    1109    1
168    1163    1
168    1236    1
168    1627    1
168    1770    1
168    1943    1
168    1945    1
168    1953    1
168    1956    1
168    1957    1
168    1964    1
168    1965    1
168    1983    1
168    1990    1
168    2279    1
168    2398    1
168    2535    1
168    2542    1
168    2582    1
168    3685    1
168    3686    1
168    3687    1
168    3688    1
168    3689    1
168    3690    1
168    3691    1
168    3692    1
168    3694    1
168    3695    1
168    3696    1
168    3697    1
168    3698    1
168    3699    1
168    3700    1
168    3701    1
168    3702    1
168    3703    1
171    65    1
171    88    1
171    154    1
171    170    1
171    190    1
171    207    1
171    220    1
171    228    1
171    229    1
171    237    1
171    250    1
171    288    1
171    331    1
171    419    1
171    429    1
171    440    1
171    445    1
171    498    1
171    538    1
171    547    1
171    703    1
171    757    1
171    768    1
171    816    1
171    1179    1
171    1195    1
171    1400    1
171    1412    1
171    1512    1
171    1609    1
171    1632    1
171    1639    1
171    1934    1
171    2125    1
171    2137    1
171    2271    1
171    2521    1
171    2587    1
171    2602    1
171    2608    1
171    3030    1
171    3411    1
171    3707    1
171    3730    1
171    3731    1
171    3732    1
171    3733    1
176    40    1
176    51    1
176    59    1
176    72    1
176    154    1
176    170    1
176    173    1
176    223    1
176    225    1
176    227    1
176    228    1
176    233    1
176    424    1
176    432    1
176    440    1
176    441    1
176    450    1
176    612    1
176    748    1
176    965    1
176    969    1
176    1075    1
176    1090    1
176    1219    1
176    1242    1
176    1376    1
176    1390    1
176    1803    1
176    1878    1
176    2541    1
176    2584    1
176    2611    1
176    2637    1
176    2938    1
176    3030    1
176    3110    1
176    3258    1
176    3411    1
176    3576    1
176    3732    1
176    3754    1
176    3767    1
176    3768    1
176    3769    1
176    3770    1
176    3771    1
176    3772    1
178    188    1
178    218    1
178    383    1
178    607    1
178    812    1
178    820    1
178    821    1
178    824    1
178    837    1
178    868    1
178    917    1
178    949    1
178    1110    1
178    1216    1
178    1264    1
178    1417    1
178    1425    1
178    1426    1
178    1528    1
178    1533    1
178    1639    1
178    1901    1
178    1992    1
178    1994    1
178    2370    1
178    2624    1
178    2746    1
178    2842    1
178    2964    1
178    3264    1
178    3354    1
178    3444    1
178    3456    1
178    3660    1
178    3780    1
178    3781    1
178    3782    1
178    3784    1
178    3785    1
178    3786    1
178    3787    1
178    3788    1
178    3789    1
178    3790    1
178    3791    1
178    3792    1
178    3793    1
183    59    1
183    61    1
183    67    1
183    69    1
183    72    1
183    77    1
183    99    1
183    154    1
183    157    1
183    159    1
183    163    1
183    172    1
183    193    1
183    220    1
183    221    1
183    420    1
183    429    1
183    511    1
183    533    1
183    562    1
183    575    1
183    962    1
183    1072    1
183    1083    1
183    1085    1
183    1098    1
183    1118    1
183    1122    1
183    1384    1
183    1713    1
183    2531    1
183    2559    1
183    3201    1
183    3280    1
183    3364    1
183    3884    1
183    3885    1
183    3887    1
183    3888    1
183    3889    1
183    3890    1
183    3891    1
183    3892    1
183    3893    1
183    3894    1
183    3895    1
183    3896    1
184    53    1
184    64    1
184    67    1
184    70    1
184    72    1
184    81    1
184    89    1
184    152    1
184    154    1
184    163    1
184    166    1
184    173    1
184    182    1
184    190    1
184    238    1
184    378    1
184    418    1
184    423    1
184    506    1
184    518    1
184    522    1
184    689    1
184    757    1
184    930    1
184    961    1
184    1097    1
184    1098    1
184    1104    1
184    1109    1
184    1167    1
184    1243    1
184    1400    1
184    1934    1
184    1983    1
184    1990    1
184    3057    1
184    3201    1
184    3280    1
184    3897    1
184    3898    1
184    3899    1
184    3900    1
184    3901    1
184    3902    1
184    3903    1
184    3904    1
184    3905    1
189    7    1
189    173    1
189    190    1
189    198    1
189    226    1
189    230    1
189    233    1
189    234    1
189    377    1
189    378    1
189    436    1
189    486    1
189    489    1
189    493    1
189    494    1
189    496    1
189    498    1
189    499    1
189    512    1
189    514    1
189    517    1
189    540    1
189    614    1
189    707    1
189    808    1
189    851    1
189    856    1
189    965    1
189    978    1
189    1044    1
189    1116    1
189    1118    1
189    1131    1
189    1145    1
189    1854    1
189    1873    1
189    2014    1
189    2612    1
189    2744    1
189    2843    1
189    2846    1
189    3240    1
189    3621    1
189    3943    1
189    3944    1
189    3945    1
189    3946    1
191    7    1
191    51    1
191    52    1
191    66    1
191    72    1
191    75    1
191    157    1
191    171    1
191    187    1
191    190    1
191    197    1
191    220    1
191    238    1
191    936    1
191    1072    1
191    1090    1
191    1104    1
191    1298    1
191    1369    1
191    1372    1
191    1379    1
191    1410    1
191    1412    1
191    1713    1
191    1787    1
191    1791    1
191    2469    1
191    2735    1
191    2743    1
191    3019    1
191    3047    1
191    3049    1
191    3053    1
191    3197    1
191    3302    1
191    3501    1
191    3837    1
191    3987    1
191    3988    1
191    3989    1
191    3990    1
191    3991    1
191    3992    1
191    3993    1
191    3994    1
191    3995    1
191    3996    1
194    53    1
194    58    1
194    70    1
194    81    1
194    88    1
194    154    1
194    163    1
194    173    1
194    197    1
194    216    1
194    231    1
194    238    1
194    416    1
194    444    1
194    454    1
194    858    1
194    1098    1
194    1130    1
194    1167    1
194    1226    1
194    1424    1
194    1735    1
194    1747    1
194    1751    1
194    1787    1
194    1811    1
194    1971    1
194    1990    1
194    3046    1
194    3164    1
194    3259    1
194    3861    1
194    3870    1
194    3902    1
194    4044    1
194    4045    1
194    4046    1
194    4048    1
194    4049    1
194    4050    1
194    4051    1
194    4052    1
194    4053    1
194    4054    1
194    4055    1
194    4056    1
194    4057    1
198    207    1
198    492    1
198    496    1
198    498    1
198    503    1
198    510    1
198    512    1
198    519    1
198    614    1
198    779    1
198    804    1
198    808    1
198    813    1
198    823    1
198    830    1
198    840    1
198    843    1
198    846    1
198    1044    1
198    1118    1
198    1186    1
198    1195    1
198    1216    1
198    1274    1
198    1540    1
198    1541    1
198    1672    1
198    1853    1
198    1858    1
198    2206    1
198    2576    1
198    2829    1
198    2850    1
198    3029    1
198    3031    1
198    3399    1
198    4096    1
198    4098    1
198    4099    1
198    4100    1
198    4101    1
198    4102    1
198    4103    1
198    4104    1
198    4105    1
198    4106    1
198    4107    1
200    63    1
200    65    1
200    88    1
200    93    1
200    99    1
200    163    1
200    176    1
200    198    1
200    227    1
200    228    1
200    389    1
200    511    1
200    533    1
200    607    1
200    706    1
200    709    1
200    712    1
200    717    1
200    734    1
200    857    1
200    917    1
200    945    1
200    959    1
200    985    1
200    992    1
200    998    1
200    1122    1
200    1358    1
200    1397    1
200    1415    1
200    1705    1
200    1802    1
200    1810    1
200    2013    1
200    2347    1
200    2787    1
200    2853    1
200    4124    1
200    4125    1
200    4126    1
200    4127    1
200    4128    1
200    4129    1
200    4130    1
200    4131    1
200    4132    1
200    4133    1
205    25    1
205    173    1
205    190    1
205    209    1
205    380    1
205    418    1
205    460    1
205    486    1
205    498    1
205    500    1
205    537    1
205    757    1
205    758    1
205    768    1
205    774    1
205    779    1
205    814    1
205    815    1
205    816    1
205    972    1
205    1091    1
205    1188    1
205    1263    1
205    2154    1
205    2383    1
205    2820    1
205    2829    1
205    2847    1
205    3362    1
205    4108    1
205    4173    1
205    4225    1
205    4226    1
205    4227    1
205    4228    1
205    4229    1
205    4230    1
205    4232    1
205    4233    1
205    4234    1
205    4235    1
205    4236    1
205    4237    1
205    4238    1
205    4239    1
205    4240    1
205    4241    1
210    63    1
210    67    1
210    72    1
210    89    1
210    157    1
210    159    1
210    165    1
210    173    1
210    187    1
210    190    1
210    220    1
210    288    1
210    289    1
210    405    1
210    463    1
210    466    1
210    498    1
210    516    1
210    544    1
210    722    1
210    972    1
210    1001    1
210    1061    1
210    1062    1
210    1072    1
210    1075    1
210    1091    1
210    1379    1
210    1673    1
210    1786    1
210    1791    1
210    2506    1
210    3046    1
210    4295    1
210    4296    1
210    4297    1
210    4298    1
210    4300    1
210    4301    1
210    4302    1
210    4303    1
210    4304    1
210    4305    1
210    4306    1
210    4307    1
210    4308    1
210    4309    1
212    917    1
212    920    1
212    923    1
212    924    1
212    928    1
212    930    1
212    936    1
212    937    1
212    942    1
212    944    1
212    946    1
212    957    1
212    1338    1
212    1342    1
212    1349    1
212    1350    1
212    1363    1
212    1374    1
212    1993    1
212    1997    1
212    2009    1
212    2015    1
212    2838    1
212    2975    1
212    4319    1
212    4320    1
212    4321    1
212    4322    1
212    4323    1
212    4325    1
212    4326    1
212    4327    1
212    4328    1
212    4329    1
212    4330    1
212    4331    1
212    4332    1
212    4334    1
212    4335    1
212    4336    1
212    4337    1
212    4338    1
212    4339    1
212    4340    1
212    4341    1
212    4342    1
212    4343    1
242    67    1
242    89    1
242    257    1
242    285    1
242    288    1
242    289    1
242    290    1
242    291    1
242    292    1
242    294    1
242    295    1
242    299    1
242    300    1
242    302    1
242    306    1
242    308    1
242    309    1
242    310    1
242    311    1
242    317    1
242    318    1
242    320    1
242    327    1
242    344    1
242    349    1
242    456    1
242    464    1
242    465    1
242    466    1
242    701    1
242    786    1
242    787    1
242    915    1
242    1037    1
242    1441    1
242    1446    1
242    2083    1
242    2990    1
242    3498    1
242    4696    1
242    4697    1
242    4698    1
242    4699    1
242    4700    1
242    4701    1
242    4702    1
242    4703    1
248    89    1
248    161    1
248    288    1
248    289    1
248    292    1
248    295    1
248    296    1
248    300    1
248    306    1
248    308    1
248    320    1
248    324    1
248    325    1
248    333    1
248    338    1
248    349    1
248    386    1
248    455    1
248    458    1
248    461    1
248    464    1
248    466    1
248    498    1
248    532    1
248    541    1
248    543    1
248    544    1
248    644    1
248    686    1
248    907    1
248    908    1
248    915    1
248    1021    1
248    1071    1
248    1513    1
248    2020    1
248    2498    1
248    3209    1
248    3397    1
248    4565    1
248    4765    1
248    4766    1
248    4767    1
248    4768    1
248    4769    1
248    4770    1
248    4771    1
259    154    1
259    173    1
259    190    1
259    210    1
259    234    1
259    460    1
259    533    1
259    615    1
259    758    1
259    779    1
259    964    1
259    1090    1
259    1179    1
259    1788    1
259    1790    1
259    1913    1
259    2735    1
259    2747    1
259    3046    1
259    3056    1
259    3828    1
259    4226    1
259    4229    1
259    4244    1
259    4887    1
259    4888    1
259    4889    1
259    4890    1
259    4891    1
259    4893    1
259    4894    1
259    4895    1
259    4896    1
259    4897    1
259    4898    1
259    4899    1
259    4900    1
259    4902    1
259    4903    1
259    4904    1
259    4905    1
259    4906    1
259    4907    1
259    4908    1
259    4909    1
259    4910    1
259    4911    1
261    230    1
261    377    1
261    403    1
261    412    1
261    475    1
261    547    1
261    682    1
261    691    1
261    805    1
261    809    1
261    816    1
261    825    1
261    1188    1
261    1196    1
261    1455    1
261    1541    1
261    1542    1
261    1552    1
261    1557    1
261    1568    1
261    1853    1
261    1863    1
261    2187    1
261    2203    1
261    2618    1
261    2923    1
261    3317    1
261    3341    1
261    4002    1
261    4104    1
261    4497    1
261    4503    1
261    4933    1
261    4934    1
261    4935    1
261    4936    1
261    4937    1
261    4939    1
261    4940    1
261    4941    1
261    4942    1
261    4943    1
261    4944    1
261    4945    1
261    4946    1
261    4947    1
261    4948    1
267    89    1
267    182    1
267    191    1
267    221    1
267    288    1
267    289    1
267    291    1
267    292    1
267    300    1
267    304    1
267    305    1
267    307    1
267    318    1
267    325    1
267    344    1
267    352    1
267    362    1
267    378    1
267    403    1
267    437    1
267    456    1
267    458    1
267    461    1
267    464    1
267    466    1
267    498    1
267    528    1
267    531    1
267    548    1
267    681    1
267    683    1
267    686    1
267    690    1
267    786    1
267    908    1
267    1043    1
267    1375    1
267    1447    1
267    1459    1
267    1462    1
267    1934    1
267    2392    1
267    3319    1
267    3756    1
267    5000    1
267    5001    1
267    5002    1
268    180    1
268    706    1
268    707    1
268    732    1
268    821    1
268    841    1
268    952    1
268    954    1
268    1104    1
268    1180    1
268    1249    1
268    1348    1
268    1360    1
268    1372    1
268    1412    1
268    1523    1
268    1803    1
268    1808    1
268    1810    1
268    2031    1
268    2341    1
268    2343    1
268    2746    1
268    2781    1
268    2784    1
268    2787    1
268    2788    1
268    2790    1
268    2973    1
268    3480    1
268    3966    1
268    4165    1
268    4180    1
268    4880    1
268    5003    1
268    5004    1
268    5005    1
268    5007    1
268    5008    1
268    5009    1
268    5010    1
268    5011    1
268    5012    1
268    5013    1
268    5014    1
268    5015    1
268    5016    1
274    1    1
274    7    1
274    8    1
274    72    1
274    157    1
274    265    1
274    374    1
274    375    1
274    385    1
274    390    1
274    395    1
274    396    1
274    397    1
274    877    1
274    1072    1
274    1713    1
274    1857    1
274    1910    1
274    1918    1
274    1930    1
274    2000    1
274    2101    1
274    2102    1
274    2346    1
274    3267    1
274    3324    1
274    3494    1
274    4558    1
274    5076    1
274    5078    1
274    5079    1
274    5080    1
274    5081    1
274    5082    1
274    5083    1
274    5084    1
274    5085    1
274    5087    1
274    5088    1
274    5089    1
274    5090    1
274    5091    1
274    5092    1
274    5093    1
274    5094    1
274    5095    1
274    5096    1
277    10    1
277    13    1
277    15    1
277    17    1
277    26    1
277    30    1
277    31    1
277    154    1
277    159    1
277    162    1
277    182    1
277    190    1
277    198    1
277    227    1
277    229    1
277    234    1
277    237    1
277    425    1
277    515    1
277    755    1
277    758    1
277    954    1
277    1090    1
277    1132    1
277    1277    1
277    1297    1
277    1299    1
277    1326    1
277    1632    1
277    1873    1
277    1974    1
277    3184    1
277    3244    1
277    3432    1
277    3707    1
277    4225    1
277    4226    1
277    4312    1
277    4887    1
277    5111    1
277    5112    1
277    5113    1
277    5114    1
277    5115    1
277    5116    1
277    5117    1
277    5118    1
280    7    1
280    38    1
280    56    1
280    58    1
280    67    1
280    89    1
280    97    1
280    163    1
280    167    1
280    190    1
280    292    1
280    295    1
280    300    1
280    420    1
280    425    1
280    437    1
280    450    1
280    526    1
280    539    1
280    599    1
280    689    1
280    701    1
280    703    1
280    704    1
280    709    1
280    757    1
280    1073    1
280    1098    1
280    1243    1
280    1379    1
280    1398    1
280    1401    1
280    1537    1
280    1700    1
280    1934    1
280    1941    1
280    2083    1
280    3739    1
280    3902    1
280    5147    1
280    5148    1
280    5149    1
280    5150    1
280    5151    1
280    5152    1
280    5153    1
280    5154    1
284    154    1
284    198    1
284    489    1
284    512    1
284    517    1
284    712    1
284    818    1
284    868    1
284    959    1
284    982    1
284    1098    1
284    1116    1
284    1118    1
284    1184    1
284    1186    1
284    1248    1
284    1372    1
284    1415    1
284    1426    1
284    1806    1
284    1994    1
284    2150    1
284    2352    1
284    2580    1
284    2594    1
284    2794    1
284    2855    1
284    2964    1
284    3067    1
284    4458    1
284    4994    1
284    5201    1
284    5202    1
284    5203    1
284    5204    1
284    5205    1
284    5206    1
284    5208    1
284    5209    1
284    5210    1
284    5211    1
284    5212    1
284    5213    1
284    5214    1
284    5215    1
284    5216    1
284    5217    1
290    51    1
290    67    1
290    68    1
290    70    1
290    77    1
290    82    1
290    99    1
290    159    1
290    193    1
290    203    1
290    475    1
290    599    1
290    601    1
290    1001    1
290    1019    1
290    1031    1
290    1076    1
290    1079    1
290    1081    1
290    1090    1
290    1099    1
290    1227    1
290    1409    1
290    1479    1
290    1504    1
290    1686    1
290    1895    1
290    2342    1
290    2531    1
290    2788    1
290    3281    1
290    3739    1
290    3768    1
290    3832    1
290    3920    1
290    4785    1
290    5254    1
290    5256    1
290    5257    1
290    5258    1
290    5259    1
290    5260    1
290    5261    1
290    5262    1
290    5263    1
290    5264    1
290    5265    1
303    56    1
303    88    1
303    159    1
303    163    1
303    198    1
303    226    1
303    227    1
303    228    1
303    234    1
303    250    1
303    383    1
303    412    1
303    441    1
303    562    1
303    703    1
303    706    1
303    707    1
303    709    1
303    712    1
303    843    1
303    857    1
303    859    1
303    868    1
303    1206    1
303    1274    1
303    1369    1
303    1406    1
303    1412    1
303    1415    1
303    1504    1
303    1513    1
303    1804    1
303    1873    1
303    1974    1
303    1979    1
303    2347    1
303    2834    1
303    2855    1
303    2901    1
303    3398    1
303    3792    1
303    4115    1
303    4129    1
303    5172    1
303    5469    1
303    5470    1
303    5471    1
305    55    1
305    65    1
305    89    1
305    161    1
305    228    1
305    288    1
305    289    1
305    292    1
305    294    1
305    295    1
305    299    1
305    300    1
305    302    1
305    310    1
305    311    1
305    327    1
305    328    1
305    329    1
305    331    1
305    333    1
305    344    1
305    352    1
305    377    1
305    386    1
305    461    1
305    464    1
305    466    1
305    475    1
305    484    1
305    538    1
305    543    1
305    544    1
305    679    1
305    686    1
305    701    1
305    704    1
305    802    1
305    1037    1
305    1042    1
305    1443    1
305    1444    1
305    1447    1
305    1475    1
305    1672    1
305    1934    1
305    2990    1
305    4562    1
310    55    1
310    89    1
310    161    1
310    288    1
310    289    1
310    292    1
310    294    1
310    296    1
310    300    1
310    302    1
310    306    1
310    317    1
310    323    1
310    328    1
310    330    1
310    352    1
310    458    1
310    461    1
310    466    1
310    468    1
310    475    1
310    527    1
310    528    1
310    531    1
310    543    1
310    548    1
310    906    1
310    915    1
310    1037    1
310    1409    1
310    1451    1
310    1455    1
310    1463    1
310    2607    1
310    2939    1
310    4491    1
310    4562    1
310    5528    1
310    5529    1
310    5530    1
310    5531    1
310    5532    1
310    5533    1
310    5534    1
310    5535    1
310    5536    1
310    5537    1
311    58    1
311    65    1
311    166    1
311    172    1
311    199    1
311    206    1
311    225    1
311    235    1
311    298    1
311    300    1
311    416    1
311    534    1
311    604    1
311    696    1
311    862    1
311    898    1
311    1001    1
311    1244    1
311    1632    1
311    1740    1
311    2137    1
311    3026    1
311    3108    1
311    3119    1
311    3391    1
311    3742    1
311    4618    1
311    5538    1
311    5539    1
311    5541    1
311    5542    1
311    5543    1
311    5544    1
311    5545    1
311    5546    1
311    5547    1
311    5548    1
311    5550    1
311    5551    1
311    5552    1
311    5553    1
311    5554    1
311    5555    1
311    5556    1
311    5557    1
311    5558    1
311    5559    1
318    67    1
318    89    1
318    97    1
318    167    1
318    210    1
318    230    1
318    257    1
318    289    1
318    293    1
318    298    1
318    299    1
318    300    1
318    302    1
318    314    1
318    318    1
318    331    1
318    349    1
318    360    1
318    466    1
318    475    1
318    525    1
318    527    1
318    534    1
318    540    1
318    546    1
318    547    1
318    701    1
318    718    1
318    898    1
318    1037    1
318    1040    1
318    1047    1
318    1186    1
318    1394    1
318    1595    1
318    1613    1
318    2081    1
318    2179    1
318    2468    1
318    3583    1
318    4189    1
318    4811    1
318    5625    1
318    5626    1
318    5627    1
318    5628    1
318    5629    1
319    207    1
319    226    1
319    383    1
319    718    1
319    808    1
319    932    1
319    964    1
319    977    1
319    1192    1
319    1195    1
319    1206    1
319    1645    1
319    2574    1
319    2608    1
319    2637    1
319    2723    1
319    3032    1
319    3041    1
319    3043    1
319    3729    1
319    4194    1
319    4208    1
319    4211    1
319    4346    1
319    4797    1
319    4821    1
319    4830    1
319    4833    1
319    5306    1
319    5630    1
319    5631    1
319    5632    1
319    5633    1
319    5634    1
319    5635    1
319    5636    1
319    5637    1
319    5639    1
319    5640    1
319    5641    1
319    5642    1
319    5643    1
319    5644    1
319    5645    1
319    5646    1
319    5647    1
319    5648    1
337    6    1
337    841    1
337    917    1
337    954    1
337    956    1
337    1358    1
337    1360    1
337    1364    1
337    1369    1
337    1513    1
337    1524    1
337    1528    1
337    1530    1
337    1535    1
337    1913    1
337    2040    1
337    2055    1
337    2341    1
337    2838    1
337    3470    1
337    3636    1
337    4283    1
337    4791    1
337    4794    1
337    5157    1
337    5689    1
337    5809    1
337    5810    1
337    5811    1
337    5813    1
337    5814    1
337    5815    1
337    5816    1
337    5817    1
337    5818    1
337    5819    1
337    5820    1
337    5822    1
337    5823    1
337    5824    1
337    5825    1
337    5826    1
337    5827    1
337    5828    1
337    5829    1
337    5830    1
337    5831    1
346    7    1
346    55    1
346    59    1
346    67    1
346    89    1
346    97    1
346    173    1
346    190    1
346    207    1
346    209    1
346    210    1
346    228    1
346    229    1
346    234    1
346    289    1
346    300    1
346    412    1
346    424    1
346    425    1
346    453    1
346    466    1
346    504    1
346    511    1
346    512    1
346    539    1
346    542    1
346    704    1
346    709    1
346    859    1
346    982    1
346    1048    1
346    1090    1
346    1155    1
346    1160    1
346    1244    1
346    1406    1
346    1415    1
346    1648    1
346    1988    1
346    2428    1
346    2524    1
346    2600    1
346    2941    1
346    3198    1
346    3200    1
346    4384    1
346    5934    1
349    107    1
349    210    1
349    230    1
349    425    1
349    440    1
349    757    1
349    825    1
349    1035    1
349    1188    1
349    1204    1
349    1228    1
349    1390    1
349    1400    1
349    1557    1
349    1745    1
349    1853    1
349    1983    1
349    2200    1
349    2210    1
349    2214    1
349    2426    1
349    2429    1
349    2582    1
349    2586    1
349    2587    1
349    2593    1
349    3200    1
349    3362    1
349    3548    1
349    4101    1
349    4387    1
349    4508    1
349    4550    1
349    5067    1
349    5126    1
349    5960    1
349    5961    1
349    5963    1
349    5964    1
349    5965    1
349    5966    1
349    5967    1
349    5968    1
349    5969    1
349    5970    1
349    5971    1
349    5972    1
352    58    1
352    67    1
352    89    1
352    229    1
352    288    1
352    289    1
352    292    1
352    293    1
352    295    1
352    300    1
352    302    1
352    306    1
352    328    1
352    344    1
352    436    1
352    466    1
352    471    1
352    498    1
352    524    1
352    532    1
352    536    1
352    538    1
352    543    1
352    544    1
352    679    1
352    680    1
352    681    1
352    689    1
352    701    1
352    909    1
352    966    1
352    982    1
352    1032    1
352    1121    1
352    1130    1
352    1186    1
352    1459    1
352    2175    1
352    2595    1
352    2659    1
352    3201    1
352    5980    1
352    5981    1
352    5982    1
352    5983    1
352    5984    1
352    5985    1
354    89    1
354    190    1
354    257    1
354    288    1
354    289    1
354    292    1
354    295    1
354    299    1
354    300    1
354    301    1
354    312    1
354    314    1
354    317    1
354    325    1
354    333    1
354    346    1
354    349    1
354    377    1
354    378    1
354    386    1
354    461    1
354    465    1
354    466    1
354    475    1
354    525    1
354    528    1
354    644    1
354    652    1
354    655    1
354    701    1
354    1613    1
354    2507    1
354    2646    1
354    4561    1
354    5249    1
354    5993    1
354    5994    1
354    5996    1
354    5997    1
354    5998    1
354    5999    1
354    6000    1
354    6001    1
354    6002    1
354    6003    1
354    6004    1
354    6005    1
355    65    1
355    89    1
355    173    1
355    190    1
355    191    1
355    228    1
355    288    1
355    289    1
355    292    1
355    300    1
355    307    1
355    326    1
355    328    1
355    371    1
355    377    1
355    403    1
355    408    1
355    461    1
355    464    1
355    466    1
355    486    1
355    496    1
355    503    1
355    537    1
355    544    1
355    548    1
355    679    1
355    680    1
355    689    1
355    907    1
355    966    1
355    1042    1
355    1375    1
355    1377    1
355    1378    1
355    1379    1
355    1470    1
355    1852    1
355    1854    1
355    1905    1
355    2020    1
355    2607    1
355    2956    1
355    5002    1
355    6006    1
355    6007    1
355    6008    1
361    55    1
361    67    1
361    89    1
361    257    1
361    279    1
361    283    1
361    285    1
361    288    1
361    289    1
361    290    1
361    291    1
361    292    1
361    293    1
361    295    1
361    299    1
361    302    1
361    304    1
361    305    1
361    308    1
361    309    1
361    310    1
361    318    1
361    320    1
361    322    1
361    333    1
361    340    1
361    342    1
361    344    1
361    349    1
361    461    1
361    511    1
361    523    1
361    525    1
361    538    1
361    542    1
361    641    1
361    646    1
361    790    1
361    913    1
361    1243    1
361    1451    1
361    1459    1
361    1772    1
361    3173    1
361    4716    1
361    4883    1
361    6119    1
363    182    1
363    190    1
363    230    1
363    234    1
363    488    1
363    494    1
363    497    1
363    498    1
363    614    1
363    683    1
363    707    1
363    805    1
363    808    1
363    830    1
363    845    1
363    854    1
363    918    1
363    920    1
363    982    1
363    1041    1
363    1045    1
363    1046    1
363    1179    1
363    1186    1
363    1520    1
363    1546    1
363    1547    1
363    1646    1
363    1672    1
363    1858    1
363    2206    1
363    2738    1
363    2956    1
363    3074    1
363    4189    1
363    5216    1
363    5784    1
363    6126    1
363    6127    1
363    6128    1
363    6129    1
363    6130    1
363    6131    1
363    6132    1
363    6133    1
363    6134    1
363    6135    1
388    190    1
388    228    1
388    289    1
388    377    1
388    378    1
388    407    1
388    518    1
388    706    1
388    718    1
388    726    1
388    837    1
388    910    1
388    930    1
388    955    1
388    982    1
388    1104    1
388    1686    1
388    1705    1
388    1710    1
388    2014    1
388    2035    1
388    2446    1
388    2746    1
388    2838    1
388    2944    1
388    3425    1
388    3667    1
388    4105    1
388    4543    1
388    4920    1
388    5807    1
388    6056    1
388    6077    1
388    6252    1
388    6390    1
388    6391    1
388    6392    1
388    6394    1
388    6395    1
388    6396    1
388    6397    1
388    6398    1
388    6399    1
388    6400    1
388    6401    1
388    6402    1
388    6403    1
391    191    1
391    245    1
391    377    1
391    460    1
391    472    1
391    486    1
391    488    1
391    493    1
391    498    1
391    687    1
391    779    1
391    816    1
391    1043    1
391    1182    1
391    1186    1
391    1194    1
391    1670    1
391    1852    1
391    1854    1
391    2154    1
391    2435    1
391    2661    1
391    2940    1
391    3833    1
391    4234    1
391    4237    1
391    4891    1
391    5310    1
391    6431    1
391    6433    1
391    6434    1
391    6435    1
391    6436    1
391    6437    1
391    6438    1
391    6439    1
391    6440    1
391    6442    1
391    6443    1
391    6444    1
391    6445    1
391    6446    1
391    6447    1
391    6448    1
391    6449    1
391    6450    1
391    6451    1
393    56    1
393    65    1
393    190    1
393    203    1
393    206    1
393    207    1
393    209    1
393    227    1
393    234    1
393    316    1
393    486    1
393    492    1
393    537    1
393    554    1
393    562    1
393    605    1
393    733    1
393    735    1
393    959    1
393    962    1
393    985    1
393    1081    1
393    1090    1
393    1100    1
393    1185    1
393    1197    1
393    1239    1
393    1242    1
393    1378    1
393    1416    1
393    1464    1
393    2341    1
393    2343    1
393    2347    1
393    3065    1
393    3071    1
393    3470    1
393    4089    1
393    5969    1
393    6458    1
393    6459    1
393    6460    1
393    6461    1
393    6462    1
393    6463    1
393    6464    1
393    6465    1
394    163    1
394    245    1
394    250    1
394    1011    1
394    1110    1
394    1372    1
394    1412    1
394    1545    1
394    1681    1
394    1763    1
394    1764    1
394    1775    1
394    2346    1
394    2786    1
394    3378    1
394    3392    1
394    3743    1
394    3746    1
394    4087    1
394    4463    1
394    4466    1
394    4467    1
394    4800    1
394    5119    1
394    5226    1
394    5443    1
394    5594    1
394    6466    1
394    6467    1
394    6469    1
394    6470    1
394    6471    1
394    6472    1
394    6473    1
394    6474    1
394    6475    1
394    6476    1
394    6478    1
394    6479    1
394    6480    1
394    6481    1
394    6482    1
394    6483    1
394    6484    1
394    6485    1
394    6486    1
394    6487    1
398    53    1
398    56    1
398    72    1
398    81    1
398    88    1
398    154    1
398    163    1
398    199    1
398    203    1
398    206    1
398    207    1
398    212    1
398    215    1
398    226    1
398    227    1
398    233    1
398    237    1
398    238    1
398    439    1
398    441    1
398    453    1
398    512    1
398    533    1
398    599    1
398    603    1
398    709    1
398    863    1
398    903    1
398    982    1
398    1089    1
398    1095    1
398    1098    1
398    1107    1
398    1239    1
398    1394    1
398    1400    1
398    1414    1
398    1620    1
398    1761    1
398    1763    1
398    1768    1
398    1806    1
398    1977    1
398    2535    1
398    3156    1
398    4316    1
398    4731    1
399    89    1
399    209    1
399    257    1
399    288    1
399    289    1
399    290    1
399    291    1
399    292    1
399    294    1
399    295    1
399    299    1
399    300    1
399    301    1
399    310    1
399    311    1
399    314    1
399    318    1
399    326    1
399    330    1
399    333    1
399    342    1
399    344    1
399    352    1
399    405    1
399    456    1
399    461    1
399    465    1
399    466    1
399    481    1
399    542    1
399    686    1
399    701    1
399    915    1
399    972    1
399    1037    1
399    1246    1
399    1428    1
399    1459    1
399    1580    1
399    1602    1
399    1690    1
399    2080    1
399    2130    1
399    2392    1
399    2990    1
399    3081    1
399    6528    1
410    333    1
410    403    1
410    464    1
410    471    1
410    501    1
410    687    1
410    691    1
410    1035    1
410    1036    1
410    1038    1
410    1040    1
410    1043    1
410    1183    1
410    1201    1
410    2607    1
410    2653    1
410    3078    1
410    4264    1
410    4385    1
410    5314    1
410    5322    1
410    5950    1
410    5958    1
410    6552    1
410    6593    1
410    6594    1
410    6595    1
410    6596    1
410    6597    1
410    6599    1
410    6600    1
410    6601    1
410    6602    1
410    6603    1
410    6604    1
410    6605    1
410    6606    1
410    6608    1
410    6609    1
410    6610    1
410    6611    1
410    6612    1
410    6613    1
410    6614    1
410    6615    1
410    6616    1
410    6617    1
413    55    1
413    65    1
413    67    1
413    69    1
413    88    1
413    157    1
413    190    1
413    203    1
413    220    1
413    229    1
413    230    1
413    288    1
413    291    1
413    295    1
413    298    1
413    301    1
413    302    1
413    304    1
413    306    1
413    310    1
413    311    1
413    316    1
413    329    1
413    331    1
413    344    1
413    377    1
413    461    1
413    466    1
413    525    1
413    547    1
413    641    1
413    679    1
413    689    1
413    701    1
413    735    1
413    900    1
413    903    1
413    1447    1
413    1455    1
413    1458    1
413    1613    1
413    1936    1
413    2080    1
413    3460    1
413    3708    1
413    6645    1
413    6646    1
415    55    1
415    67    1
415    89    1
415    157    1
415    230    1
415    257    1
415    288    1
415    289    1
415    291    1
415    292    1
415    298    1
415    300    1
415    302    1
415    316    1
415    318    1
415    320    1
415    324    1
415    329    1
415    333    1
415    352    1
415    386    1
415    455    1
415    466    1
415    498    1
415    523    1
415    525    1
415    528    1
415    532    1
415    534    1
415    546    1
415    646    1
415    674    1
415    679    1
415    680    1
415    681    1
415    686    1
415    689    1
415    704    1
415    889    1
415    903    1
415    972    1
415    1034    1
415    1249    1
415    1451    1
415    1580    1
415    2020    1
415    3404    1
417    55    1
417    65    1
417    67    1
417    89    1
417    155    1
417    157    1
417    171    1
417    257    1
417    279    1
417    285    1
417    288    1
417    289    1
417    291    1
417    294    1
417    295    1
417    296    1
417    298    1
417    299    1
417    300    1
417    301    1
417    302    1
417    306    1
417    311    1
417    323    1
417    333    1
417    349    1
417    426    1
417    430    1
417    461    1
417    546    1
417    701    1
417    906    1
417    913    1
417    915    1
417    1037    1
417    1051    1
417    1243    1
417    1601    1
417    1718    1
417    1935    1
417    1936    1
417    2083    1
417    2544    1
417    3057    1
417    3201    1
417    3739    1
417    6677    1
421    55    1
421    67    1
421    71    1
421    89    1
421    157    1
421    180    1
421    250    1
421    257    1
421    288    1
421    289    1
421    291    1
421    292    1
421    293    1
421    298    1
421    299    1
421    300    1
421    301    1
421    302    1
421    306    1
421    310    1
421    311    1
421    314    1
421    320    1
421    326    1
421    327    1
421    329    1
421    333    1
421    349    1
421    360    1
421    461    1
421    466    1
421    468    1
421    475    1
421    484    1
421    525    1
421    542    1
421    543    1
421    903    1
421    907    1
421    908    1
421    913    1
421    1505    1
421    1580    1
421    2179    1
421    2523    1
421    4069    1
421    6723    1
425    55    1
425    89    1
425    161    1
425    257    1
425    288    1
425    289    1
425    291    1
425    292    1
425    295    1
425    299    1
425    300    1
425    301    1
425    302    1
425    311    1
425    314    1
425    318    1
425    323    1
425    325    1
425    328    1
425    333    1
425    342    1
425    344    1
425    349    1
425    360    1
425    378    1
425    386    1
425    461    1
425    464    1
425    466    1
425    486    1
425    498    1
425    528    1
425    544    1
425    646    1
425    680    1
425    681    1
425    686    1
425    704    1
425    797    1
425    802    1
425    966    1
425    1034    1
425    1052    1
425    1455    1
425    1456    1
425    1458    1
425    2020    1
426    53    1
426    63    1
426    64    1
426    70    1
426    81    1
426    103    1
426    107    1
426    138    1
426    162    1
426    175    1
426    238    1
426    418    1
426    444    1
426    621    1
426    632    1
426    697    1
426    727    1
426    747    1
426    748    1
426    756    1
426    772    1
426    782    1
426    1226    1
426    1383    1
426    1418    1
426    1423    1
426    1709    1
426    1731    1
426    1736    1
426    1800    1
426    1824    1
426    2605    1
426    2676    1
426    3417    1
426    4230    1
426    6151    1
426    6159    1
426    6755    1
426    6756    1
426    6757    1
426    6758    1
426    6759    1
426    6760    1
426    6761    1
426    6762    1
426    6763    1
426    6764    1
428    51    1
428    55    1
428    59    1
428    67    1
428    72    1
428    76    1
428    77    1
428    85    1
428    100    1
428    157    1
428    159    1
428    167    1
428    187    1
428    889    1
428    900    1
428    985    1
428    993    1
428    994    1
428    997    1
428    998    1
428    999    1
428    1001    1
428    1004    1
428    1014    1
428    1017    1
428    1019    1
428    1028    1
428    1062    1
428    1076    1
428    1892    1
428    2531    1
428    2552    1
428    2559    1
428    2562    1
428    2571    1
428    3281    1
428    5255    1
428    6065    1
428    6073    1
428    6714    1
428    6742    1
428    6776    1
428    6777    1
428    6778    1
428    6779    1
428    6780    1
428    6781    1
430    51    1
430    59    1
430    68    1
430    72    1
430    89    1
430    96    1
430    98    1
430    99    1
430    100    1
430    157    1
430    167    1
430    193    1
430    291    1
430    511    1
430    599    1
430    612    1
430    683    1
430    715    1
430    874    1
430    905    1
430    993    1
430    997    1
430    999    1
430    1122    1
430    1162    1
430    1795    1
430    1879    1
430    1889    1
430    1890    1
430    2556    1
430    2562    1
430    2938    1
430    3201    1
430    3777    1
430    4435    1
430    4704    1
430    5832    1
430    6782    1
430    6783    1
430    6784    1
430    6785    1
430    6786    1
430    6787    1
430    6788    1
430    6789    1
430    6790    1
430    6791    1
433    7    1
433    12    1
433    15    1
433    23    1
433    25    1
433    503    1
433    514    1
433    785    1
433    923    1
433    966    1
433    1044    1
433    1104    1
433    1281    1
433    1803    1
433    2744    1
433    2963    1
433    2970    1
433    3244    1
433    3800    1
433    4268    1
433    4273    1
433    4275    1
433    6289    1
433    6797    1
433    6798    1
433    6799    1
433    6800    1
433    6801    1
433    6802    1
433    6804    1
433    6805    1
433    6806    1
433    6807    1
433    6808    1
433    6809    1
433    6810    1
433    6811    1
433    6813    1
433    6814    1
433    6815    1
433    6816    1
433    6817    1
433    6818    1
433    6819    1
433    6820    1
433    6821    1
433    6822    1
437    89    1
437    257    1
437    288    1
437    289    1
437    290    1
437    294    1
437    302    1
437    325    1
437    333    1
437    335    1
437    347    1
437    350    1
437    354    1
437    386    1
437    455    1
437    461    1
437    466    1
437    498    1
437    536    1
437    544    1
437    669    1
437    674    1
437    909    1
437    915    1
437    2102    1
437    2646    1
437    2977    1
437    3367    1
437    3570    1
437    4562    1
437    5465    1
437    5767    1
437    5977    1
437    6368    1
437    6856    1
437    6857    1
437    6858    1
437    6860    1
437    6861    1
437    6862    1
437    6863    1
437    6864    1
437    6865    1
437    6866    1
437    6867    1
437    6868    1
437    6869    1
439    267    1
439    271    1
439    276    1
439    278    1
439    475    1
439    527    1
439    1402    1
439    1613    1
439    1636    1
439    1641    1
439    1839    1
439    2179    1
439    2252    1
439    2906    1
439    2907    1
439    2910    1
439    2913    1
439    2915    1
439    2916    1
439    2921    1
439    2923    1
439    2927    1
439    2930    1
439    2931    1
439    6619    1
439    6620    1
439    6626    1
439    6631    1
439    6885    1
439    6887    1
439    6888    1
439    6889    1
439    6890    1
439    6891    1
439    6892    1
439    6893    1
439    6894    1
439    6896    1
439    6897    1
439    6898    1
439    6899    1
439    6900    1
439    6901    1
439    6902    1
439    6903    1
439    6904    1
439    6905    1
441    54    1
441    58    1
441    59    1
441    64    1
441    65    1
441    72    1
441    84    1
441    225    1
441    226    1
441    228    1
441    229    1
441    233    1
441    238    1
441    425    1
441    532    1
441    533    1
441    715    1
441    851    1
441    964    1
441    982    1
441    1089    1
441    1104    1
441    1119    1
441    1151    1
441    1394    1
441    1398    1
441    1400    1
441    1633    1
441    1873    1
441    2823    1
441    2923    1
441    3158    1
441    3252    1
441    3412    1
441    4734    1
441    5666    1
441    6365    1
441    6913    1
441    6914    1
441    6915    1
441    6916    1
441    6917    1
441    6918    1
441    6919    1
441    6920    1
441    6921    1
441    6922    1
444    9    1
444    22    1
444    744    1
444    1103    1
444    1229    1
444    1281    1
444    1521    1
444    2030    1
444    2470    1
444    2702    1
444    3528    1
444    3531    1
444    3536    1
444    6654    1
444    6655    1
444    6659    1
444    6676    1
444    6962    1
444    6963    1
444    6964    1
444    6965    1
444    6966    1
444    6967    1
444    6968    1
444    6969    1
444    6970    1
444    6971    1
444    6972    1
444    6973    1
444    6975    1
444    6976    1
444    6977    1
444    6978    1
444    6979    1
444    6980    1
444    6981    1
444    6982    1
444    6984    1
444    6985    1
444    6986    1
444    6987    1
444    6988    1
444    6989    1
444    6990    1
444    6991    1
444    6992    1
444    6993    1
446    51    1
446    59    1
446    67    1
446    72    1
446    99    1
446    153    1
446    154    1
446    159    1
446    163    1
446    166    1
446    172    1
446    173    1
446    180    1
446    190    1
446    212    1
446    227    1
446    234    1
446    441    1
446    511    1
446    599    1
446    735    1
446    867    1
446    868    1
446    874    1
446    900    1
446    1001    1
446    1014    1
446    1061    1
446    1072    1
446    1103    1
446    1109    1
446    1384    1
446    1412    1
446    1700    1
446    1707    1
446    1709    1
446    1713    1
446    1890    1
446    1892    1
446    3201    1
446    3885    1
446    3886    1
446    3988    1
446    6439    1
446    7007    1
446    7008    1
446    7009    1
454    27    1
454    238    1
454    520    1
454    631    1
454    861    1
454    864    1
454    867    1
454    876    1
454    880    1
454    976    1
454    1061    1
454    1098    1
454    1203    1
454    1394    1
454    1504    1
454    1534    1
454    1707    1
454    2026    1
454    2030    1
454    2042    1
454    2470    1
454    2472    1
454    3280    1
454    3289    1
454    3431    1
454    3443    1
454    3513    1
454    4873    1
454    4875    1
454    6871    1
454    10162    1
454    11107    1
454    12338    1
454    12505    1
454    12508    1
454    12509    1
454    13754    1
454    18735    1
454    18736    1
454    18737    1
454    18738    1
454    18739    1
454    18740    1
454    18741    1
454    18742    1
454    18743    1
454    18744    1
462    154    1
462    159    1
462    206    1
462    211    1
462    219    1
462    223    1
462    227    1
462    416    1
462    429    1
462    511    1
462    599    1
462    610    1
462    612    1
462    715    1
462    857    1
462    859    1
462    868    1
462    910    1
462    1414    1
462    1643    1
462    1881    1
462    1957    1
462    2071    1
462    2415    1
462    2424    1
462    2478    1
462    2531    1
462    2624    1
462    2629    1
462    2640    1
462    4079    1
462    5549    1
462    6229    1
462    6824    1
462    7143    1
462    7144    1
462    7145    1
462    7147    1
462    7148    1
462    7149    1
462    7150    1
462    7151    1
462    7152    1
462    7153    1
462    7154    1
462    7155    1
462    7156    1
465    56    1
465    65    1
465    67    1
465    72    1
465    88    1
465    89    1
465    154    1
465    155    1
465    190    1
465    199    1
465    203    1
465    207    1
465    220    1
465    226    1
465    228    1
465    229    1
465    230    1
465    233    1
465    424    1
465    425    1
465    434    1
465    436    1
465    443    1
465    511    1
465    533    1
465    709    1
465    716    1
465    757    1
465    969    1
465    1099    1
465    1151    1
465    1376    1
465    1384    1
465    1390    1
465    1398    1
465    1400    1
465    1510    1
465    1520    1
465    1777    1
465    1964    1
465    2405    1
465    2535    1
465    2587    1
465    2823    1
465    4115    1
465    6054    1
465    6464    1
478    230    1
478    250    1
478    366    1
478    412    1
478    424    1
478    498    1
478    706    1
478    840    1
478    932    1
478    982    1
478    1206    1
478    1513    1
478    1545    1
478    1654    1
478    1669    1
478    1866    1
478    1974    1
478    2637    1
478    3398    1
478    3444    1
478    4198    1
478    4211    1
478    4216    1
478    4218    1
478    4375    1
478    4793    1
478    4820    1
478    4821    1
478    4822    1
478    4828    1
478    4834    1
478    4847    1
478    5450    1
478    5630    1
478    5639    1
478    6121    1
478    7328    1
478    7330    1
478    7331    1
478    7332    1
478    7333    1
478    7334    1
478    7335    1
478    7336    1
478    7337    1
478    7338    1
478    7339    1
486    55    1
486    67    1
486    89    1
486    157    1
486    234    1
486    251    1
486    257    1
486    258    1
486    265    1
486    285    1
486    288    1
486    289    1
486    291    1
486    292    1
486    294    1
486    299    1
486    300    1
486    302    1
486    306    1
486    333    1
486    346    1
486    349    1
486    352    1
486    523    1
486    528    1
486    543    1
486    701    1
486    4767    1
486    7390    1
491    12    1
491    152    1
491    163    1
491    226    1
491    533    1
491    583    1
491    706    1
491    707    1
491    710    1
491    821    1
491    841    1
491    843    1
491    846    1
491    918    1
491    920    1
491    947    1
491    949    1
491    954    1
491    1206    1
491    1257    1
491    1260    1
491    1261    1
491    1276    1
491    1337    1
491    1351    1
491    1358    1
491    1360    1
491    1364    1
491    1369    1
491    1412    1
491    1523    1
491    1527    1
491    1528    1
491    1531    1
491    1975    1
491    2360    1
491    2744    1
491    2834    1
491    2901    1
491    3509    1
491    3624    1
491    3636    1
491    7419    1
491    7420    1
491    7421    1
491    7422    1
491    7423    1
506    9    1
506    10    1
506    34    1
506    38    1
506    49    1
506    172    1
506    173    1
506    190    1
506    207    1
506    225    1
506    229    1
506    233    1
506    423    1
506    486    1
506    546    1
506    880    1
506    1066    1
506    1075    1
506    1099    1
506    1294    1
506    1332    1
506    1376    1
506    1400    1
506    1497    1
506    1731    1
506    1983    1
506    2166    1
506    3109    1
506    3413    1
506    6008    1
506    6054    1
506    6847    1
506    6875    1
506    6878    1
506    6881    1
506    6920    1
506    7511    1
506    7513    1
506    7514    1
506    7515    1
506    7516    1
506    7517    1
506    7518    1
506    7519    1
506    7520    1
506    7521    1
506    7522    1
510    4    1
510    55    1
510    285    1
510    288    1
510    295    1
510    314    1
510    377    1
510    474    1
510    486    1
510    680    1
510    754    1
510    903    1
510    907    1
510    920    1
510    1167    1
510    1941    1
510    3462    1
510    4110    1
510    4988    1
510    5236    1
510    5565    1
510    7160    1
510    7613    1
510    7614    1
510    7617    1
510    7618    1
510    7619    1
510    7620    1
510    7621    1
510    7622    1
510    7623    1
510    7624    1
510    7625    1
510    7626    1
510    7627    1
510    7629    1
510    7630    1
510    7631    1
510    7632    1
510    7633    1
511    65    1
511    154    1
511    163    1
511    199    1
511    206    1
511    226    1
511    228    1
511    229    1
511    234    1
511    237    1
511    424    1
511    436    1
511    440    1
511    511    1
511    533    1
511    562    1
511    612    1
511    614    1
511    709    1
511    808    1
511    854    1
511    856    1
511    857    1
511    859    1
511    863    1
511    864    1
511    868    1
511    881    1
511    964    1
511    1106    1
511    1131    1
511    1187    1
511    1400    1
511    1412    1
511    1504    1
511    1633    1
511    1705    1
511    1974    1
511    1976    1
511    2268    1
511    2542    1
511    2574    1
511    2821    1
511    3700    1
511    4079    1
511    6187    1
511    6540    1
513    64    1
513    65    1
513    126    1
513    207    1
513    212    1
513    222    1
513    223    1
513    225    1
513    226    1
513    228    1
513    229    1
513    430    1
513    486    1
513    614    1
513    618    1
513    703    1
513    982    1
513    1048    1
513    1093    1
513    1119    1
513    1351    1
513    1400    1
513    1510    1
513    1512    1
513    1609    1
513    1633    1
513    1958    1
513    1988    1
513    2524    1
513    2708    1
513    2823    1
513    2824    1
513    3057    1
513    3253    1
513    7641    1
513    7642    1
513    7643    1
513    7645    1
513    7646    1
513    7647    1
513    7648    1
513    7649    1
513    7650    1
513    7651    1
513    7652    1
513    7653    1
513    7654    1
515    51    1
515    62    1
515    84    1
515    88    1
515    154    1
515    203    1
515    207    1
515    227    1
515    228    1
515    331    1
515    424    1
515    440    1
515    446    1
515    1106    1
515    1187    1
515    1239    1
515    1242    1
515    1390    1
515    1627    1
515    1721    1
515    1881    1
515    1943    1
515    1950    1
515    2532    1
515    2627    1
515    2639    1
515    3258    1
515    3691    1
515    4079    1
515    5428    1
515    6297    1
515    6785    1
515    7661    1
515    7662    1
515    7663    1
515    7664    1
515    7665    1
515    7667    1
515    7668    1
515    7669    1
515    7670    1
515    7671    1
515    7672    1
515    7673    1
515    7674    1
515    7675    1
515    7676    1
517    107    1
517    121    1
517    154    1
517    196    1
517    231    1
517    434    1
517    604    1
517    629    1
517    703    1
517    981    1
517    1106    1
517    1155    1
517    1167    1
517    1627    1
517    1717    1
517    1943    1
517    1946    1
517    2277    1
517    2292    1
517    2408    1
517    2535    1
517    2605    1
517    3026    1
517    3158    1
517    3693    1
517    4032    1
517    5925    1
517    6004    1
517    6915    1
517    7683    1
517    7684    1
517    7685    1
517    7686    1
517    7687    1
517    7688    1
517    7689    1
517    7690    1
517    7692    1
517    7693    1
517    7694    1
517    7695    1
517    7696    1
517    7697    1
517    7698    1
517    7699    1
517    7700    1
517    7701    1
526    7    1
526    198    1
526    220    1
526    366    1
526    383    1
526    412    1
526    424    1
526    464    1
526    488    1
526    517    1
526    527    1
526    536    1
526    706    1
526    724    1
526    732    1
526    816    1
526    830    1
526    843    1
526    920    1
526    979    1
526    982    1
526    1041    1
526    1043    1
526    1044    1
526    1046    1
526    1110    1
526    1186    1
526    1192    1
526    1196    1
526    1249    1
526    1369    1
526    1412    1
526    1639    1
526    1672    1
526    1681    1
526    2226    1
526    2352    1
526    2595    1
526    2789    1
526    2791    1
526    2835    1
526    3316    1
526    3670    1
526    4850    1
526    7778    1
526    7780    1
527    55    1
527    67    1
527    89    1
527    265    1
527    288    1
527    289    1
527    292    1
527    295    1
527    299    1
527    300    1
527    302    1
527    331    1
527    400    1
527    466    1
527    485    1
527    528    1
527    530    1
527    543    1
527    544    1
527    548    1
527    680    1
527    689    1
527    690    1
527    697    1
527    704    1
527    896    1
527    903    1
527    959    1
527    1034    1
527    1379    1
527    1452    1
527    1934    1
527    2025    1
527    2091    1
527    2094    1
527    2098    1
527    2102    1
527    2543    1
527    3404    1
527    3502    1
527    4704    1
527    4814    1
527    5150    1
527    5460    1
527    7349    1
527    7781    1
527    7782    1
534    7    1
534    63    1
534    67    1
534    70    1
534    72    1
534    89    1
534    154    1
534    155    1
534    161    1
534    191    1
534    288    1
534    289    1
534    292    1
534    295    1
534    296    1
534    298    1
534    299    1
534    300    1
534    306    1
534    308    1
534    316    1
534    320    1
534    328    1
534    329    1
534    330    1
534    331    1
534    349    1
534    352    1
534    405    1
534    468    1
534    475    1
534    535    1
534    543    1
534    679    1
534    701    1
534    907    1
534    1061    1
534    1099    1
534    1379    1
534    1449    1
534    1451    1
534    1713    1
534    1795    1
534    2500    1
534    2595    1
534    2634    1
534    3011    1
538    55    1
538    89    1
538    288    1
538    289    1
538    291    1
538    292    1
538    293    1
538    294    1
538    295    1
538    299    1
538    300    1
538    301    1
538    302    1
538    310    1
538    323    1
538    328    1
538    330    1
538    333    1
538    344    1
538    346    1
538    352    1
538    461    1
538    466    1
538    468    1
538    475    1
538    531    1
538    543    1
538    545    1
538    679    1
538    690    1
538    701    1
538    907    1
538    915    1
538    1032    1
538    1037    1
538    1042    1
538    1051    1
538    1455    1
538    1456    1
538    1459    1
538    1934    1
538    2020    1
538    4565    1
538    5267    1
538    5534    1
538    7868    1
538    7869    1
539    51    1
539    65    1
539    67    1
539    70    1
539    72    1
539    75    1
539    89    1
539    99    1
539    153    1
539    159    1
539    165    1
539    166    1
539    182    1
539    190    1
539    209    1
539    233    1
539    265    1
539    288    1
539    295    1
539    377    1
539    389    1
539    436    1
539    455    1
539    486    1
539    491    1
539    493    1
539    511    1
539    599    1
539    718    1
539    1001    1
539    1061    1
539    1072    1
539    1079    1
539    1099    1
539    1104    1
539    1210    1
539    1379    1
539    1787    1
539    3920    1
539    5000    1
539    5532    1
539    7870    1
539    7871    1
539    7872    1
539    7873    1
539    7874    1
539    7875    1
545    7    1
545    89    1
545    173    1
545    189    1
545    190    1
545    191    1
545    204    1
545    209    1
545    288    1
545    289    1
545    291    1
545    331    1
545    333    1
545    377    1
545    378    1
545    403    1
545    405    1
545    408    1
545    472    1
545    481    1
545    486    1
545    488    1
545    490    1
545    497    1
545    498    1
545    518    1
545    537    1
545    538    1
545    680    1
545    1091    1
545    1179    1
545    1186    1
545    1246    1
545    1377    1
545    1378    1
545    1470    1
545    1852    1
545    1863    1
545    2941    1
545    2956    1
545    3094    1
545    3373    1
545    3859    1
545    4177    1
545    6006    1
545    6693    1
545    7898    1
547    163    1
547    226    1
547    227    1
547    233    1
547    424    1
547    436    1
547    562    1
547    599    1
547    614    1
547    615    1
547    617    1
547    619    1
547    709    1
547    856    1
547    857    1
547    858    1
547    881    1
547    917    1
547    918    1
547    959    1
547    964    1
547    1110    1
547    1119    1
547    1202    1
547    1369    1
547    1412    1
547    1416    1
547    1425    1
547    1510    1
547    1709    1
547    1976    1
547    1979    1
547    2271    1
547    2821    1
547    3227    1
547    3364    1
547    3440    1
547    3792    1
547    4123    1
547    6730    1
547    7407    1
547    7907    1
547    7908    1
547    7909    1
547    7910    1
547    7911    1
547    7912    1
549    88    1
549    99    1
549    157    1
549    163    1
549    176    1
549    198    1
549    203    1
549    227    1
549    389    1
549    536    1
549    572    1
549    585    1
549    707    1
549    868    1
549    917    1
549    959    1
549    1091    1
549    1249    1
549    1415    1
549    1416    1
549    1469    1
549    2013    1
549    2136    1
549    2265    1
549    2861    1
549    2899    1
549    2902    1
549    3230    1
549    3471    1
549    4125    1
549    4126    1
549    4605    1
549    6165    1
549    7054    1
549    7426    1
549    7927    1
549    7928    1
549    7930    1
549    7931    1
549    7932    1
549    7933    1
549    7934    1
549    7935    1
549    7936    1
549    7937    1
549    7938    1
549    7939    1
560    2    1
560    7    1
560    9    1
560    56    1
560    59    1
560    72    1
560    159    1
560    181    1
560    187    1
560    203    1
560    204    1
560    227    1
560    370    1
560    432    1
560    448    1
560    512    1
560    533    1
560    605    1
560    709    1
560    716    1
560    718    1
560    858    1
560    997    1
560    998    1
560    1061    1
560    1083    1
560    1098    1
560    1099    1
560    1104    1
560    1394    1
560    1414    1
560    1707    1
560    1814    1
560    2531    1
560    2708    1
560    3280    1
560    3291    1
560    4387    1
560    4994    1
560    7187    1
560    7639    1
560    8065    1
560    8066    1
560    8067    1
560    8068    1
560    8069    1
560    8070    1
561    239    1
561    262    1
561    267    1
561    279    1
561    309    1
561    312    1
561    314    1
561    317    1
561    322    1
561    722    1
561    1457    1
561    1622    1
561    2220    1
561    4566    1
561    4580    1
561    4696    1
561    4713    1
561    4980    1
561    6385    1
561    6566    1
561    6903    1
561    7766    1
561    8071    1
561    8072    1
561    8073    1
561    8074    1
561    8075    1
561    8076    1
561    8077    1
561    8079    1
561    8080    1
561    8081    1
561    8082    1
561    8083    1
561    8084    1
561    8085    1
561    8086    1
561    8088    1
561    8089    1
561    8090    1
561    8091    1
561    8092    1
561    8093    1
561    8094    1
561    8095    1
561    8096    1
561    8097    1
566    18    1
566    32    1
566    59    1
566    72    1
566    75    1
566    99    1
566    154    1
566    159    1
566    166    1
566    181    1
566    203    1
566    206    1
566    227    1
566    416    1
566    515    1
566    599    1
566    707    1
566    821    1
566    843    1
566    854    1
566    856    1
566    868    1
566    905    1
566    949    1
566    982    1
566    1116    1
566    1119    1
566    1131    1
566    1295    1
566    1303    1
566    1335    1
566    1336    1
566    1384    1
566    1660    1
566    1778    1
566    2347    1
566    2783    1
566    3441    1
566    3460    1
566    3988    1
566    4369    1
566    4871    1
566    4876    1
566    5913    1
566    7404    1
566    8149    1
566    8150    1
568    51    1
568    59    1
568    67    1
568    72    1
568    76    1
568    81    1
568    89    1
568    187    1
568    199    1
568    207    1
568    220    1
568    228    1
568    257    1
568    289    1
568    296    1
568    301    1
568    310    1
568    366    1
568    441    1
568    511    1
568    533    1
568    599    1
568    627    1
568    712    1
568    715    1
568    718    1
568    734    1
568    735    1
568    851    1
568    993    1
568    1001    1
568    1089    1
568    1090    1
568    1094    1
568    1244    1
568    1376    1
568    1383    1
568    1633    1
568    1848    1
568    3488    1
568    5787    1
568    6369    1
568    6913    1
568    6920    1
568    8151    1
568    8152    1
568    8153    1
580    2    1
580    65    1
580    188    1
580    204    1
580    228    1
580    230    1
580    366    1
580    512    1
580    614    1
580    722    1
580    770    1
580    805    1
580    808    1
580    1216    1
580    1406    1
580    1470    1
580    2398    1
580    2612    1
580    2775    1
580    3670    1
580    3780    1
580    4222    1
580    4826    1
580    4830    1
580    5244    1
580    5444    1
580    5605    1
580    5631    1
580    6397    1
580    8262    1
580    8263    1
580    8264    1
580    8265    1
580    8266    1
580    8267    1
580    8268    1
580    8269    1
580    8271    1
580    8272    1
580    8273    1
580    8274    1
580    8275    1
580    8276    1
580    8277    1
580    8278    1
580    8279    1
580    8280    1
581    7    1
581    55    1
581    67    1
581    86    1
581    89    1
581    157    1
581    161    1
581    220    1
581    251    1
581    257    1
581    265    1
581    288    1
581    289    1
581    294    1
581    295    1
581    299    1
581    310    1
581    333    1
581    637    1
581    889    1
581    917    1
581    954    1
581    961    1
581    1130    1
581    1274    1
581    1406    1
581    1979    1
581    2179    1
581    3227    1
581    3501    1
581    3674    1
581    3940    1
581    4126    1
581    4917    1
581    6429    1
581    7232    1
581    7241    1
581    8282    1
581    8283    1
581    8284    1
581    8285    1
581    8286    1
581    8287    1
581    8288    1
581    8289    1
581    8290    1
581    8291    1
586    12    1
586    28    1
586    706    1
586    712    1
586    821    1
586    923    1
586    954    1
586    1254    1
586    1260    1
586    1261    1
586    1276    1
586    1369    1
586    2765    1
586    2835    1
586    2961    1
586    2970    1
586    3864    1
586    4269    1
586    4271    1
586    6129    1
586    6258    1
586    8319    1
586    8320    1
586    8321    1
586    8322    1
586    8323    1
586    8324    1
586    8325    1
586    8326    1
586    8328    1
586    8329    1
586    8330    1
586    8331    1
586    8332    1
586    8333    1
586    8334    1
586    8335    1
586    8337    1
586    8338    1
586    8339    1
586    8340    1
586    8341    1
586    8342    1
586    8343    1
586    8344    1
586    8345    1
586    8346    1
594    157    1
594    163    1
594    176    1
594    183    1
594    190    1
594    198    1
594    209    1
594    220    1
594    228    1
594    234    1
594    250    1
594    377    1
594    475    1
594    494    1
594    511    1
594    537    1
594    706    1
594    707    1
594    712    1
594    768    1
594    816    1
594    830    1
594    918    1
594    1044    1
594    1116    1
594    1131    1
594    1132    1
594    1145    1
594    1180    1
594    1194    1
594    1249    1
594    1369    1
594    1406    1
594    1412    1
594    1639    1
594    1672    1
594    1863    1
594    2204    1
594    2797    1
594    2834    1
594    2850    1
594    3373    1
594    8381    1
594    8382    1
594    8383    1
594    8384    1
594    8385    1
602    152    1
602    162    1
602    276    1
602    412    1
602    436    1
602    500    1
602    770    1
602    953    1
602    1090    1
602    1122    1
602    1162    1
602    1228    1
602    1960    1
602    2276    1
602    2381    1
602    2574    1
602    2580    1
602    2847    1
602    3028    1
602    3040    1
602    3041    1
602    3335    1
602    3685    1
602    4100    1
602    4356    1
602    5100    1
602    5423    1
602    8457    1
602    8458    1
602    8460    1
602    8461    1
602    8462    1
602    8463    1
602    8464    1
602    8465    1
602    8466    1
602    8467    1
602    8469    1
602    8470    1
602    8471    1
602    8472    1
602    8473    1
602    8474    1
602    8475    1
602    8476    1
602    8477    1
602    8478    1
607    12    1
607    841    1
607    1124    1
607    1264    1
607    2749    1
607    2753    1
607    2774    1
607    2824    1
607    3809    1
607    4271    1
607    4272    1
607    4290    1
607    6983    1
607    8322    1
607    8323    1
607    8324    1
607    8328    1
607    8329    1
607    8332    1
607    8336    1
607    8344    1
607    8515    1
607    8516    1
607    8517    1
607    8518    1
607    8519    1
607    8520    1
607    8521    1
607    8522    1
607    8524    1
607    8525    1
607    8526    1
607    8527    1
607    8528    1
607    8529    1
607    8530    1
607    8531    1
607    8533    1
607    8534    1
607    8535    1
607    8536    1
607    8537    1
607    8538    1
607    8539    1
607    8540    1
607    8541    1
607    8542    1
609    55    1
609    67    1
609    89    1
609    154    1
609    157    1
609    159    1
609    196    1
609    228    1
609    229    1
609    234    1
609    288    1
609    289    1
609    292    1
609    298    1
609    300    1
609    301    1
609    318    1
609    326    1
609    333    1
609    425    1
609    432    1
609    456    1
609    461    1
609    466    1
609    485    1
609    523    1
609    526    1
609    689    1
609    703    1
609    1037    1
609    1048    1
609    1151    1
609    1243    1
609    1375    1
609    1390    1
609    1400    1
609    1609    1
609    2137    1
609    2533    1
609    2614    1
609    3371    1
609    3672    1
609    3693    1
609    5001    1
609    6374    1
609    8577    1
609    8578    1
611    32    1
611    58    1
611    72    1
611    84    1
611    190    1
611    432    1
611    443    1
611    450    1
611    526    1
611    532    1
611    539    1
611    703    1
611    889    1
611    1001    1
611    1062    1
611    1151    1
611    1155    1
611    1167    1
611    1376    1
611    1396    1
611    1409    1
611    1609    1
611    1632    1
611    1738    1
611    2521    1
611    2535    1
611    2587    1
611    2602    1
611    2708    1
611    4038    1
611    4245    1
611    4308    1
611    4435    1
611    4704    1
611    4725    1
611    4732    1
611    4735    1
611    6374    1
611    8048    1
611    8579    1
611    8580    1
611    8581    1
611    8582    1
611    8583    1
611    8584    1
611    8585    1
611    8586    1
613    204    1
613    212    1
613    228    1
613    366    1
613    418    1
613    433    1
613    602    1
613    606    1
613    630    1
613    718    1
613    735    1
613    868    1
613    1375    1
613    1415    1
613    1426    1
613    1718    1
613    1875    1
613    2277    1
613    3619    1
613    4538    1
613    5446    1
613    5790    1
613    7039    1
613    7147    1
613    7411    1
613    8590    1
613    8591    1
613    8592    1
613    8593    1
613    8594    1
613    8595    1
621    55    1
621    89    1
621    190    1
621    191    1
621    229    1
621    279    1
621    288    1
621    289    1
621    290    1
621    291    1
621    292    1
621    294    1
621    295    1
621    302    1
621    311    1
621    323    1
621    344    1
621    349    1
621    369    1
621    377    1
621    378    1
621    393    1
621    486    1
621    498    1
621    518    1
621    679    1
621    680    1
621    681    1
621    906    1
621    1684    1
621    1705    1
621    1918    1
621    2035    1
621    2092    1
621    2097    1
621    2619    1
621    4487    1
621    4920    1
621    4922    1
621    4923    1
621    5459    1
621    5746    1
621    8650    1
621    8651    1
621    8652    1
621    8653    1
621    8654    1
623    81    1
623    152    1
623    154    1
623    156    1
623    163    1
623    173    1
623    186    1
623    188    1
623    190    1
623    203    1
623    215    1
623    226    1
623    227    1
623    436    1
623    453    1
623    506    1
623    512    1
623    615    1
623    854    1
623    859    1
623    868    1
623    964    1
623    975    1
623    1110    1
623    1118    1
623    1131    1
623    1216    1
623    1372    1
623    1411    1
623    1504    1
623    2624    1
623    3230    1
623    3272    1
623    3481    1
623    3774    1
623    3940    1
623    4366    1
623    4784    1
623    4790    1
623    5172    1
623    5297    1
623    5416    1
623    6137    1
623    7929    1
623    8659    1
623    8660    1
623    8661    1
633    65    1
633    88    1
633    182    1
633    209    1
633    220    1
633    230    1
633    377    1
633    424    1
633    498    1
633    510    1
633    536    1
633    705    1
633    808    1
633    813    1
633    815    1
633    818    1
633    823    1
633    846    1
633    982    1
633    1541    1
633    1662    1
633    1672    1
633    1681    1
633    1725    1
633    2346    1
633    2595    1
633    3032    1
633    3041    1
633    3376    1
633    3383    1
633    4177    1
633    5119    1
633    5454    1
633    5630    1
633    6120    1
633    7756    1
633    8724    1
633    8726    1
633    8727    1
633    8728    1
633    8729    1
633    8730    1
633    8731    1
633    8732    1
633    8733    1
633    8734    1
633    8735    1
637    159    1
637    176    1
637    228    1
637    234    1
637    511    1
637    614    1
637    630    1
637    706    1
637    710    1
637    715    1
637    724    1
637    735    1
637    854    1
637    857    1
637    858    1
637    917    1
637    918    1
637    951    1
637    959    1
637    982    1
637    1249    1
637    1360    1
637    1372    1
637    1415    1
637    1426    1
637    1513    1
637    1643    1
637    1813    1
637    1814    1
637    2346    1
637    2347    1
637    2785    1
637    2787    1
637    2853    1
637    3400    1
637    3470    1
637    5926    1
637    7214    1
637    7227    1
637    8769    1
637    8770    1
637    8771    1
637    8772    1
637    8773    1
637    8774    1
637    8775    1
637    8776    1
639    56    1
639    64    1
639    107    1
639    174    1
639    328    1
639    386    1
639    389    1
639    418    1
639    529    1
639    722    1
639    757    1
639    968    1
639    1009    1
639    1021    1
639    1029    1
639    1306    1
639    1383    1
639    1398    1
639    1401    1
639    1410    1
639    2498    1
639    2500    1
639    2605    1
639    3573    1
639    3673    1
639    3707    1
639    3868    1
639    3982    1
639    4036    1
639    5072    1
639    8390    1
639    8589    1
639    8777    1
639    8778    1
639    8779    1
639    8780    1
639    8781    1
639    8783    1
639    8784    1
639    8785    1
639    8786    1
639    8787    1
639    8788    1
639    8789    1
639    8790    1
639    8791    1
639    8792    1
640    157    1
640    163    1
640    212    1
640    220    1
640    227    1
640    230    1
640    554    1
640    562    1
640    599    1
640    614    1
640    705    1
640    706    1
640    725    1
640    732    1
640    735    1
640    868    1
640    918    1
640    920    1
640    959    1
640    1244    1
640    1369    1
640    1372    1
640    1411    1
640    1412    1
640    1415    1
640    1426    1
640    1757    1
640    1803    1
640    1804    1
640    2342    1
640    2343    1
640    2347    1
640    2786    1
640    2787    1
640    2853    1
640    2855    1
640    2901    1
640    3478    1
640    4251    1
640    4458    1
640    5172    1
640    5416    1
640    5660    1
640    7056    1
640    8793    1
640    8794    1
640    8795    1
642    265    1
642    511    1
642    564    1
642    565    1
642    572    1
642    574    1
642    575    1
642    580    1
642    581    1
642    583    1
642    584    1
642    717    1
642    1244    1
642    2786    1
642    2842    1
642    2864    1
642    2894    1
642    2896    1
642    3019    1
642    3071    1
642    6958    1
642    6959    1
642    7056    1
642    8123    1
642    8282    1
642    8802    1
642    8803    1
642    8804    1
642    8805    1
642    8807    1
642    8808    1
642    8809    1
642    8810    1
642    8811    1
642    8812    1
642    8813    1
642    8814    1
642    8816    1
642    8817    1
642    8818    1
642    8819    1
642    8820    1
642    8821    1
642    8822    1
642    8823    1
642    8824    1
642    8825    1
645    63    1
645    97    1
645    227    1
645    265    1
645    294    1
645    575    1
645    727    1
645    903    1
645    959    1
645    1114    1
645    1427    1
645    1800    1
645    1833    1
645    2046    1
645    2047    1
645    2050    1
645    2054    1
645    2059    1
645    2067    1
645    2079    1
645    3466    1
645    4616    1
645    4711    1
645    5624    1
645    5745    1
645    5787    1
645    7626    1
645    8152    1
645    8842    1
645    8844    1
645    8845    1
645    8846    1
645    8847    1
645    8848    1
645    8849    1
645    8850    1
645    8851    1
645    8853    1
645    8854    1
645    8855    1
645    8856    1
645    8857    1
645    8858    1
645    8859    1
645    8860    1
645    8861    1
645    8862    1
646    89    1
646    157    1
646    161    1
646    191    1
646    288    1
646    289    1
646    292    1
646    295    1
646    299    1
646    300    1
646    302    1
646    304    1
646    306    1
646    325    1
646    327    1
646    328    1
646    333    1
646    342    1
646    344    1
646    377    1
646    456    1
646    458    1
646    461    1
646    466    1
646    468    1
646    475    1
646    498    1
646    528    1
646    538    1
646    681    1
646    686    1
646    691    1
646    692    1
646    701    1
646    790    1
646    797    1
646    907    1
646    1042    1
646    1047    1
646    1452    1
646    1455    1
646    1458    1
646    2607    1
646    2939    1
646    4562    1
646    4811    1
646    8863    1
649    190    1
649    198    1
649    220    1
649    377    1
649    490    1
649    500    1
649    503    1
649    504    1
649    614    1
649    707    1
649    806    1
649    808    1
649    812    1
649    837    1
649    843    1
649    846    1
649    917    1
649    918    1
649    920    1
649    930    1
649    949    1
649    953    1
649    957    1
649    966    1
649    982    1
649    1206    1
649    1339    1
649    1350    1
649    1358    1
649    1854    1
649    1905    1
649    2009    1
649    2143    1
649    2172    1
649    2379    1
649    2744    1
649    2794    1
649    2966    1
649    3051    1
649    3859    1
649    4178    1
649    4608    1
649    4612    1
649    4971    1
649    5673    1
649    8881    1
649    8882    1
650    67    1
650    72    1
650    89    1
650    159    1
650    190    1
650    210    1
650    228    1
650    229    1
650    288    1
650    289    1
650    317    1
650    329    1
650    330    1
650    403    1
650    405    1
650    486    1
650    498    1
650    500    1
650    521    1
650    527    1
650    531    1
650    540    1
650    689    1
650    716    1
650    969    1
650    1056    1
650    1090    1
650    1098    1
650    1099    1
650    1183    1
650    1184    1
650    1246    1
650    1376    1
650    1378    1
650    1705    1
650    1713    1
650    3238    1
650    5482    1
650    5490    1
650    5847    1
650    6008    1
650    7324    1
650    8883    1
650    8884    1
650    8885    1
650    8886    1
650    8887    1
652    7    1
652    45    1
652    88    1
652    154    1
652    198    1
652    203    1
652    233    1
652    238    1
652    377    1
652    503    1
652    512    1
652    517    1
652    1044    1
652    1116    1
652    1118    1
652    1119    1
652    1131    1
652    1203    1
652    1672    1
652    1701    1
652    1870    1
652    2151    1
652    2380    1
652    2484    1
652    2493    1
652    3238    1
652    3523    1
652    6345    1
652    6394    1
652    7639    1
652    8347    1
652    8904    1
652    8905    1
652    8906    1
652    8907    1
652    8908    1
652    8909    1
652    8911    1
652    8912    1
652    8913    1
652    8914    1
652    8915    1
652    8916    1
652    8917    1
652    8918    1
652    8919    1
652    8920    1
656    51    1
656    72    1
656    77    1
656    100    1
656    157    1
656    227    1
656    258    1
656    599    1
656    601    1
656    707    1
656    732    1
656    889    1
656    952    1
656    998    1
656    1015    1
656    1064    1
656    1079    1
656    1416    1
656    1846    1
656    1889    1
656    2343    1
656    2356    1
656    2554    1
656    2556    1
656    2558    1
656    2562    1
656    2784    1
656    2936    1
656    3201    1
656    3674    1
656    3856    1
656    3921    1
656    4130    1
656    4180    1
656    5156    1
656    5744    1
656    6776    1
656    8989    1
656    8990    1
656    8991    1
656    8992    1
656    8993    1
656    8994    1
656    8995    1
656    8996    1
656    8997    1
656    8998    1
657    7    1
657    190    1
657    207    1
657    227    1
657    233    1
657    367    1
657    377    1
657    381    1
657    388    1
657    399    1
657    425    1
657    432    1
657    460    1
657    512    1
657    754    1
657    758    1
657    759    1
657    972    1
657    1048    1
657    1700    1
657    1786    1
657    1789    1
657    1865    1
657    1876    1
657    1904    1
657    2106    1
657    2154    1
657    2383    1
657    2747    1
657    2820    1
657    3046    1
657    3833    1
657    4118    1
657    4430    1
657    4435    1
657    4502    1
657    4896    1
657    7637    1
657    8298    1
657    8790    1
657    8999    1
657    9000    1
657    9001    1
657    9002    1
657    9003    1
657    9004    1
657    9005    1
668    65    1
668    176    1
668    220    1
668    230    1
668    412    1
668    438    1
668    439    1
668    498    1
668    500    1
668    533    1
668    705    1
668    706    1
668    707    1
668    714    1
668    724    1
668    917    1
668    918    1
668    924    1
668    932    1
668    946    1
668    951    1
668    957    1
668    1045    1
668    1104    1
668    1186    1
668    1241    1
668    1249    1
668    1350    1
668    1369    1
668    1545    1
668    1662    1
668    1672    1
668    1681    1
668    2032    1
668    2080    1
668    2346    1
668    2987    1
668    4087    1
668    4463    1
668    4793    1
668    4850    1
668    5630    1
668    5749    1
668    6120    1
668    6282    1
668    6792    1
668    9153    1
670    55    1
670    56    1
670    65    1
670    84    1
670    88    1
670    154    1
670    167    1
670    182    1
670    206    1
670    207    1
670    228    1
670    229    1
670    298    1
670    535    1
670    546    1
670    716    1
670    903    1
670    969    1
670    1048    1
670    1055    1
670    1090    1
670    1106    1
670    1155    1
670    1376    1
670    1400    1
670    1409    1
670    1486    1
670    1934    1
670    1941    1
670    1982    1
670    1986    1
670    2132    1
670    2137    1
670    2521    1
670    2544    1
670    2582    1
670    3237    1
670    3730    1
670    3731    1
670    4706    1
670    5045    1
670    5428    1
670    7445    1
670    9160    1
670    9161    1
670    9162    1
670    9163    1
671    89    1
671    240    1
671    290    1
671    299    1
671    300    1
671    318    1
671    327    1
671    333    1
671    393    1
671    455    1
671    458    1
671    469    1
671    486    1
671    544    1
671    646    1
671    679    1
671    1470    1
671    2080    1
671    2439    1
671    2498    1
671    2548    1
671    2977    1
671    2986    1
671    3387    1
671    3392    1
671    3576    1
671    4463    1
671    4466    1
671    4474    1
671    7061    1
671    7083    1
671    9164    1
671    9165    1
671    9166    1
671    9167    1
671    9168    1
671    9169    1
671    9171    1
671    9172    1
671    9173    1
671    9174    1
671    9175    1
671    9176    1
671    9177    1
671    9178    1
671    9179    1
671    9180    1
673    65    1
673    88    1
673    366    1
673    378    1
673    412    1
673    472    1
673    488    1
673    614    1
673    706    1
673    707    1
673    708    1
673    726    1
673    727    1
673    966    1
673    982    1
673    1044    1
673    1470    1
673    1556    1
673    1672    1
673    1681    1
673    2068    1
673    3078    1
673    3427    1
673    3459    1
673    3749    1
673    4439    1
673    4466    1
673    4828    1
673    5099    1
673    5427    1
673    5630    1
673    7756    1
673    8728    1
673    8810    1
673    9184    1
673    9185    1
673    9186    1
673    9188    1
673    9189    1
673    9190    1
673    9191    1
673    9192    1
673    9193    1
673    9194    1
673    9195    1
673    9196    1
673    9197    1
674    55    1
674    89    1
674    288    1
674    289    1
674    292    1
674    300    1
674    302    1
674    306    1
674    352    1
674    386    1
674    388    1
674    400    1
674    413    1
674    464    1
674    466    1
674    524    1
674    525    1
674    526    1
674    528    1
674    532    1
674    543    1
674    544    1
674    686    1
674    689    1
674    793    1
674    972    1
674    1032    1
674    1444    1
674    1451    1
674    1456    1
674    1918    1
674    1934    1
674    2020    1
674    2081    1
674    2091    1
674    2092    1
674    2094    1
674    2521    1
674    2799    1
674    4561    1
674    4814    1
674    5537    1
674    5574    1
674    9198    1
674    9199    1
674    9200    1
674    9201    1
680    55    1
680    89    1
680    97    1
680    172    1
680    288    1
680    289    1
680    291    1
680    292    1
680    293    1
680    300    1
680    302    1
680    318    1
680    325    1
680    357    1
680    360    1
680    375    1
680    377    1
680    461    1
680    465    1
680    466    1
680    475    1
680    523    1
680    536    1
680    686    1
680    701    1
680    797    1
680    811    1
680    816    1
680    906    1
680    908    1
680    930    1
680    951    1
680    1021    1
680    1601    1
680    1797    1
680    2094    1
680    2102    1
680    3324    1
680    3763    1
680    4156    1
680    4562    1
680    4767    1
680    7390    1
680    7448    1
680    9233    1
680    9234    1
680    9235    1
688    55    1
688    65    1
688    67    1
688    70    1
688    89    1
688    95    1
688    99    1
688    182    1
688    184    1
688    190    1
688    207    1
688    209    1
688    220    1
688    228    1
688    229    1
688    230    1
688    288    1
688    292    1
688    316    1
688    329    1
688    333    1
688    344    1
688    349    1
688    362    1
688    377    1
688    378    1
688    412    1
688    424    1
688    428    1
688    466    1
688    498    1
688    511    1
688    528    1
688    533    1
688    679    1
688    681    1
688    689    1
688    1048    1
688    1090    1
688    1249    1
688    1377    1
688    1934    1
688    2130    1
688    4818    1
688    7194    1
688    7888    1
688    9277    1
691    58    1
691    64    1
691    70    1
691    89    1
691    97    1
691    173    1
691    190    1
691    204    1
691    228    1
691    238    1
691    257    1
691    288    1
691    289    1
691    295    1
691    298    1
691    300    1
691    301    1
691    302    1
691    326    1
691    331    1
691    333    1
691    344    1
691    352    1
691    425    1
691    466    1
691    498    1
691    499    1
691    506    1
691    548    1
691    701    1
691    703    1
691    704    1
691    722    1
691    930    1
691    1037    1
691    1075    1
691    1104    1
691    1854    1
691    2521    1
691    2542    1
691    2608    1
691    3411    1
691    4153    1
691    5736    1
691    8701    1
691    9284    1
691    9285    1
693    195    1
693    217    1
693    222    1
693    223    1
693    225    1
693    228    1
693    412    1
693    426    1
693    429    1
693    466    1
693    526    1
693    532    1
693    615    1
693    886    1
693    898    1
693    1389    1
693    1481    1
693    1632    1
693    2264    1
693    2415    1
693    2534    1
693    2542    1
693    3279    1
693    3616    1
693    3884    1
693    4074    1
693    4079    1
693    4384    1
693    4704    1
693    6229    1
693    6422    1
693    8274    1
693    9304    1
693    9305    1
693    9306    1
693    9307    1
693    9308    1
693    9310    1
693    9311    1
693    9312    1
693    9313    1
693    9314    1
693    9315    1
693    9316    1
693    9317    1
693    9318    1
693    9319    1
694    30    1
694    51    1
694    59    1
694    72    1
694    99    1
694    159    1
694    382    1
694    429    1
694    709    1
694    857    1
694    859    1
694    865    1
694    868    1
694    1067    1
694    1104    1
694    1298    1
694    1412    1
694    1878    1
694    1884    1
694    2014    1
694    2531    1
694    2938    1
694    3281    1
694    3436    1
694    3451    1
694    3781    1
694    3988    1
694    4025    1
694    4129    1
694    5254    1
694    5260    1
694    7069    1
694    7325    1
694    8014    1
694    8910    1
694    9320    1
694    9321    1
694    9323    1
694    9324    1
694    9325    1
694    9326    1
694    9327    1
694    9328    1
694    9329    1
694    9330    1
694    9331    1
694    9332    1
695    65    1
695    154    1
695    162    1
695    163    1
695    171    1
695    221    1
695    533    1
695    607    1
695    621    1
695    632    1
695    748    1
695    756    1
695    851    1
695    1366    1
695    1384    1
695    1418    1
695    1655    1
695    1808    1
695    1812    1
695    2347    1
695    2572    1
695    2676    1
695    2677    1
695    2973    1
695    3095    1
695    3676    1
695    4232    1
695    5160    1
695    6159    1
695    6582    1
695    6759    1
695    6762    1
695    7147    1
695    8423    1
695    9333    1
695    9334    1
695    9335    1
695    9337    1
695    9338    1
695    9339    1
695    9340    1
695    9341    1
695    9342    1
695    9343    1
695    9344    1
695    9345    1
695    9346    1
699    51    1
699    72    1
699    98    1
699    99    1
699    159    1
699    176    1
699    187    1
699    193    1
699    227    1
699    429    1
699    706    1
699    707    1
699    852    1
699    861    1
699    917    1
699    982    1
699    993    1
699    997    1
699    998    1
699    1008    1
699    1013    1
699    1027    1
699    1073    1
699    1132    1
699    1351    1
699    1358    1
699    1360    1
699    1369    1
699    1372    1
699    1803    1
699    1878    1
699    1881    1
699    1891    1
699    1892    1
699    1899    1
699    2013    1
699    2029    1
699    2343    1
699    2347    1
699    2624    1
699    2853    1
699    2901    1
699    3476    1
699    3777    1
699    6541    1
699    6957    1
699    6959    1
702    67    1
702    89    1
702    157    1
702    161    1
702    257    1
702    262    1
702    285    1
702    288    1
702    289    1
702    290    1
702    292    1
702    295    1
702    299    1
702    302    1
702    306    1
702    310    1
702    314    1
702    317    1
702    320    1
702    322    1
702    325    1
702    327    1
702    328    1
702    329    1
702    332    1
702    333    1
702    349    1
702    352    1
702    455    1
702    466    1
702    475    1
702    476    1
702    481    1
702    484    1
702    498    1
702    525    1
702    528    1
702    907    1
702    908    1
702    1457    1
702    2220    1
702    2977    1
702    3498    1
702    4560    1
702    5953    1
702    5988    1
702    9371    1
712    204    1
712    212    1
712    214    1
712    221    1
712    682    1
712    716    1
712    851    1
712    1048    1
712    1298    1
712    1515    1
712    1609    1
712    1633    1
712    2127    1
712    3255    1
712    3676    1
712    5471    1
712    5547    1
712    6229    1
712    6920    1
712    9476    1
712    9477    1
712    9478    1
712    9479    1
712    9480    1
712    9481    1
712    9482    1
712    9483    1
712    9484    1
712    9485    1
712    9486    1
712    9487    1
712    9488    1
712    9490    1
712    9491    1
712    9493    1
714    16    1
714    40    1
714    51    1
714    72    1
714    98    1
714    159    1
714    233    1
714    441    1
714    450    1
714    487    1
714    515    1
714    862    1
714    875    1
714    1075    1
714    1083    1
714    1294    1
714    1787    1
714    1886    1
714    1897    1
714    2938    1
714    3186    1
714    3196    1
714    3432    1
714    3769    1
714    4025    1
714    4038    1
714    4069    1
714    4382    1
714    4732    1
714    5709    1
714    5917    1
714    6847    1
714    7516    1
714    8369    1
714    9256    1
714    9496    1
714    9497    1
714    9499    1
714    9500    1
714    9501    1
714    9502    1
714    9503    1
714    9504    1
714    9505    1
714    9506    1
714    9507    1
714    9508    1
722    55    1
722    67    1
722    89    1
722    172    1
722    187    1
722    203    1
722    220    1
722    230    1
722    257    1
722    288    1
722    289    1
722    292    1
722    293    1
722    299    1
722    300    1
722    302    1
722    306    1
722    310    1
722    318    1
722    324    1
722    325    1
722    326    1
722    329    1
722    333    1
722    344    1
722    349    1
722    360    1
722    386    1
722    455    1
722    461    1
722    464    1
722    466    1
722    475    1
722    498    1
722    523    1
722    525    1
722    534    1
722    545    1
722    701    1
722    704    1
722    790    1
722    793    1
722    972    1
722    1034    1
722    1580    1
722    2523    1
722    5926    1
726    288    1
726    295    1
726    296    1
726    374    1
726    375    1
726    379    1
726    404    1
726    413    1
726    1148    1
726    1253    1
726    1918    1
726    1923    1
726    2083    1
726    2094    1
726    2097    1
726    2101    1
726    2111    1
726    3324    1
726    3490    1
726    3501    1
726    3991    1
726    4558    1
726    5094    1
726    5572    1
726    5767    1
726    9092    1
726    9566    1
726    9567    1
726    9568    1
726    9570    1
726    9571    1
726    9572    1
726    9573    1
726    9574    1
726    9575    1
726    9576    1
726    9577    1
726    9579    1
726    9580    1
726    9581    1
726    9582    1
726    9583    1
726    9584    1
726    9585    1
726    9586    1
726    9587    1
726    9588    1
731    96    1
731    152    1
731    163    1
731    180    1
731    187    1
731    188    1
731    190    1
731    500    1
731    503    1
731    538    1
731    630    1
731    707    1
731    734    1
731    815    1
731    830    1
731    846    1
731    854    1
731    856    1
731    917    1
731    923    1
731    1145    1
731    1162    1
731    1216    1
731    1248    1
731    1378    1
731    1425    1
731    1705    1
731    1778    1
731    1854    1
731    2366    1
731    2370    1
731    2379    1
731    2580    1
731    2595    1
731    2744    1
731    2794    1
731    2853    1
731    3475    1
731    3940    1
731    6133    1
731    6540    1
731    8042    1
731    9260    1
731    9648    1
731    9649    1
731    9650    1
731    9651    1
734    154    1
734    162    1
734    190    1
734    198    1
734    217    1
734    220    1
734    227    1
734    412    1
734    418    1
734    622    1
734    632    1
734    691    1
734    707    1
734    978    1
734    1075    1
734    1131    1
734    1163    1
734    1389    1
734    1633    1
734    2425    1
734    2627    1
734    3040    1
734    3057    1
734    3248    1
734    3249    1
734    3411    1
734    3685    1
734    3705    1
734    4174    1
734    4230    1
734    4385    1
734    6048    1
734    6293    1
734    6298    1
734    6463    1
734    6724    1
734    6759    1
734    8459    1
734    9665    1
734    9666    1
734    9667    1
734    9668    1
734    9669    1
734    9670    1
734    9671    1
734    9672    1
734    9673    1
736    190    1
736    227    1
736    278    1
736    288    1
736    294    1
736    295    1
736    302    1
736    331    1
736    349    1
736    377    1
736    475    1
736    907    1
736    1456    1
736    1677    1
736    2179    1
736    2226    1
736    2526    1
736    2905    1
736    3034    1
736    3667    1
736    5058    1
736    5254    1
736    5988    1
736    6618    1
736    6627    1
736    7759    1
736    7874    1
736    8600    1
736    9677    1
736    9679    1
736    9680    1
736    9681    1
736    9682    1
736    9683    1
736    9684    1
736    9685    1
736    9686    1
736    9688    1
736    9689    1
736    9690    1
736    9691    1
736    9692    1
736    9693    1
736    9694    1
736    9695    1
736    9696    1
736    9697    1
738    163    1
738    227    1
738    607    1
738    706    1
738    707    1
738    735    1
738    841    1
738    843    1
738    868    1
738    910    1
738    917    1
738    918    1
738    928    1
738    949    1
738    954    1
738    955    1
738    957    1
738    1274    1
738    1276    1
738    1342    1
738    1348    1
738    1353    1
738    1357    1
738    1358    1
738    1360    1
738    1366    1
738    1369    1
738    1412    1
738    1415    1
738    1803    1
738    2009    1
738    2342    1
738    2343    1
738    2463    1
738    2746    1
738    2834    1
738    3470    1
738    3509    1
738    3660    1
738    5159    1
738    5689    1
738    6576    1
738    7047    1
738    7922    1
738    9222    1
738    9334    1
738    9698    1
739    261    1
739    270    1
739    283    1
739    295    1
739    300    1
739    316    1
739    333    1
739    542    1
739    599    1
739    705    1
739    892    1
739    903    1
739    1150    1
739    1463    1
739    1464    1
739    1755    1
739    1756    1
739    1758    1
739    1763    1
739    1767    1
739    1772    1
739    3057    1
739    3070    1
739    3393    1
739    4260    1
739    4618    1
739    4620    1
739    4701    1
739    5441    1
739    6795    1
739    8594    1
739    8756    1
739    9539    1
739    9699    1
739    9700    1
739    9701    1
739    9702    1
739    9704    1
739    9705    1
739    9706    1
739    9707    1
739    9708    1
739    9709    1
739    9710    1
739    9711    1
739    9712    1
739    9713    1
744    89    1
744    157    1
744    230    1
744    288    1
744    289    1
744    291    1
744    299    1
744    300    1
744    308    1
744    377    1
744    378    1
744    405    1
744    466    1
744    481    1
744    486    1
744    498    1
744    518    1
744    544    1
744    680    1
744    701    1
744    722    1
744    726    1
744    802    1
744    930    1
744    936    1
744    951    1
744    955    1
744    966    1
744    968    1
744    1057    1
744    1338    1
744    1339    1
744    1347    1
744    1379    1
744    1684    1
744    2075    1
744    2619    1
744    3940    1
744    4309    1
744    5487    1
744    7243    1
744    8761    1
744    9749    1
744    9750    1
744    9751    1
744    9752    1
744    9753    1
749    55    1
749    65    1
749    67    1
749    89    1
749    191    1
749    207    1
749    227    1
749    229    1
749    257    1
749    262    1
749    288    1
749    289    1
749    291    1
749    294    1
749    295    1
749    298    1
749    300    1
749    301    1
749    306    1
749    320    1
749    324    1
749    325    1
749    333    1
749    344    1
749    349    1
749    352    1
749    375    1
749    461    1
749    466    1
749    523    1
749    528    1
749    679    1
749    688    1
749    691    1
749    915    1
749    961    1
749    1243    1
749    1377    1
749    1459    1
749    1602    1
749    2025    1
749    2544    1
749    2584    1
749    2977    1
749    3128    1
749    3397    1
749    3488    1
750    81    1
750    154    1
750    197    1
750    207    1
750    226    1
750    229    1
750    233    1
750    234    1
750    238    1
750    424    1
750    425    1
750    441    1
750    512    1
750    603    1
750    748    1
750    757    1
750    769    1
750    770    1
750    851    1
750    854    1
750    964    1
750    977    1
750    1099    1
750    1116    1
750    1118    1
750    1119    1
750    1131    1
750    1203    1
750    1216    1
750    2473    1
750    2582    1
750    3011    1
750    3259    1
750    3447    1
750    3767    1
750    8407    1
750    9452    1
750    9587    1
750    9779    1
750    9780    1
750    9781    1
750    9782    1
750    9783    1
750    9784    1
750    9785    1
750    9786    1
750    9787    1
760    209    1
760    220    1
760    227    1
760    230    1
760    234    1
760    283    1
760    377    1
760    378    1
760    389    1
760    481    1
760    498    1
760    533    1
760    540    1
760    705    1
760    706    1
760    714    1
760    808    1
760    868    1
760    932    1
760    951    1
760    959    1
760    966    1
760    982    1
760    1241    1
760    1244    1
760    1246    1
760    1249    1
760    1513    1
760    1545    1
760    1814    1
760    1854    1
760    2080    1
760    2344    1
760    2848    1
760    2983    1
760    2988    1
760    3382    1
760    4818    1
760    5772    1
760    6120    1
760    6123    1
760    7330    1
760    9229    1
760    9854    1
760    9855    1
760    9856    1
760    9857    1
761    36    1
761    51    1
761    55    1
761    56    1
761    58    1
761    59    1
761    67    1
761    70    1
761    72    1
761    159    1
761    172    1
761    302    1
761    599    1
761    864    1
761    875    1
761    985    1
761    997    1
761    999    1
761    1014    1
761    1019    1
761    1083    1
761    1099    1
761    1394    1
761    1827    1
761    1878    1
761    1885    1
761    1886    1
761    1891    1
761    2027    1
761    2535    1
761    2552    1
761    2562    1
761    2936    1
761    3281    1
761    3285    1
761    3291    1
761    3562    1
761    5045    1
761    5258    1
761    8582    1
761    8790    1
761    9858    1
761    9859    1
761    9860    1
761    9861    1
761    9862    1
761    9863    1
763    7    1
763    65    1
763    173    1
763    181    1
763    190    1
763    233    1
763    328    1
763    371    1
763    377    1
763    378    1
763    403    1
763    481    1
763    486    1
763    489    1
763    493    1
763    497    1
763    498    1
763    500    1
763    503    1
763    504    1
763    517    1
763    518    1
763    726    1
763    808    1
763    966    1
763    978    1
763    1044    1
763    1091    1
763    1104    1
763    1179    1
763    1186    1
763    1200    1
763    1797    1
763    1854    1
763    1859    1
763    1863    1
763    2014    1
763    2379    1
763    2843    1
763    3247    1
763    3367    1
763    6750    1
763    6819    1
763    7775    1
763    8254    1
763    9870    1
763    9871    1
772    176    1
772    500    1
772    724    1
772    917    1
772    918    1
772    928    1
772    945    1
772    978    1
772    1358    1
772    1360    1
772    1366    1
772    1369    1
772    1372    1
772    1535    1
772    1992    1
772    2013    1
772    2183    1
772    2341    1
772    2342    1
772    2347    1
772    2362    1
772    2463    1
772    2569    1
772    2838    1
772    3470    1
772    3471    1
772    3476    1
772    3921    1
772    4124    1
772    5157    1
772    5365    1
772    5695    1
772    8258    1
772    8743    1
772    8994    1
772    9529    1
772    9915    1
772    9917    1
772    9918    1
772    9919    1
772    9920    1
772    9921    1
772    9922    1
772    9923    1
772    9924    1
772    9925    1
772    9926    1
778    7    1
778    55    1
778    67    1
778    89    1
778    209    1
778    251    1
778    257    1
778    265    1
778    279    1
778    285    1
778    288    1
778    289    1
778    290    1
778    292    1
778    293    1
778    299    1
778    300    1
778    302    1
778    304    1
778    311    1
778    314    1
778    318    1
778    325    1
778    326    1
778    342    1
778    344    1
778    349    1
778    355    1
778    461    1
778    466    1
778    485    1
778    498    1
778    523    1
778    538    1
778    548    1
778    602    1
778    679    1
778    691    1
778    701    1
778    3081    1
778    4566    1
778    4619    1
778    4710    1
778    5746    1
778    8155    1
778    9976    1
778    9977    1
784    65    1
784    154    1
784    197    1
784    199    1
784    205    1
784    211    1
784    217    1
784    227    1
784    236    1
784    331    1
784    418    1
784    433    1
784    440    1
784    599    1
784    602    1
784    622    1
784    629    1
784    703    1
784    748    1
784    959    1
784    1106    1
784    1122    1
784    1164    1
784    1242    1
784    1390    1
784    1686    1
784    1732    1
784    1944    1
784    1947    1
784    2401    1
784    2424    1
784    2535    1
784    2627    1
784    3057    1
784    3258    1
784    3411    1
784    3621    1
784    3685    1
784    4079    1
784    4118    1
784    4123    1
784    5434    1
784    6229    1
784    6910    1
784    10024    1
784    10025    1
784    10026    1
786    70    1
786    88    1
786    154    1
786    191    1
786    220    1
786    234    1
786    300    1
786    371    1
786    492    1
786    526    1
786    547    1
786    757    1
786    759    1
786    969    1
786    1009    1
786    1099    1
786    1104    1
786    1196    1
786    1270    1
786    1400    1
786    1410    1
786    1552    1
786    1789    1
786    2158    1
786    2578    1
786    2702    1
786    2747    1
786    3028    1
786    3046    1
786    3827    1
786    3828    1
786    4896    1
786    4944    1
786    5000    1
786    5018    1
786    5472    1
786    5988    1
786    8881    1
786    10029    1
786    10030    1
786    10031    1
786    10032    1
786    10033    1
786    10034    1
786    10035    1
786    10036    1
786    10037    1
795    55    1
795    65    1
795    67    1
795    89    1
795    157    1
795    161    1
795    191    1
795    241    1
795    257    1
795    258    1
795    285    1
795    288    1
795    289    1
795    295    1
795    296    1
795    298    1
795    300    1
795    310    1
795    316    1
795    327    1
795    328    1
795    331    1
795    333    1
795    349    1
795    352    1
795    377    1
795    405    1
795    455    1
795    458    1
795    465    1
795    466    1
795    468    1
795    478    1
795    523    1
795    543    1
795    544    1
795    644    1
795    701    1
795    798    1
795    907    1
795    972    1
795    1573    1
795    1574    1
795    3501    1
795    4688    1
795    8002    1
795    8008    1
805    65    1
805    154    1
805    163    1
805    227    1
805    228    1
805    366    1
805    418    1
805    511    1
805    562    1
805    616    1
805    621    1
805    683    1
805    744    1
805    756    1
805    772    1
805    1106    1
805    1122    1
805    1375    1
805    1377    1
805    1383    1
805    1412    1
805    1744    1
805    2673    1
805    2676    1
805    2677    1
805    5175    1
805    6151    1
805    6189    1
805    6762    1
805    9335    1
805    9337    1
805    9339    1
805    10192    1
805    10193    1
805    10194    1
805    10195    1
805    10196    1
805    10198    1
805    10199    1
805    10200    1
805    10201    1
805    10202    1
805    10203    1
805    10204    1
805    10205    1
805    10206    1
805    10207    1
807    8    1
807    374    1
807    375    1
807    412    1
807    475    1
807    498    1
807    504    1
807    533    1
807    808    1
807    968    1
807    1104    1
807    1206    1
807    1857    1
807    1919    1
807    2086    1
807    2092    1
807    2095    1
807    2101    1
807    2102    1
807    2370    1
807    2512    1
807    3324    1
807    3490    1
807    5089    1
807    5926    1
807    9103    1
807    9105    1
807    10226    1
807    10227    1
807    10229    1
807    10230    1
807    10231    1
807    10232    1
807    10233    1
807    10234    1
807    10235    1
807    10236    1
807    10238    1
807    10239    1
807    10240    1
807    10241    1
807    10242    1
807    10243    1
807    10244    1
807    10245    1
807    10246    1
807    10247    1
808    55    1
808    67    1
808    89    1
808    182    1
808    229    1
808    288    1
808    292    1
808    300    1
808    301    1
808    302    1
808    320    1
808    328    1
808    333    1
808    425    1
808    437    1
808    466    1
808    523    1
808    525    1
808    526    1
808    534    1
808    542    1
808    546    1
808    690    1
808    701    1
808    714    1
808    962    1
808    1044    1
808    1047    1
808    1098    1
808    1379    1
808    1632    1
808    2020    1
808    2521    1
808    3057    1
808    3164    1
808    3200    1
808    3319    1
808    3672    1
808    4303    1
808    4716    1
808    4828    1
808    8589    1
808    8710    1
808    9230    1
808    9729    1
808    10248    1
808    10249    1
809    67    1
809    89    1
809    155    1
809    161    1
809    190    1
809    288    1
809    289    1
809    295    1
809    299    1
809    300    1
809    301    1
809    302    1
809    306    1
809    320    1
809    325    1
809    328    1
809    333    1
809    349    1
809    377    1
809    378    1
809    466    1
809    468    1
809    486    1
809    525    1
809    528    1
809    531    1
809    538    1
809    541    1
809    542    1
809    544    1
809    679    1
809    701    1
809    790    1
809    802    1
809    1034    1
809    1037    1
809    1052    1
809    1429    1
809    1444    1
809    1452    1
809    1453    1
809    1456    1
809    1475    1
809    2025    1
809    3179    1
809    5463    1
809    7994    1
810    333    1
810    377    1
810    378    1
810    972    1
810    1104    1
810    2180    1
810    2298    1
810    2305    1
810    2308    1
810    2309    1
810    2312    1
810    2320    1
810    2336    1
810    3462    1
810    7157    1
810    7262    1
810    10250    1
810    10251    1
810    10252    1
810    10253    1
810    10254    1
810    10255    1
810    10256    1
810    10257    1
810    10258    1
810    10259    1
810    10260    1
810    10261    1
810    10262    1
810    10264    1
810    10265    1
810    10266    1
810    10267    1
810    10268    1
810    10269    1
810    10270    1
810    10271    1
810    10273    1
810    10274    1
810    10275    1
810    10276    1
810    10277    1
810    10278    1
810    10279    1
810    10280    1
810    10281    1
810    10282    1
812    198    1
812    209    1
812    377    1
812    500    1
812    707    1
812    768    1
812    770    1
812    785    1
812    810    1
812    814    1
812    815    1
812    818    1
812    823    1
812    839    1
812    842    1
812    843    1
812    846    1
812    850    1
812    913    1
812    918    1
812    953    1
812    956    1
812    978    1
812    1044    1
812    1104    1
812    1249    1
812    1372    1
812    1440    1
812    1672    1
812    2209    1
812    2384    1
812    3234    1
812    3236    1
812    3717    1
812    4170    1
812    10299    1
812    10300    1
812    10302    1
812    10303    1
812    10304    1
812    10305    1
812    10306    1
812    10307    1
812    10308    1
812    10309    1
812    10310    1
812    10311    1
822    227    1
822    234    1
822    245    1
822    250    1
822    266    1
822    267    1
822    271    1
822    366    1
822    447    1
822    475    1
822    567    1
822    617    1
822    630    1
822    1237    1
822    1543    1
822    1613    1
822    1614    1
822    1620    1
822    1636    1
822    1639    1
822    1640    1
822    1833    1
822    1946    1
822    1952    1
822    1963    1
822    1974    1
822    2637    1
822    2716    1
822    2893    1
822    3227    1
822    3357    1
822    3710    1
822    4108    1
822    4586    1
822    4597    1
822    4779    1
822    6343    1
822    8657    1
822    10392    1
822    10393    1
822    10394    1
822    10395    1
822    10396    1
822    10397    1
822    10398    1
822    10399    1
822    10400    1
824    65    1
824    154    1
824    163    1
824    190    1
824    199    1
824    203    1
824    206    1
824    207    1
824    208    1
824    210    1
824    212    1
824    217    1
824    221    1
824    225    1
824    227    1
824    228    1
824    229    1
824    424    1
824    428    1
824    429    1
824    434    1
824    436    1
824    533    1
824    554    1
824    599    1
824    618    1
824    630    1
824    709    1
824    716    1
824    733    1
824    735    1
824    857    1
824    859    1
824    863    1
824    969    1
824    1048    1
824    1090    1
824    1375    1
824    1515    1
824    1957    1
824    1958    1
824    2614    1
824    3258    1
824    3469    1
824    4079    1
824    10411    1
824    10412    1
826    88    1
826    89    1
826    173    1
826    190    1
826    289    1
826    300    1
826    374    1
826    375    1
826    377    1
826    461    1
826    466    1
826    475    1
826    486    1
826    500    1
826    518    1
826    534    1
826    546    1
826    701    1
826    704    1
826    707    1
826    923    1
826    930    1
826    1081    1
826    1104    1
826    1338    1
826    1410    1
826    1452    1
826    1456    1
826    1463    1
826    2009    1
826    2102    1
826    2963    1
826    3324    1
826    4575    1
826    5083    1
826    9462    1
826    10429    1
826    10431    1
826    10432    1
826    10433    1
826    10434    1
826    10435    1
826    10436    1
826    10437    1
826    10438    1
826    10439    1
826    10440    1
827    176    1
827    706    1
827    707    1
827    720    1
827    724    1
827    732    1
827    841    1
827    918    1
827    952    1
827    1206    1
827    1249    1
827    1360    1
827    1369    1
827    1513    1
827    1803    1
827    1814    1
827    2343    1
827    2360    1
827    2364    1
827    2372    1
827    2595    1
827    2781    1
827    2784    1
827    2790    1
827    2795    1
827    3445    1
827    3456    1
827    3471    1
827    3792    1
827    4458    1
827    4794    1
827    4807    1
827    5010    1
827    5014    1
827    5105    1
827    7047    1
827    10441    1
827    10443    1
827    10444    1
827    10445    1
827    10446    1
827    10447    1
827    10448    1
827    10449    1
827    10450    1
827    10451    1
827    10452    1
828    152    1
828    163    1
828    176    1
828    614    1
828    732    1
828    851    1
828    917    1
828    920    1
828    928    1
828    937    1
828    944    1
828    959    1
828    1110    1
828    1338    1
828    1343    1
828    1358    1
828    1369    1
828    1372    1
828    1412    1
828    1413    1
828    1703    1
828    1810    1
828    1813    1
828    2787    1
828    2853    1
828    2901    1
828    3264    1
828    3476    1
828    3481    1
828    3779    1
828    3921    1
828    4124    1
828    4280    1
828    4286    1
828    4784    1
828    5365    1
828    5605    1
828    7423    1
828    7797    1
828    7900    1
828    9440    1
828    10453    1
828    10454    1
828    10455    1
828    10456    1
828    10457    1
828    10458    1
830    65    1
830    67    1
830    89    1
830    257    1
830    283    1
830    288    1
830    289    1
830    295    1
830    300    1
830    302    1
830    306    1
830    327    1
830    328    1
830    333    1
830    349    1
830    377    1
830    439    1
830    455    1
830    458    1
830    459    1
830    461    1
830    466    1
830    484    1
830    498    1
830    533    1
830    542    1
830    646    1
830    701    1
830    714    1
830    1241    1
830    1428    1
830    1429    1
830    1430    1
830    1453    1
830    1659    1
830    1681    1
830    2523    1
830    3332    1
830    4350    1
830    4466    1
830    4561    1
830    4828    1
830    4840    1
830    6120    1
830    6121    1
830    10459    1
830    10460    1
834    378    1
834    412    1
834    768    1
834    781    1
834    808    1
834    1104    1
834    1186    1
834    1206    1
834    1547    1
834    1650    1
834    2033    1
834    2732    1
834    2735    1
834    3543    1
834    3734    1
834    3834    1
834    3943    1
834    4218    1
834    4229    1
834    5600    1
834    6997    1
834    7008    1
834    7329    1
834    10482    1
834    10483    1
834    10484    1
834    10485    1
834    10486    1
834    10487    1
834    10489    1
834    10490    1
834    10491    1
834    10492    1
834    10493    1
834    10494    1
834    10495    1
834    10496    1
834    10498    1
834    10499    1
834    10500    1
834    10501    1
834    10502    1
834    10503    1
834    10504    1
834    10505    1
834    10506    1
834    10507    1
842    107    1
842    267    1
842    331    1
842    603    1
842    617    1
842    619    1
842    1236    1
842    1613    1
842    1614    1
842    1622    1
842    1627    1
842    1943    1
842    1945    1
842    1950    1
842    1953    1
842    1959    1
842    1963    1
842    1969    1
842    2086    1
842    2101    1
842    2132    1
842    2667    1
842    2668    1
842    2909    1
842    2921    1
842    2923    1
842    3132    1
842    4779    1
842    5150    1
842    5868    1
842    6046    1
842    6336    1
842    10547    1
842    10548    1
842    10549    1
842    10550    1
842    10551    1
842    10553    1
842    10554    1
842    10555    1
842    10556    1
842    10557    1
842    10558    1
842    10559    1
842    10560    1
842    10561    1
842    10562    1
847    161    1
847    288    1
847    289    1
847    295    1
847    302    1
847    308    1
847    317    1
847    331    1
847    353    1
847    403    1
847    468    1
847    484    1
847    490    1
847    548    1
847    701    1
847    914    1
847    1032    1
847    1042    1
847    1377    1
847    1449    1
847    1507    1
847    1588    1
847    1648    1
847    1854    1
847    2242    1
847    2977    1
847    2990    1
847    3316    1
847    3404    1
847    4814    1
847    5151    1
847    5228    1
847    5768    1
847    7340    1
847    7868    1
847    8155    1
847    10597    1
847    10599    1
847    10600    1
847    10601    1
847    10602    1
847    10603    1
847    10604    1
847    10605    1
847    10606    1
847    10607    1
847    10608    1
852    55    1
852    67    1
852    71    1
852    89    1
852    230    1
852    257    1
852    288    1
852    289    1
852    290    1
852    291    1
852    292    1
852    294    1
852    295    1
852    298    1
852    300    1
852    301    1
852    306    1
852    311    1
852    317    1
852    318    1
852    323    1
852    325    1
852    333    1
852    349    1
852    352    1
852    374    1
852    375    1
852    455    1
852    461    1
852    479    1
852    525    1
852    528    1
852    543    1
852    686    1
852    689    1
852    906    1
852    908    1
852    1459    1
852    1519    1
852    1684    1
852    1694    1
852    2083    1
852    2521    1
852    2607    1
852    3201    1
852    5533    1
852    8654    1
858    67    1
858    70    1
858    89    1
858    157    1
858    190    1
858    237    1
858    285    1
858    288    1
858    289    1
858    292    1
858    295    1
858    298    1
858    299    1
858    306    1
858    318    1
858    327    1
858    329    1
858    333    1
858    455    1
858    464    1
858    466    1
858    468    1
858    484    1
858    488    1
858    531    1
858    538    1
858    544    1
858    701    1
858    703    1
858    722    1
858    1042    1
858    1244    1
858    1379    1
858    1401    1
858    1409    1
858    1410    1
858    1444    1
858    1679    1
858    1791    1
858    2020    1
858    2025    1
858    4026    1
858    4242    1
858    5746    1
858    7868    1
858    10670    1
858    10671    1
862    89    1
862    190    1
862    288    1
862    289    1
862    298    1
862    300    1
862    302    1
862    333    1
862    349    1
862    430    1
862    461    1
862    466    1
862    498    1
862    528    1
862    532    1
862    535    1
862    544    1
862    548    1
862    689    1
862    690    1
862    691    1
862    697    1
862    797    1
862    901    1
862    972    1
862    1034    1
862    1098    1
862    1383    1
862    1485    1
862    1990    1
862    2022    1
862    2024    1
862    2081    1
862    2523    1
862    3077    1
862    3288    1
862    3404    1
862    4706    1
862    5147    1
862    5149    1
862    5547    1
862    7660    1
862    8589    1
862    10681    1
862    10682    1
862    10683    1
862    10684    1
863    56    1
863    65    1
863    89    1
863    154    1
863    173    1
863    182    1
863    190    1
863    207    1
863    226    1
863    227    1
863    228    1
863    229    1
863    300    1
863    424    1
863    425    1
863    432    1
863    498    1
863    533    1
863    546    1
863    716    1
863    757    1
863    887    1
863    903    1
863    969    1
863    980    1
863    1048    1
863    1090    1
863    1106    1
863    1116    1
863    1246    1
863    1396    1
863    1398    1
863    1400    1
863    1405    1
863    1408    1
863    1632    1
863    2535    1
863    3186    1
863    3200    1
863    3730    1
863    4025    1
863    4435    1
863    4704    1
863    4732    1
863    5544    1
863    7327    1
863    10685    1
873    55    1
873    67    1
873    89    1
873    97    1
873    157    1
873    257    1
873    279    1
873    285    1
873    288    1
873    289    1
873    290    1
873    291    1
873    292    1
873    295    1
873    296    1
873    298    1
873    299    1
873    300    1
873    302    1
873    306    1
873    308    1
873    310    1
873    311    1
873    314    1
873    317    1
873    325    1
873    329    1
873    332    1
873    333    1
873    349    1
873    354    1
873    377    1
873    378    1
873    461    1
873    466    1
873    523    1
873    543    1
873    1037    1
873    1379    1
873    1580    1
873    2025    1
873    10730    1
873    10731    1
873    10732    1
873    10733    1
873    10734    1
873    10735    1
874    66    1
874    126    1
874    154    1
874    170    1
874    171    1
874    173    1
874    190    1
874    210    1
874    436    1
874    486    1
874    487    1
874    504    1
874    697    1
874    1075    1
874    1091    1
874    1097    1
874    1098    1
874    1126    1
874    1179    1
874    1191    1
874    1298    1
874    1300    1
874    1375    1
874    1410    1
874    1609    1
874    1745    1
874    1799    1
874    1983    1
874    1988    1
874    2521    1
874    2711    1
874    3087    1
874    3109    1
874    3184    1
874    3797    1
874    4044    1
874    4162    1
874    4734    1
874    5610    1
874    7078    1
874    8503    1
874    10736    1
874    10737    1
874    10738    1
874    10739    1
874    10740    1
874    10741    1
876    159    1
876    197    1
876    234    1
876    441    1
876    554    1
876    585    1
876    599    1
876    732    1
876    735    1
876    852    1
876    863    1
876    1083    1
876    1504    1
876    1807    1
876    1878    1
876    1888    1
876    3430    1
876    3436    1
876    4194    1
876    4807    1
876    4809    1
876    6195    1
876    9597    1
876    10742    1
876    10743    1
876    10744    1
876    10745    1
876    10746    1
876    10747    1
876    10749    1
876    10750    1
876    10751    1
876    10752    1
876    10753    1
876    10754    1
876    10755    1
876    10756    1
876    10758    1
876    10759    1
876    10760    1
876    10761    1
876    10762    1
876    10763    1
876    10764    1
876    10765    1
876    10766    1
876    10767    1
877    227    1
877    841    1
877    917    1
877    918    1
877    947    1
877    949    1
877    954    1
877    1257    1
877    1261    1
877    1337    1
877    1344    1
877    1352    1
877    1353    1
877    1360    1
877    1364    1
877    1369    1
877    1372    1
877    1522    1
877    1523    1
877    1524    1
877    1525    1
877    1527    1
877    1529    1
877    1530    1
877    1531    1
877    1536    1
877    1804    1
877    3476    1
877    3540    1
877    4791    1
877    4803    1
877    5818    1
877    6264    1
877    7331    1
877    7357    1
877    7924    1
877    8599    1
877    10768    1
877    10769    1
877    10770    1
877    10771    1
877    10772    1
877    10773    1
877    10774    1
877    10775    1
877    10776    1
877    10777    1
881    65    1
881    154    1
881    190    1
881    210    1
881    220    1
881    230    1
881    246    1
881    333    1
881    412    1
881    424    1
881    439    1
881    540    1
881    691    1
881    1045    1
881    1048    1
881    1193    1
881    1246    1
881    1398    1
881    1761    1
881    2346    1
881    2425    1
881    2608    1
881    2661    1
881    3200    1
881    4087    1
881    4164    1
881    4189    1
881    4191    1
881    4207    1
881    4434    1
881    4823    1
881    4828    1
881    5644    1
881    6120    1
881    6132    1
881    6602    1
881    8710    1
881    10797    1
881    10798    1
881    10799    1
881    10800    1
881    10801    1
881    10802    1
881    10803    1
881    10804    1
881    10805    1
881    10806    1
889    56    1
889    88    1
889    154    1
889    163    1
889    197    1
889    199    1
889    206    1
889    212    1
889    222    1
889    227    1
889    416    1
889    424    1
889    533    1
889    629    1
889    735    1
889    752    1
889    851    1
889    857    1
889    859    1
889    977    1
889    1216    1
889    1239    1
889    1240    1
889    1504    1
889    1631    1
889    1947    1
889    1950    1
889    1957    1
889    1958    1
889    2415    1
889    2542    1
889    3217    1
889    3299    1
889    3364    1
889    4092    1
889    4110    1
889    5205    1
889    6108    1
889    6729    1
889    8403    1
889    10554    1
889    10845    1
889    10846    1
889    10847    1
889    10848    1
889    10849    1
889    10850    1
890    77    1
890    99    1
890    159    1
890    163    1
890    176    1
890    227    1
890    234    1
890    429    1
890    706    1
890    707    1
890    724    1
890    728    1
890    732    1
890    735    1
890    868    1
890    917    1
890    918    1
890    951    1
890    952    1
890    959    1
890    1079    1
890    1122    1
890    1249    1
890    1360    1
890    1366    1
890    1369    1
890    1412    1
890    1803    1
890    1810    1
890    2346    1
890    2347    1
890    2351    1
890    2463    1
890    2595    1
890    2624    1
890    2783    1
890    2784    1
890    2787    1
890    3011    1
890    4031    1
890    4130    1
890    4460    1
890    7117    1
890    8794    1
890    10851    1
890    10852    1
890    10853    1
895    6    1
895    7    1
895    152    1
895    163    1
895    234    1
895    489    1
895    517    1
895    562    1
895    707    1
895    709    1
895    712    1
895    726    1
895    735    1
895    875    1
895    1099    1
895    1104    1
895    1146    1
895    1351    1
895    1358    1
895    1360    1
895    1369    1
895    1372    1
895    1411    1
895    1412    1
895    1415    1
895    1639    1
895    1707    1
895    1710    1
895    1908    1
895    1977    1
895    1981    1
895    1984    1
895    1989    1
895    2475    1
895    2616    1
895    2746    1
895    2901    1
895    4790    1
895    5297    1
895    5485    1
895    5488    1
895    5845    1
895    7414    1
895    9927    1
895    10897    1
895    10898    1
895    10899    1
897    72    1
897    152    1
897    163    1
897    176    1
897    183    1
897    188    1
897    212    1
897    234    1
897    506    1
897    562    1
897    632    1
897    712    1
897    728    1
897    885    1
897    983    1
897    986    1
897    1113    1
897    1126    1
897    1134    1
897    1249    1
897    1274    1
897    1400    1
897    1412    1
897    1418    1
897    1747    1
897    1795    1
897    1824    1
897    1974    1
897    2006    1
897    4613    1
897    4616    1
897    5299    1
897    5787    1
897    8216    1
897    10325    1
897    10390    1
897    10906    1
897    10908    1
897    10909    1
897    10910    1
897    10911    1
897    10912    1
897    10913    1
897    10914    1
897    10915    1
897    10916    1
897    10917    1
900    65    1
900    182    1
900    289    1
900    367    1
900    374    1
900    375    1
900    379    1
900    400    1
900    406    1
900    963    1
900    1130    1
900    1770    1
900    1904    1
900    2089    1
900    2092    1
900    2094    1
900    2097    1
900    2104    1
900    2428    1
900    2799    1
900    3858    1
900    4437    1
900    5192    1
900    5565    1
900    5566    1
900    5574    1
900    6046    1
900    6857    1
900    8398    1
900    10548    1
900    10925    1
900    10926    1
900    10927    1
900    10928    1
900    10929    1
900    10930    1
900    10931    1
900    10933    1
900    10934    1
900    10935    1
900    10936    1
900    10937    1
900    10938    1
900    10939    1
900    10940    1
900    10941    1
900    10942    1
904    7    1
904    65    1
904    71    1
904    72    1
904    173    1
904    190    1
904    220    1
904    228    1
904    295    1
904    377    1
904    378    1
904    486    1
904    498    1
904    511    1
904    518    1
904    689    1
904    715    1
904    722    1
904    867    1
904    910    1
904    968    1
904    1034    1
904    1055    1
904    1075    1
904    1375    1
904    1379    1
904    1380    1
904    1406    1
904    1455    1
904    1787    1
904    1793    1
904    1873    1
904    1874    1
904    1892    1
904    1905    1
904    1934    1
904    3320    1
904    4918    1
904    4923    1
904    4927    1
904    5001    1
904    5153    1
904    6177    1
904    10959    1
904    10960    1
904    10961    1
904    10962    1
906    67    1
906    89    1
906    198    1
906    230    1
906    289    1
906    295    1
906    298    1
906    300    1
906    302    1
906    325    1
906    328    1
906    333    1
906    349    1
906    461    1
906    464    1
906    466    1
906    481    1
906    498    1
906    524    1
906    536    1
906    538    1
906    540    1
906    542    1
906    546    1
906    779    1
906    1035    1
906    1041    1
906    1045    1
906    1047    1
906    1672    1
906    1674    1
906    1678    1
906    1689    1
906    1863    1
906    2080    1
906    2801    1
906    3239    1
906    5759    1
906    5934    1
906    5950    1
906    6448    1
906    6543    1
906    10963    1
906    10964    1
906    10965    1
906    10966    1
906    10967    1
908    9    1
908    36    1
908    50    1
908    233    1
908    370    1
908    487    1
908    518    1
908    707    1
908    815    1
908    930    1
908    955    1
908    1066    1
908    1104    1
908    1263    1
908    1295    1
908    1298    1
908    1300    1
908    1914    1
908    2014    1
908    2963    1
908    2967    1
908    3183    1
908    3184    1
908    3190    1
908    3196    1
908    3197    1
908    3244    1
908    3425    1
908    3429    1
908    3901    1
908    4162    1
908    5079    1
908    5459    1
908    5670    1
908    6129    1
908    6257    1
908    6542    1
908    10973    1
908    10974    1
908    10975    1
908    10976    1
908    10977    1
908    10978    1
908    10979    1
908    10980    1
908    10981    1
908    10982    1
913    45    1
913    65    1
913    88    1
913    154    1
913    171    1
913    172    1
913    173    1
913    182    1
913    190    1
913    198    1
913    203    1
913    207    1
913    210    1
913    220    1
913    221    1
913    225    1
913    229    1
913    234    1
913    333    1
913    377    1
913    425    1
913    436    1
913    486    1
913    489    1
913    497    1
913    517    1
913    525    1
913    533    1
913    709    1
913    851    1
913    966    1
913    969    1
913    982    1
913    1090    1
913    1118    1
913    1151    1
913    1244    1
913    1406    1
913    1515    1
913    1786    1
913    1870    1
913    2614    1
913    2815    1
913    3945    1
913    4889    1
913    7177    1
913    8659    1
915    207    1
915    220    1
915    221    1
915    234    1
915    240    1
915    250    1
915    261    1
915    366    1
915    383    1
915    439    1
915    453    1
915    507    1
915    605    1
915    840    1
915    932    1
915    1090    1
915    1195    1
915    1241    1
915    1274    1
915    1401    1
915    1548    1
915    1613    1
915    1681    1
915    1979    1
915    2179    1
915    2226    1
915    2850    1
915    3721    1
915    3743    1
915    4157    1
915    4504    1
915    4800    1
915    5066    1
915    5639    1
915    5641    1
915    6193    1
915    6470    1
915    10449    1
915    10806    1
915    10999    1
915    11000    1
915    11001    1
915    11002    1
915    11003    1
915    11004    1
915    11005    1
915    11006    1
919    58    1
919    65    1
919    81    1
919    154    1
919    184    1
919    190    1
919    207    1
919    210    1
919    227    1
919    237    1
919    238    1
919    298    1
919    418    1
919    425    1
919    430    1
919    432    1
919    454    1
919    535    1
919    546    1
919    632    1
919    690    1
919    691    1
919    703    1
919    755    1
919    757    1
919    779    1
919    1090    1
919    1098    1
919    1181    1
919    1400    1
919    1504    1
919    1632    1
919    1745    1
919    1752    1
919    2121    1
919    3057    1
919    3259    1
919    3767    1
919    3797    1
919    4074    1
919    5754    1
919    5926    1
919    6187    1
919    7079    1
919    8027    1
919    11030    1
919    11031    1
922    57    1
922    58    1
922    65    1
922    72    1
922    88    1
922    95    1
922    137    1
922    154    1
922    166    1
922    173    1
922    182    1
922    183    1
922    237    1
922    418    1
922    444    1
922    511    1
922    858    1
922    1089    1
922    1098    1
922    1375    1
922    1735    1
922    1787    1
922    1790    1
922    1800    1
922    1983    1
922    2605    1
922    2616    1
922    2935    1
922    3164    1
922    3290    1
922    3676    1
922    3681    1
922    3884    1
922    4049    1
922    4230    1
922    4865    1
922    5542    1
922    6756    1
922    7382    1
922    7644    1
922    10479    1
922    11048    1
922    11049    1
922    11050    1
922    11051    1
922    11052    1
922    11053    1
925    53    1
925    67    1
925    72    1
925    154    1
925    173    1
925    204    1
925    215    1
925    227    1
925    229    1
925    233    1
925    238    1
925    316    1
925    533    1
925    610    1
925    614    1
925    679    1
925    683    1
925    697    1
925    701    1
925    787    1
925    868    1
925    961    1
925    965    1
925    986    1
925    1092    1
925    1098    1
925    1118    1
925    1131    1
925    1244    1
925    1985    1
925    2053    1
925    2531    1
925    3060    1
925    3063    1
925    3110    1
925    4037    1
925    5186    1
925    5235    1
925    5236    1
925    5237    1
925    5245    1
925    5247    1
925    5249    1
925    6225    1
925    9720    1
925    11084    1
925    11085    1
927    7    1
927    45    1
927    88    1
927    206    1
927    209    1
927    220    1
927    226    1
927    233    1
927    488    1
927    492    1
927    493    1
927    507    1
927    512    1
927    537    1
927    785    1
927    808    1
927    813    1
927    815    1
927    841    1
927    845    1
927    854    1
927    923    1
927    1091    1
927    1097    1
927    1179    1
927    1195    1
927    1216    1
927    1239    1
927    1672    1
927    1858    1
927    2211    1
927    2362    1
927    2744    1
927    2851    1
927    3769    1
927    4099    1
927    4346    1
927    6382    1
927    6461    1
927    6547    1
927    7419    1
927    8350    1
927    8464    1
927    11119    1
927    11120    1
927    11121    1
927    11122    1
933    154    1
933    182    1
933    195    1
933    199    1
933    207    1
933    225    1
933    226    1
933    227    1
933    228    1
933    229    1
933    416    1
933    424    1
933    425    1
933    439    1
933    533    1
933    614    1
933    618    1
933    715    1
933    716    1
933    932    1
933    962    1
933    969    1
933    982    1
933    1090    1
933    1151    1
933    1246    1
933    1376    1
933    1400    1
933    1545    1
933    1633    1
933    1768    1
933    1949    1
933    1976    1
933    2611    1
933    2815    1
933    4384    1
933    4448    1
933    4459    1
933    5630    1
933    10590    1
933    10617    1
933    11177    1
933    11178    1
933    11179    1
933    11180    1
933    11181    1
933    11182    1
940    59    1
940    97    1
940    154    1
940    190    1
940    203    1
940    212    1
940    221    1
940    227    1
940    228    1
940    427    1
940    428    1
940    429    1
940    533    1
940    620    1
940    630    1
940    735    1
940    851    1
940    1089    1
940    1384    1
940    1416    1
940    1510    1
940    1511    1
940    1519    1
940    1934    1
940    2131    1
940    2537    1
940    2614    1
940    3293    1
940    3945    1
940    4079    1
940    4442    1
940    4742    1
940    6202    1
940    7525    1
940    8043    1
940    8656    1
940    8840    1
940    9633    1
940    10080    1
940    10407    1
940    11229    1
940    11230    1
940    11231    1
940    11232    1
940    11233    1
940    11234    1
940    11235    1
951    19    1
951    45    1
951    107    1
951    153    1
951    170    1
951    173    1
951    407    1
951    487    1
951    512    1
951    515    1
951    1148    1
951    1292    1
951    1295    1
951    1297    1
951    1301    1
951    1303    1
951    1312    1
951    1314    1
951    1700    1
951    1716    1
951    1983    1
951    2112    1
951    2667    1
951    5929    1
951    5966    1
951    6016    1
951    6582    1
951    10430    1
951    10719    1
951    11304    1
951    11305    1
951    11306    1
951    11307    1
951    11308    1
951    11309    1
951    11310    1
951    11311    1
951    11313    1
951    11314    1
951    11315    1
951    11316    1
951    11317    1
951    11318    1
951    11319    1
951    11320    1
951    11321    1
951    11322    1
952    67    1
952    89    1
952    157    1
952    187    1
952    192    1
952    207    1
952    208    1
952    227    1
952    241    1
952    289    1
952    295    1
952    298    1
952    417    1
952    429    1
952    439    1
952    466    1
952    470    1
952    525    1
952    533    1
952    538    1
952    618    1
952    733    1
952    898    1
952    903    1
952    1048    1
952    1106    1
952    1249    1
952    1515    1
952    1755    1
952    1775    1
952    2031    1
952    2121    1
952    2988    1
952    3741    1
952    3763    1
952    3795    1
952    5099    1
952    6722    1
952    7348    1
952    9197    1
952    10969    1
952    11323    1
952    11324    1
952    11325    1
952    11326    1
952    11327    1
952    11328    1
963    55    1
963    67    1
963    89    1
963    157    1
963    187    1
963    283    1
963    289    1
963    306    1
963    340    1
963    679    1
963    725    1
963    794    1
963    877    1
963    985    1
963    1001    1
963    1014    1
963    1015    1
963    1062    1
963    1243    1
963    1464    1
963    1465    1
963    1471    1
963    1480    1
963    1755    1
963    1892    1
963    1941    1
963    3281    1
963    5458    1
963    5775    1
963    6703    1
963    6869    1
963    7452    1
963    8067    1
963    9745    1
963    10358    1
963    11171    1
963    11443    1
963    11445    1
963    11446    1
963    11447    1
963    11448    1
963    11449    1
963    11450    1
963    11451    1
963    11452    1
963    11453    1
963    11454    1
964    89    1
964    155    1
964    159    1
964    163    1
964    190    1
964    196    1
964    207    1
964    209    1
964    227    1
964    228    1
964    229    1
964    230    1
964    265    1
964    300    1
964    344    1
964    412    1
964    424    1
964    461    1
964    464    1
964    466    1
964    470    1
964    486    1
964    498    1
964    533    1
964    537    1
964    540    1
964    683    1
964    687    1
964    714    1
964    1038    1
964    1043    1
964    1047    1
964    1244    1
964    1246    1
964    1249    1
964    1512    1
964    1866    1
964    2840    1
964    3067    1
964    3373    1
964    3400    1
964    3462    1
964    4262    1
964    4468    1
964    6196    1
964    6453    1
964    11455    1
976    166    1
976    171    1
976    173    1
976    190    1
976    193    1
976    333    1
976    378    1
976    396    1
976    472    1
976    488    1
976    498    1
976    499    1
976    567    1
976    697    1
976    710    1
976    714    1
976    843    1
976    868    1
976    951    1
976    952    1
976    961    1
976    966    1
976    1182    1
976    1502    1
976    1803    1
976    1859    1
976    2343    1
976    2346    1
976    2525    1
976    2787    1
976    2797    1
976    2840    1
976    2893    1
976    3057    1
976    3333    1
976    3741    1
976    4165    1
976    4747    1
976    6231    1
976    6235    1
976    7321    1
976    9737    1
976    10668    1
976    11499    1
976    11500    1
976    11501    1
976    11502    1
978    152    1
978    162    1
978    186    1
978    188    1
978    196    1
978    370    1
978    418    1
978    506    1
978    621    1
978    632    1
978    751    1
978    769    1
978    812    1
978    920    1
978    923    1
978    924    1
978    930    1
978    937    1
978    1113    1
978    1134    1
978    1295    1
978    1339    1
978    1418    1
978    1709    1
978    1710    1
978    1743    1
978    1994    1
978    2006    1
978    2370    1
978    2573    1
978    2962    1
978    2965    1
978    3272    1
978    3417    1
978    3663    1
978    3788    1
978    4610    1
978    6765    1
978    9715    1
978    10675    1
978    11510    1
978    11511    1
978    11512    1
978    11513    1
978    11514    1
978    11515    1
978    11516    1
980    747    1
980    782    1
980    1226    1
980    5325    1
980    5327    1
980    5329    1
980    5342    1
980    5343    1
980    5346    1
980    5348    1
980    5350    1
980    5359    1
980    5360    1
980    7017    1
980    7018    1
980    7021    1
980    7029    1
980    9353    1
980    9354    1
980    9356    1
980    9357    1
980    11193    1
980    11520    1
980    11521    1
980    11522    1
980    11523    1
980    11524    1
980    11525    1
980    11526    1
980    11528    1
980    11529    1
980    11530    1
980    11531    1
980    11532    1
980    11533    1
980    11534    1
980    11535    1
980    11537    1
980    11538    1
980    11539    1
980    11540    1
980    11541    1
980    11542    1
980    11543    1
980    11544    1
980    11545    1
980    11546    1
981    199    1
981    210    1
981    217    1
981    222    1
981    223    1
981    298    1
981    324    1
981    425    1
981    433    1
981    492    1
981    540    1
981    602    1
981    1096    1
981    1378    1
981    1390    1
981    1645    1
981    1723    1
981    1858    1
981    1947    1
981    2121    1
981    2425    1
981    2661    1
981    3616    1
981    3673    1
981    3705    1
981    4118    1
981    4223    1
981    4387    1
981    4837    1
981    6293    1
981    6294    1
981    6298    1
981    6463    1
981    6773    1
981    7723    1
981    8304    1
981    8459    1
981    11547    1
981    11548    1
981    11549    1
981    11550    1
981    11551    1
981    11552    1
981    11553    1
981    11554    1
981    11555    1
981    11556    1
985    55    1
985    67    1
985    89    1
985    157    1
985    161    1
985    265    1
985    283    1
985    285    1
985    288    1
985    291    1
985    292    1
985    295    1
985    299    1
985    302    1
985    306    1
985    310    1
985    314    1
985    316    1
985    320    1
985    325    1
985    328    1
985    329    1
985    333    1
985    349    1
985    360    1
985    377    1
985    378    1
985    484    1
985    498    1
985    526    1
985    534    1
985    538    1
985    542    1
985    701    1
985    714    1
985    727    1
985    903    1
985    913    1
985    972    1
985    1032    1
985    1052    1
985    1243    1
985    1464    1
985    3313    1
985    3992    1
985    6777    1
985    11579    1
989    67    1
989    89    1
989    154    1
989    195    1
989    196    1
989    199    1
989    203    1
989    206    1
989    227    1
989    261    1
989    298    1
989    418    1
989    424    1
989    439    1
989    440    1
989    618    1
989    622    1
989    629    1
989    858    1
989    981    1
989    1097    1
989    1098    1
989    1106    1
989    1155    1
989    1159    1
989    1390    1
989    1424    1
989    1553    1
989    1730    1
989    1954    1
989    2083    1
989    2268    1
989    2277    1
989    2287    1
989    2521    1
989    3697    1
989    4532    1
989    6217    1
989    6756    1
989    7505    1
989    10014    1
989    10415    1
989    11587    1
989    11588    1
989    11589    1
989    11590    1
989    11591    1
991    7    1
991    65    1
991    152    1
991    154    1
991    163    1
991    182    1
991    184    1
991    186    1
991    190    1
991    197    1
991    203    1
991    212    1
991    221    1
991    230    1
991    234    1
991    238    1
991    333    1
991    377    1
991    432    1
991    506    1
991    511    1
991    533    1
991    562    1
991    607    1
991    609    1
991    630    1
991    712    1
991    730    1
991    733    1
991    1131    1
991    1150    1
991    1186    1
991    1244    1
991    1384    1
991    1412    1
991    1639    1
991    1778    1
991    1852    1
991    4675    1
991    5202    1
991    7935    1
991    8958    1
991    8964    1
991    11595    1
991    11596    1
991    11597    1
991    11598    1
994    58    1
994    70    1
994    89    1
994    157    1
994    163    1
994    190    1
994    227    1
994    238    1
994    298    1
994    300    1
994    348    1
994    349    1
994    375    1
994    454    1
994    728    1
994    910    1
994    981    1
994    1073    1
994    1098    1
994    1104    1
994    1148    1
994    1726    1
994    2075    1
994    3324    1
994    3890    1
994    4520    1
994    4649    1
994    6140    1
994    6150    1
994    7802    1
994    8027    1
994    8689    1
994    8802    1
994    11628    1
994    11629    1
994    11630    1
994    11631    1
994    11633    1
994    11634    1
994    11635    1
994    11636    1
994    11637    1
994    11638    1
994    11639    1
994    11640    1
994    11641    1
994    11642    1
996    610    1
996    613    1
996    625    1
996    2292    1
996    3004    1
996    4253    1
996    7123    1
996    8110    1
996    8837    1
996    8843    1
996    10209    1
996    11645    1
996    11646    1
996    11648    1
996    11649    1
996    11650    1
996    11651    1
996    11652    1
996    11653    1
996    11654    1
996    11655    1
996    11656    1
996    11657    1
996    11658    1
996    11659    1
996    11660    1
996    11661    1
996    11662    1
996    11663    1
996    11665    1
996    11666    1
996    11667    1
996    11668    1
996    11669    1
996    11670    1
996    11671    1
996    11672    1
996    11674    1
996    11675    1
996    11676    1
996    11677    1
996    11678    1
996    11679    1
996    11680    1
996    11681    1
996    11682    1
996    11683    1
997    53    1
997    154    1
997    170    1
997    190    1
997    211    1
997    226    1
997    233    1
997    267    1
997    331    1
997    436    1
997    527    1
997    617    1
997    618    1
997    629    1
997    757    1
997    816    1
997    831    1
997    1062    1
997    1100    1
997    1118    1
997    1131    1
997    1187    1
997    1216    1
997    1613    1
997    1614    1
997    1943    1
997    1948    1
997    1950    1
997    1958    1
997    1964    1
997    2210    1
997    2405    1
997    2574    1
997    2847    1
997    2921    1
997    3277    1
997    3411    1
997    3693    1
997    4497    1
997    5652    1
997    5782    1
997    6191    1
997    10549    1
997    10615    1
997    11684    1
997    11685    1
997    11686    1
1006    53    1
1006    55    1
1006    65    1
1006    67    1
1006    69    1
1006    154    1
1006    171    1
1006    203    1
1006    227    1
1006    230    1
1006    231    1
1006    246    1
1006    261    1
1006    270    1
1006    289    1
1006    295    1
1006    301    1
1006    316    1
1006    329    1
1006    436    1
1006    439    1
1006    618    1
1006    701    1
1006    709    1
1006    735    1
1006    903    1
1006    1239    1
1006    1394    1
1006    1424    1
1006    1755    1
1006    1756    1
1006    1757    1
1006    1764    1
1006    1772    1
1006    1775    1
1006    1833    1
1006    2460    1
1006    5745    1
1006    5787    1
1006    6137    1
1006    9700    1
1006    10423    1
1006    11763    1
1006    11764    1
1006    11765    1
1006    11766    1
1006    11767    1
1008    65    1
1008    70    1
1008    107    1
1008    159    1
1008    196    1
1008    217    1
1008    233    1
1008    429    1
1008    441    1
1008    619    1
1008    1090    1
1008    1239    1
1008    1700    1
1008    1747    1
1008    1947    1
1008    2582    1
1008    3357    1
1008    3417    1
1008    3695    1
1008    3703    1
1008    3718    1
1008    4096    1
1008    4271    1
1008    4970    1
1008    5299    1
1008    5807    1
1008    6163    1
1008    6582    1
1008    6764    1
1008    6887    1
1008    6906    1
1008    7152    1
1008    7665    1
1008    8459    1
1008    8466    1
1008    8472    1
1008    8474    1
1008    11783    1
1008    11784    1
1008    11785    1
1008    11786    1
1008    11787    1
1008    11788    1
1008    11789    1
1008    11790    1
1008    11791    1
1008    11792    1
1012    7    1
1012    45    1
1012    56    1
1012    173    1
1012    190    1
1012    206    1
1012    209    1
1012    228    1
1012    230    1
1012    233    1
1012    234    1
1012    331    1
1012    378    1
1012    412    1
1012    425    1
1012    486    1
1012    498    1
1012    504    1
1012    537    1
1012    540    1
1012    709    1
1012    907    1
1012    913    1
1012    969    1
1012    975    1
1012    982    1
1012    1048    1
1012    1098    1
1012    1099    1
1012    1194    1
1012    1210    1
1012    1246    1
1012    1378    1
1012    1382    1
1012    1672    1
1012    1974    1
1012    1983    1
1012    2580    1
1012    2600    1
1012    2823    1
1012    2840    1
1012    2841    1
1012    3058    1
1012    5111    1
1012    5439    1
1012    6453    1
1012    11754    1
1016    159    1
1016    195    1
1016    210    1
1016    211    1
1016    217    1
1016    220    1
1016    222    1
1016    227    1
1016    412    1
1016    416    1
1016    425    1
1016    426    1
1016    433    1
1016    604    1
1016    615    1
1016    621    1
1016    622    1
1016    632    1
1016    709    1
1016    1159    1
1016    1231    1
1016    1375    1
1016    1424    1
1016    1632    1
1016    1944    1
1016    2277    1
1016    2281    1
1016    2407    1
1016    2616    1
1016    2661    1
1016    2840    1
1016    3097    1
1016    3258    1
1016    3341    1
1016    3398    1
1016    3616    1
1016    4092    1
1016    4385    1
1016    6146    1
1016    6302    1
1016    6771    1
1016    6773    1
1016    6836    1
1016    7274    1
1016    9485    1
1016    11811    1
1016    11812    1
1022    65    1
1022    89    1
1022    155    1
1022    157    1
1022    167    1
1022    184    1
1022    209    1
1022    227    1
1022    298    1
1022    300    1
1022    302    1
1022    321    1
1022    333    1
1022    464    1
1022    470    1
1022    524    1
1022    540    1
1022    544    1
1022    599    1
1022    679    1
1022    735    1
1022    951    1
1022    959    1
1022    1042    1
1022    1048    1
1022    1183    1
1022    1243    1
1022    1244    1
1022    1351    1
1022    1648    1
1022    1803    1
1022    2050    1
1022    2176    1
1022    2653    1
1022    2823    1
1022    3266    1
1022    3712    1
1022    3915    1
1022    4165    1
1022    5000    1
1022    5306    1
1022    5926    1
1022    6291    1
1022    7044    1
1022    10582    1
1022    11820    1
1022    11821    1
1028    45    1
1028    89    1
1028    190    1
1028    209    1
1028    230    1
1028    234    1
1028    297    1
1028    300    1
1028    377    1
1028    378    1
1028    405    1
1028    486    1
1028    490    1
1028    499    1
1028    518    1
1028    537    1
1028    540    1
1028    544    1
1028    704    1
1028    830    1
1028    930    1
1028    959    1
1028    966    1
1028    982    1
1028    1116    1
1028    1246    1
1028    1249    1
1028    1691    1
1028    1700    1
1028    1908    1
1028    1910    1
1028    2665    1
1028    3124    1
1028    4437    1
1028    4980    1
1028    5215    1
1028    5437    1
1028    8292    1
1028    9576    1
1028    9940    1
1028    10931    1
1028    11822    1
1028    11843    1
1028    11844    1
1028    11845    1
1028    11846    1
1028    11847    1
1036    59    1
1036    97    1
1036    154    1
1036    190    1
1036    203    1
1036    227    1
1036    234    1
1036    429    1
1036    430    1
1036    533    1
1036    609    1
1036    615    1
1036    620    1
1036    707    1
1036    715    1
1036    728    1
1036    735    1
1036    851    1
1036    920    1
1036    1089    1
1036    1249    1
1036    1384    1
1036    1400    1
1036    1414    1
1036    1416    1
1036    2606    1
1036    3030    1
1036    3676    1
1036    4541    1
1036    6215    1
1036    6222    1
1036    6743    1
1036    8656    1
1036    8840    1
1036    9629    1
1036    9823    1
1036    10080    1
1036    11230    1
1036    11232    1
1036    11908    1
1036    11909    1
1036    11910    1
1036    11911    1
1036    11912    1
1036    11913    1
1036    11914    1
1036    11915    1
1037    565    1
1037    572    1
1037    580    1
1037    583    1
1037    718    1
1037    728    1
1037    735    1
1037    868    1
1037    975    1
1037    1412    1
1037    1415    1
1037    1639    1
1037    2175    1
1037    2419    1
1037    2786    1
1037    2834    1
1037    2842    1
1037    2864    1
1037    2893    1
1037    2894    1
1037    2896    1
1037    2901    1
1037    4125    1
1037    4251    1
1037    5446    1
1037    5660    1
1037    6363    1
1037    6541    1
1037    6958    1
1037    7056    1
1037    8111    1
1037    8120    1
1037    8126    1
1037    8808    1
1037    8821    1
1037    11885    1
1037    11916    1
1037    11918    1
1037    11919    1
1037    11920    1
1037    11921    1
1037    11922    1
1037    11923    1
1037    11924    1
1037    11925    1
1037    11926    1
1037    11927    1
1040    56    1
1040    209    1
1040    356    1
1040    403    1
1040    405    1
1040    412    1
1040    486    1
1040    492    1
1040    498    1
1040    500    1
1040    538    1
1040    720    1
1040    779    1
1040    816    1
1040    830    1
1040    923    1
1040    1116    1
1040    1180    1
1040    1185    1
1040    1192    1
1040    1195    1
1040    1246    1
1040    1339    1
1040    1513    1
1040    1672    1
1040    1853    1
1040    1868    1
1040    2346    1
1040    2363    1
1040    2372    1
1040    2373    1
1040    2723    1
1040    2781    1
1040    2790    1
1040    2797    1
1040    2850    1
1040    2941    1
1040    3090    1
1040    4104    1
1040    4164    1
1040    4189    1
1040    4457    1
1040    4459    1
1040    4823    1
1040    5306    1
1040    5638    1
1040    11935    1
1041    7    1
1041    65    1
1041    173    1
1041    190    1
1041    198    1
1041    209    1
1041    220    1
1041    227    1
1041    333    1
1041    377    1
1041    405    1
1041    460    1
1041    461    1
1041    498    1
1041    707    1
1041    735    1
1041    793    1
1041    917    1
1041    928    1
1041    930    1
1041    942    1
1041    946    1
1041    957    1
1041    959    1
1041    978    1
1041    982    1
1041    1090    1
1041    1104    1
1041    1186    1
1041    1348    1
1041    1350    1
1041    1406    1
1041    1796    1
1041    1854    1
1041    1913    1
1041    2836    1
1041    2956    1
1041    3833    1
1041    4679    1
1041    5609    1
1041    9263    1
1041    10430    1
1041    11170    1
1041    11936    1
1041    11937    1
1041    11938    1
1041    11939    1
1042    65    1
1042    67    1
1042    89    1
1042    155    1
1042    191    1
1042    228    1
1042    289    1
1042    291    1
1042    292    1
1042    294    1
1042    295    1
1042    300    1
1042    302    1
1042    318    1
1042    324    1
1042    325    1
1042    326    1
1042    328    1
1042    329    1
1042    333    1
1042    349    1
1042    403    1
1042    461    1
1042    464    1
1042    465    1
1042    466    1
1042    475    1
1042    498    1
1042    540    1
1042    689    1
1042    699    1
1042    701    1
1042    703    1
1042    907    1
1042    1043    1
1042    1246    1
1042    1455    1
1042    1985    1
1042    3739    1
1042    5746    1
1042    6308    1
1042    8372    1
1042    9079    1
1042    11940    1
1042    11941    1
1042    11942    1
1042    11943    1
1044    227    1
1044    231    1
1044    440    1
1044    511    1
1044    615    1
1044    630    1
1044    718    1
1044    735    1
1044    757    1
1044    964    1
1044    1202    1
1044    1504    1
1044    1732    1
1044    2281    1
1044    2470    1
1044    2471    1
1044    2475    1
1044    2624    1
1044    3299    1
1044    3351    1
1044    3430    1
1044    3443    1
1044    4316    1
1044    5299    1
1044    6098    1
1044    6146    1
1044    7264    1
1044    7265    1
1044    7375    1
1044    10812    1
1044    11953    1
1044    11954    1
1044    11955    1
1044    11956    1
1044    11957    1
1044    11958    1
1044    11959    1
1044    11961    1
1044    11962    1
1044    11963    1
1044    11964    1
1044    11965    1
1044    11966    1
1044    11967    1
1044    11968    1
1044    11969    1
1044    11970    1
1047    88    1
1047    154    1
1047    195    1
1047    206    1
1047    223    1
1047    540    1
1047    622    1
1047    630    1
1047    763    1
1047    859    1
1047    1046    1
1047    1216    1
1047    1378    1
1047    2415    1
1047    2643    1
1047    2817    1
1047    3028    1
1047    3041    1
1047    3616    1
1047    3714    1
1047    3737    1
1047    4189    1
1047    6048    1
1047    6305    1
1047    6834    1
1047    6906    1
1047    9649    1
1047    10309    1
1047    10611    1
1047    11413    1
1047    11977    1
1047    11978    1
1047    11979    1
1047    11980    1
1047    11981    1
1047    11982    1
1047    11983    1
1047    11985    1
1047    11986    1
1047    11987    1
1047    11988    1
1047    11989    1
1047    11990    1
1047    11991    1
1047    11992    1
1047    11993    1
1047    11994    1
1049    53    1
1049    56    1
1049    59    1
1049    72    1
1049    81    1
1049    154    1
1049    159    1
1049    166    1
1049    172    1
1049    173    1
1049    190    1
1049    196    1
1049    203    1
1049    226    1
1049    227    1
1049    234    1
1049    425    1
1049    429    1
1049    436    1
1049    439    1
1049    441    1
1049    450    1
1049    599    1
1049    614    1
1049    618    1
1049    714    1
1049    715    1
1049    716    1
1049    718    1
1049    859    1
1049    860    1
1049    863    1
1049    964    1
1049    1083    1
1049    1101    1
1049    1191    1
1049    1244    1
1049    1504    1
1049    1534    1
1049    1632    1
1049    1755    1
1049    1873    1
1049    1990    1
1049    3195    1
1049    6847    1
1049    10524    1
1049    11998    1
1052    56    1
1052    65    1
1052    107    1
1052    225    1
1052    227    1
1052    228    1
1052    234    1
1052    407    1
1052    418    1
1052    427    1
1052    436    1
1052    454    1
1052    486    1
1052    567    1
1052    585    1
1052    703    1
1052    709    1
1052    857    1
1052    1094    1
1052    1151    1
1052    1206    1
1052    1239    1
1052    1376    1
1052    1390    1
1052    1513    1
1052    1731    1
1052    2611    1
1052    3279    1
1052    3467    1
1052    4384    1
1052    5423    1
1052    5746    1
1052    5925    1
1052    6037    1
1052    6824    1
1052    7324    1
1052    7642    1
1052    12007    1
1052    12008    1
1052    12009    1
1052    12010    1
1052    12011    1
1052    12012    1
1052    12013    1
1052    12014    1
1052    12015    1
1052    12016    1
1061    184    1
1061    220    1
1061    447    1
1061    565    1
1061    580    1
1061    581    1
1061    582    1
1061    583    1
1061    728    1
1061    917    1
1061    966    1
1061    1130    1
1061    1816    1
1061    2346    1
1061    2842    1
1061    2864    1
1061    2873    1
1061    2894    1
1061    2896    1
1061    3024    1
1061    3892    1
1061    5660    1
1061    6958    1
1061    6959    1
1061    7056    1
1061    7260    1
1061    7532    1
1061    7623    1
1061    8114    1
1061    8126    1
1061    8371    1
1061    8805    1
1061    8808    1
1061    10026    1
1061    11885    1
1061    12049    1
1061    12050    1
1061    12052    1
1061    12053    1
1061    12054    1
1061    12055    1
1061    12056    1
1061    12057    1
1061    12058    1
1061    12059    1
1061    12060    1
1061    12061    1
1064    96    1
1064    163    1
1064    192    1
1064    234    1
1064    316    1
1064    378    1
1064    706    1
1064    707    1
1064    710    1
1064    717    1
1064    724    1
1064    730    1
1064    732    1
1064    917    1
1064    918    1
1064    930    1
1064    956    1
1064    959    1
1064    982    1
1064    1110    1
1064    1160    1
1064    1249    1
1064    1358    1
1064    1369    1
1064    1372    1
1064    1412    1
1064    1425    1
1064    1468    1
1064    1803    1
1064    2343    1
1064    2346    1
1064    2463    1
1064    2569    1
1064    2787    1
1064    2861    1
1064    2936    1
1064    3445    1
1064    3888    1
1064    4130    1
1064    5812    1
1064    8340    1
1064    8423    1
1064    8555    1
1064    8794    1
1064    12081    1
1064    12082    1
1064    12083    1
1065    58    1
1065    72    1
1065    89    1
1065    157    1
1065    257    1
1065    288    1
1065    289    1
1065    291    1
1065    292    1
1065    294    1
1065    295    1
1065    298    1
1065    300    1
1065    302    1
1065    306    1
1065    311    1
1065    328    1
1065    329    1
1065    333    1
1065    344    1
1065    349    1
1065    377    1
1065    378    1
1065    403    1
1065    499    1
1065    506    1
1065    518    1
1065    525    1
1065    903    1
1065    1098    1
1065    1123    1
1065    1388    1
1065    1491    1
1065    1609    1
1065    1797    1
1065    2309    1
1065    2317    1
1065    2646    1
1065    3502    1
1065    6930    1
1065    12084    1
1065    12085    1
1065    12086    1
1065    12087    1
1065    12088    1
1065    12089    1
1065    12090    1
1069    55    1
1069    67    1
1069    89    1
1069    220    1
1069    283    1
1069    288    1
1069    289    1
1069    292    1
1069    295    1
1069    299    1
1069    300    1
1069    309    1
1069    310    1
1069    328    1
1069    349    1
1069    456    1
1069    525    1
1069    542    1
1069    701    1
1069    708    1
1069    1009    1
1069    1045    1
1069    1241    1
1069    1432    1
1069    1436    1
1069    1681    1
1069    2080    1
1069    2440    1
1069    2462    1
1069    3074    1
1069    3173    1
1069    3198    1
1069    3376    1
1069    4716    1
1069    4850    1
1069    5249    1
1069    6120    1
1069    7727    1
1069    8371    1
1069    8380    1
1069    11139    1
1069    12098    1
1069    12099    1
1069    12100    1
1069    12101    1
1069    12102    1
1069    12103    1
1075    53    1
1075    64    1
1075    65    1
1075    70    1
1075    81    1
1075    89    1
1075    154    1
1075    155    1
1075    159    1
1075    173    1
1075    182    1
1075    204    1
1075    207    1
1075    229    1
1075    423    1
1075    485    1
1075    526    1
1075    618    1
1075    703    1
1075    715    1
1075    757    1
1075    1001    1
1075    1075    1
1075    1097    1
1075    1098    1
1075    1151    1
1075    1155    1
1075    1167    1
1075    1400    1
1075    1424    1
1075    1481    1
1075    1485    1
1075    1983    1
1075    1990    1
1075    2521    1
1075    2531    1
1075    3057    1
1075    3206    1
1075    3300    1
1075    3738    1
1075    3902    1
1075    4728    1
1075    5149    1
1075    7324    1
1075    7885    1
1075    9877    1
1075    12130    1
1078    163    1
1078    706    1
1078    724    1
1078    868    1
1078    917    1
1078    924    1
1078    928    1
1078    940    1
1078    951    1
1078    952    1
1078    1119    1
1078    1249    1
1078    1360    1
1078    1412    1
1078    1415    1
1078    1803    1
1078    1808    1
1078    1914    1
1078    2346    1
1078    2558    1
1078    2784    1
1078    2787    1
1078    2797    1
1078    3474    1
1078    4165    1
1078    4460    1
1078    5010    1
1078    5011    1
1078    5157    1
1078    6493    1
1078    8423    1
1078    9819    1
1078    9822    1
1078    12149    1
1078    12150    1
1078    12151    1
1078    12152    1
1078    12154    1
1078    12155    1
1078    12156    1
1078    12157    1
1078    12158    1
1078    12159    1
1078    12160    1
1078    12161    1
1078    12162    1
1078    12163    1
1090    2244    1
1090    4344    1
1090    5353    1
1090    9837    1
1090    9838    1
1090    11074    1
1090    12229    1
1090    12230    1
1090    12231    1
1090    12232    1
1090    12233    1
1090    12234    1
1090    12235    1
1090    12237    1
1090    12238    1
1090    12239    1
1090    12240    1
1090    12241    1
1090    12242    1
1090    12243    1
1090    12244    1
1090    12245    1
1090    12246    1
1090    12247    1
1090    12248    1
1090    12249    1
1090    12250    1
1090    12251    1
1090    12252    1
1090    12254    1
1090    12255    1
1090    12256    1
1090    12257    1
1090    12258    1
1090    12259    1
1090    12260    1
1090    12261    1
1090    12263    1
1090    12264    1
1090    12265    1
1090    12266    1
1090    12267    1
1090    12268    1
1090    12269    1
1090    12270    1
1090    12271    1
1090    12272    1
1103    9    1
1103    64    1
1103    66    1
1103    70    1
1103    72    1
1103    75    1
1103    81    1
1103    153    1
1103    166    1
1103    173    1
1103    185    1
1103    191    1
1103    198    1
1103    228    1
1103    238    1
1103    295    1
1103    306    1
1103    333    1
1103    357    1
1103    359    1
1103    362    1
1103    378    1
1103    599    1
1103    697    1
1103    715    1
1103    1044    1
1103    1075    1
1103    1116    1
1103    1295    1
1103    1300    1
1103    1301    1
1103    1704    1
1103    1713    1
1103    2824    1
1103    4316    1
1103    4317    1
1103    4876    1
1103    7759    1
1103    7874    1
1103    9869    1
1103    10182    1
1103    10462    1
1103    10622    1
1103    12347    1
1103    12348    1
1103    12349    1
1103    12350    1
1104    55    1
1104    63    1
1104    67    1
1104    77    1
1104    89    1
1104    157    1
1104    180    1
1104    192    1
1104    241    1
1104    251    1
1104    257    1
1104    258    1
1104    261    1
1104    285    1
1104    289    1
1104    292    1
1104    295    1
1104    340    1
1104    455    1
1104    459    1
1104    479    1
1104    601    1
1104    889    1
1104    913    1
1104    959    1
1104    1000    1
1104    1001    1
1104    1081    1
1104    1098    1
1104    1427    1
1104    1464    1
1104    1602    1
1104    1764    1
1104    1820    1
1104    1850    1
1104    2183    1
1104    2346    1
1104    3878    1
1104    6376    1
1104    6722    1
1104    6959    1
1104    8422    1
1104    8802    1
1104    12129    1
1104    12351    1
1104    12352    1
1104    12353    1
1106    55    1
1106    65    1
1106    67    1
1106    89    1
1106    157    1
1106    191    1
1106    251    1
1106    265    1
1106    288    1
1106    289    1
1106    290    1
1106    291    1
1106    292    1
1106    295    1
1106    298    1
1106    300    1
1106    301    1
1106    302    1
1106    304    1
1106    306    1
1106    316    1
1106    356    1
1106    360    1
1106    364    1
1106    378    1
1106    455    1
1106    461    1
1106    464    1
1106    466    1
1106    531    1
1106    545    1
1106    679    1
1106    701    1
1106    892    1
1106    1447    1
1106    1456    1
1106    1459    1
1106    1684    1
1106    1772    1
1106    1934    1
1106    2437    1
1106    2977    1
1106    3460    1
1106    3584    1
1106    5267    1
1106    12356    1
1106    12357    1
1108    103    1
1108    748    1
1108    1098    1
1108    1135    1
1108    1161    1
1108    1619    1
1108    1640    1
1108    1732    1
1108    1943    1
1108    1965    1
1108    1969    1
1108    1983    1
1108    2672    1
1108    2691    1
1108    2811    1
1108    2921    1
1108    3417    1
1108    3534    1
1108    3686    1
1108    4852    1
1108    5411    1
1108    5415    1
1108    6407    1
1108    6408    1
1108    6910    1
1108    9458    1
1108    9585    1
1108    10556    1
1108    11515    1
1108    12358    1
1108    12359    1
1108    12360    1
1108    12361    1
1108    12362    1
1108    12363    1
1108    12364    1
1108    12365    1
1108    12367    1
1108    12368    1
1108    12369    1
1108    12370    1
1108    12371    1
1108    12372    1
1108    12373    1
1108    12374    1
1108    12375    1
1108    12376    1
1110    188    1
1110    377    1
1110    472    1
1110    489    1
1110    497    1
1110    503    1
1110    507    1
1110    707    1
1110    712    1
1110    730    1
1110    806    1
1110    812    1
1110    843    1
1110    918    1
1110    920    1
1110    930    1
1110    937    1
1110    943    1
1110    944    1
1110    945    1
1110    953    1
1110    1110    1
1110    1181    1
1110    1186    1
1110    1263    1
1110    1350    1
1110    1406    1
1110    1412    1
1110    1672    1
1110    2346    1
1110    2379    1
1110    2654    1
1110    2661    1
1110    2850    1
1110    2966    1
1110    3779    1
1110    3940    1
1110    4949    1
1110    5585    1
1110    5667    1
1110    6056    1
1110    7148    1
1110    10833    1
1110    12380    1
1110    12381    1
1110    12382    1
1110    12383    1
1111    65    1
1111    300    1
1111    470    1
1111    498    1
1111    682    1
1111    683    1
1111    687    1
1111    779    1
1111    816    1
1111    823    1
1111    825    1
1111    1035    1
1111    1038    1
1111    1180    1
1111    1181    1
1111    1185    1
1111    1187    1
1111    1188    1
1111    1541    1
1111    1853    1
1111    1868    1
1111    2192    1
1111    2204    1
1111    2210    1
1111    2214    1
1111    2242    1
1111    2426    1
1111    2617    1
1111    2619    1
1111    2723    1
1111    2847    1
1111    2959    1
1111    4166    1
1111    4168    1
1111    4436    1
1111    4550    1
1111    5547    1
1111    6611    1
1111    6773    1
1111    7831    1
1111    8242    1
1111    11294    1
1111    11393    1
1111    12384    1
1111    12385    1
1111    12386    1
1111    12387    1
1113    89    1
1113    239    1
1113    257    1
1113    273    1
1113    279    1
1113    288    1
1113    289    1
1113    292    1
1113    295    1
1113    299    1
1113    301    1
1113    312    1
1113    314    1
1113    327    1
1113    332    1
1113    349    1
1113    468    1
1113    482    1
1113    484    1
1113    523    1
1113    907    1
1113    913    1
1113    1066    1
1113    1507    1
1113    1544    1
1113    1596    1
1113    3314    1
1113    3317    1
1113    3318    1
1113    4617    1
1113    4696    1
1113    6562    1
1113    7340    1
1113    8071    1
1113    8072    1
1113    8081    1
1113    8604    1
1113    11063    1
1113    11067    1
1113    11069    1
1113    11080    1
1113    12393    1
1113    12394    1
1113    12395    1
1113    12396    1
1113    12397    1
1113    12398    1
1116    239    1
1116    247    1
1116    260    1
1116    262    1
1116    269    1
1116    273    1
1116    295    1
1116    317    1
1116    331    1
1116    482    1
1116    1544    1
1116    1821    1
1116    1841    1
1116    3317    1
1116    3318    1
1116    4696    1
1116    6384    1
1116    6562    1
1116    8071    1
1116    8081    1
1116    9901    1
1116    9904    1
1116    9905    1
1116    10608    1
1116    10997    1
1116    11062    1
1116    11063    1
1116    11064    1
1116    11066    1
1116    11069    1
1116    11070    1
1116    11071    1
1116    11076    1
1116    11077    1
1116    11080    1
1116    11083    1
1116    11685    1
1116    12261    1
1116    12268    1
1116    12270    1
1116    12403    1
1116    12404    1
1116    12405    1
1116    12406    1
1116    12407    1
1116    12408    1
1116    12409    1
1120    55    1
1120    67    1
1120    89    1
1120    157    1
1120    257    1
1120    279    1
1120    285    1
1120    288    1
1120    289    1
1120    292    1
1120    293    1
1120    295    1
1120    296    1
1120    302    1
1120    306    1
1120    309    1
1120    310    1
1120    311    1
1120    314    1
1120    316    1
1120    318    1
1120    320    1
1120    331    1
1120    332    1
1120    349    1
1120    424    1
1120    455    1
1120    465    1
1120    485    1
1120    525    1
1120    535    1
1120    701    1
1120    789    1
1120    886    1
1120    906    1
1120    911    1
1120    913    1
1120    1409    1
1120    1937    1
1120    2083    1
1120    2094    1
1120    2220    1
1120    2523    1
1120    2548    1
1120    3288    1
1120    4566    1
1120    4883    1
1122    89    1
1122    288    1
1122    289    1
1122    300    1
1122    314    1
1122    318    1
1122    321    1
1122    324    1
1122    325    1
1122    333    1
1122    344    1
1122    458    1
1122    461    1
1122    466    1
1122    498    1
1122    527    1
1122    528    1
1122    531    1
1122    548    1
1122    679    1
1122    680    1
1122    681    1
1122    683    1
1122    686    1
1122    687    1
1122    691    1
1122    699    1
1122    704    1
1122    779    1
1122    1037    1
1122    1042    1
1122    1043    1
1122    1377    1
1122    2498    1
1122    2841    1
1122    3317    1
1122    4562    1
1122    5953    1
1122    6346    1
1122    8649    1
1122    11949    1
1122    12477    1
1122    12478    1
1122    12479    1
1122    12480    1
1122    12481    1
1122    12482    1
1123    217    1
1123    222    1
1123    412    1
1123    429    1
1123    440    1
1123    632    1
1123    1242    1
1123    1504    1
1123    1732    1
1123    2267    1
1123    2279    1
1123    2294    1
1123    2415    1
1123    2572    1
1123    2585    1
1123    4053    1
1123    4092    1
1123    5549    1
1123    5876    1
1123    6294    1
1123    6906    1
1123    7374    1
1123    8460    1
1123    8467    1
1123    8469    1
1123    10214    1
1123    10847    1
1123    10848    1
1123    12483    1
1123    12485    1
1123    12486    1
1123    12487    1
1123    12488    1
1123    12489    1
1123    12490    1
1123    12491    1
1123    12492    1
1123    12494    1
1123    12495    1
1123    12496    1
1123    12497    1
1123    12498    1
1123    12499    1
1123    12500    1
1123    12501    1
1123    12502    1
1123    12503    1
1126    209    1
1126    220    1
1126    230    1
1126    257    1
1126    355    1
1126    412    1
1126    489    1
1126    498    1
1126    500    1
1126    504    1
1126    536    1
1126    614    1
1126    706    1
1126    709    1
1126    808    1
1126    827    1
1126    840    1
1126    857    1
1126    917    1
1126    923    1
1126    930    1
1126    1046    1
1126    1244    1
1126    1339    1
1126    1406    1
1126    1645    1
1126    1672    1
1126    2343    1
1126    3242    1
1126    4218    1
1126    6120    1
1126    12516    1
1126    12517    1
1126    12518    1
1126    12519    1
1126    12520    1
1126    12521    1
1126    12523    1
1126    12524    1
1126    12525    1
1126    12526    1
1126    12527    1
1126    12528    1
1126    12529    1
1126    12530    1
1126    12531    1
1126    12532    1
1133    7    1
1133    53    1
1133    56    1
1133    70    1
1133    81    1
1133    88    1
1133    89    1
1133    154    1
1133    163    1
1133    173    1
1133    190    1
1133    198    1
1133    207    1
1133    221    1
1133    225    1
1133    226    1
1133    227    1
1133    233    1
1133    246    1
1133    295    1
1133    298    1
1133    418    1
1133    424    1
1133    432    1
1133    439    1
1133    447    1
1133    599    1
1133    618    1
1133    701    1
1133    903    1
1133    969    1
1133    1090    1
1133    1098    1
1133    1398    1
1133    1504    1
1133    1681    1
1133    1755    1
1133    1766    1
1133    1941    1
1133    2343    1
1133    2600    1
1133    3747    1
1133    4600    1
1133    4716    1
1133    5119    1
1133    8593    1
1133    12562    1
1134    65    1
1134    81    1
1134    154    1
1134    183    1
1134    190    1
1134    191    1
1134    234    1
1134    253    1
1134    300    1
1134    310    1
1134    321    1
1134    333    1
1134    471    1
1134    497    1
1134    498    1
1134    510    1
1134    533    1
1134    567    1
1134    966    1
1134    1105    1
1134    1519    1
1134    1632    1
1134    1772    1
1134    2051    1
1134    2783    1
1134    3078    1
1134    3375    1
1134    3461    1
1134    3466    1
1134    3859    1
1134    3871    1
1134    4432    1
1134    5072    1
1134    6600    1
1134    8071    1
1134    9082    1
1134    10837    1
1134    12564    1
1134    12565    1
1134    12566    1
1134    12567    1
1134    12568    1
1134    12569    1
1134    12570    1
1134    12571    1
1134    12572    1
1134    12573    1
1135    55    1
1135    67    1
1135    89    1
1135    157    1
1135    220    1
1135    265    1
1135    288    1
1135    289    1
1135    292    1
1135    293    1
1135    295    1
1135    296    1
1135    298    1
1135    300    1
1135    302    1
1135    306    1
1135    310    1
1135    325    1
1135    333    1
1135    340    1
1135    344    1
1135    461    1
1135    464    1
1135    466    1
1135    470    1
1135    498    1
1135    524    1
1135    525    1
1135    542    1
1135    646    1
1135    679    1
1135    689    1
1135    701    1
1135    802    1
1135    889    1
1135    903    1
1135    1032    1
1135    1037    1
1135    1045    1
1135    1246    1
1135    1452    1
1135    1868    1
1135    2548    1
1135    4291    1
1135    4560    1
1135    6132    1
1135    12574    1
1149    51    1
1149    59    1
1149    72    1
1149    77    1
1149    81    1
1149    159    1
1149    172    1
1149    173    1
1149    193    1
1149    225    1
1149    227    1
1149    429    1
1149    436    1
1149    599    1
1149    715    1
1149    851    1
1149    866    1
1149    868    1
1149    875    1
1149    879    1
1149    1083    1
1149    1119    1
1149    1121    1
1149    1122    1
1149    1412    1
1149    1464    1
1149    1707    1
1149    1708    1
1149    1726    1
1149    1985    1
1149    2469    1
1149    3886    1
1149    4493    1
1149    4982    1
1149    5242    1
1149    6075    1
1149    6823    1
1149    9149    1
1149    9632    1
1149    12672    1
1149    12673    1
1149    12674    1
1149    12675    1
1149    12676    1
1149    12677    1
1149    12678    1
1149    12679    1
1155    56    1
1155    222    1
1155    249    1
1155    440    1
1155    442    1
1155    605    1
1155    618    1
1155    1117    1
1155    1163    1
1155    1398    1
1155    1627    1
1155    1721    1
1155    1943    1
1155    1954    1
1155    1957    1
1155    1960    1
1155    1963    1
1155    1964    1
1155    2294    1
1155    2407    1
1155    2554    1
1155    2921    1
1155    3280    1
1155    3335    1
1155    3673    1
1155    3695    1
1155    3700    1
1155    3702    1
1155    5048    1
1155    7665    1
1155    8927    1
1155    10558    1
1155    12492    1
1155    12618    1
1155    12747    1
1155    12748    1
1155    12749    1
1155    12751    1
1155    12752    1
1155    12753    1
1155    12754    1
1155    12755    1
1155    12756    1
1155    12757    1
1155    12758    1
1155    12759    1
1155    12760    1
1157    7    1
1157    198    1
1157    357    1
1157    378    1
1157    486    1
1157    488    1
1157    490    1
1157    493    1
1157    497    1
1157    499    1
1157    500    1
1157    505    1
1157    514    1
1157    519    1
1157    537    1
1157    808    1
1157    811    1
1157    815    1
1157    1179    1
1157    1547    1
1157    1704    1
1157    1711    1
1157    1714    1
1157    1852    1
1157    1854    1
1157    1855    1
1157    1859    1
1157    1874    1
1157    2206    1
1157    2380    1
1157    2940    1
1157    2956    1
1157    3240    1
1157    3245    1
1157    3563    1
1157    7639    1
1157    8258    1
1157    8726    1
1157    9765    1
1157    10310    1
1157    11018    1
1157    12538    1
1157    12773    1
1157    12774    1
1157    12775    1
1157    12776    1
1157    12777    1
1164    64    1
1164    72    1
1164    93    1
1164    173    1
1164    292    1
1164    296    1
1164    298    1
1164    424    1
1164    526    1
1164    627    1
1164    980    1
1164    1061    1
1164    1062    1
1164    1098    1
1164    1099    1
1164    1709    1
1164    2086    1
1164    2309    1
1164    2470    1
1164    2486    1
1164    2542    1
1164    3186    1
1164    3201    1
1164    3502    1
1164    4032    1
1164    4308    1
1164    5149    1
1164    6150    1
1164    7885    1
1164    8390    1
1164    8582    1
1164    9498    1
1164    11331    1
1164    11630    1
1164    11638    1
1164    11783    1
1164    11879    1
1164    12821    1
1164    12822    1
1164    12823    1
1164    12824    1
1164    12825    1
1164    12826    1
1164    12827    1
1164    12828    1
1164    12829    1
1164    12830    1
1167    266    1
1167    424    1
1167    604    1
1167    606    1
1167    697    1
1167    747    1
1167    748    1
1167    782    1
1167    857    1
1167    961    1
1167    1048    1
1167    1090    1
1167    1520    1
1167    2605    1
1167    2638    1
1167    3863    1
1167    6151    1
1167    6914    1
1167    7021    1
1167    7152    1
1167    7180    1
1167    7565    1
1167    8201    1
1167    11207    1
1167    12866    1
1167    12867    1
1167    12868    1
1167    12869    1
1167    12870    1
1167    12872    1
1167    12873    1
1167    12874    1
1167    12875    1
1167    12876    1
1167    12877    1
1167    12878    1
1167    12879    1
1167    12881    1
1167    12882    1
1167    12883    1
1167    12884    1
1167    12885    1
1167    12886    1
1167    12887    1
1167    12888    1
1167    12889    1
1167    12890    1
1177    371    1
1177    510    1
1177    1470    1
1177    1852    1
1177    1855    1
1177    1859    1
1177    1867    1
1177    2652    1
1177    2661    1
1177    3092    1
1177    3127    1
1177    3927    1
1177    3928    1
1177    4177    1
1177    4361    1
1177    4745    1
1177    4746    1
1177    4750    1
1177    7754    1
1177    7756    1
1177    8244    1
1177    8361    1
1177    8724    1
1177    8727    1
1177    8728    1
1177    8732    1
1177    9187    1
1177    9282    1
1177    9400    1
1177    11217    1
1177    11796    1
1177    12027    1
1177    12034    1
1177    12692    1
1177    12693    1
1177    12945    1
1177    12946    1
1177    12948    1
1177    12949    1
1177    12950    1
1177    12951    1
1177    12952    1
1177    12953    1
1177    12954    1
1177    12955    1
1177    12956    1
1177    12957    1
1182    154    1
1182    159    1
1182    162    1
1182    233    1
1182    237    1
1182    266    1
1182    418    1
1182    437    1
1182    454    1
1182    512    1
1182    601    1
1182    603    1
1182    610    1
1182    625    1
1182    632    1
1182    744    1
1182    748    1
1182    769    1
1182    964    1
1182    981    1
1182    1098    1
1182    1118    1
1182    1131    1
1182    1176    1
1182    1400    1
1182    1401    1
1182    1418    1
1182    1716    1
1182    1943    1
1182    2419    1
1182    2574    1
1182    2716    1
1182    4024    1
1182    5543    1
1182    5966    1
1182    6048    1
1182    6187    1
1182    8459    1
1182    8782    1
1182    8988    1
1182    12026    1
1182    12114    1
1182    12759    1
1182    12979    1
1182    12980    1
1182    12981    1
1182    12982    1
1192    51    1
1192    65    1
1192    81    1
1192    159    1
1192    163    1
1192    166    1
1192    182    1
1192    203    1
1192    205    1
1192    220    1
1192    226    1
1192    227    1
1192    234    1
1192    436    1
1192    453    1
1192    511    1
1192    533    1
1192    610    1
1192    614    1
1192    706    1
1192    707    1
1192    735    1
1192    854    1
1192    856    1
1192    859    1
1192    860    1
1192    959    1
1192    982    1
1192    1109    1
1192    1249    1
1192    1412    1
1192    1772    1
1192    1778    1
1192    1810    1
1192    1824    1
1192    1873    1
1192    1985    1
1192    2347    1
1192    3310    1
1192    3892    1
1192    4179    1
1192    6724    1
1192    9344    1
1192    9346    1
1192    9818    1
1192    10040    1
1192    10537    1
1197    55    1
1197    89    1
1197    257    1
1197    288    1
1197    289    1
1197    291    1
1197    292    1
1197    293    1
1197    299    1
1197    320    1
1197    325    1
1197    326    1
1197    333    1
1197    456    1
1197    461    1
1197    465    1
1197    523    1
1197    679    1
1197    681    1
1197    686    1
1197    704    1
1197    786    1
1197    797    1
1197    913    1
1197    1037    1
1197    1246    1
1197    1415    1
1197    1447    1
1197    1458    1
1197    1556    1
1197    1590    1
1197    1683    1
1197    1684    1
1197    1698    1
1197    1934    1
1197    3327    1
1197    3393    1
1197    3497    1
1197    4254    1
1197    4258    1
1197    4488    1
1197    4560    1
1197    5974    1
1197    9299    1
1197    10640    1
1197    13063    1
1197    13064    1
1198    55    1
1198    89    1
1198    207    1
1198    209    1
1198    227    1
1198    288    1
1198    289    1
1198    291    1
1198    292    1
1198    298    1
1198    300    1
1198    302    1
1198    306    1
1198    325    1
1198    328    1
1198    333    1
1198    375    1
1198    386    1
1198    400    1
1198    461    1
1198    464    1
1198    466    1
1198    485    1
1198    498    1
1198    523    1
1198    526    1
1198    528    1
1198    532    1
1198    544    1
1198    679    1
1198    686    1
1198    689    1
1198    690    1
1198    704    1
1198    903    1
1198    1034    1
1198    1400    1
1198    2083    1
1198    2089    1
1198    2091    1
1198    2092    1
1198    2094    1
1198    2102    1
1198    2137    1
1198    2521    1
1198    3324    1
1198    3404    1
1202    51    1
1202    58    1
1202    59    1
1202    70    1
1202    72    1
1202    77    1
1202    99    1
1202    100    1
1202    159    1
1202    187    1
1202    193    1
1202    210    1
1202    229    1
1202    429    1
1202    441    1
1202    511    1
1202    599    1
1202    601    1
1202    603    1
1202    612    1
1202    627    1
1202    715    1
1202    905    1
1202    959    1
1202    982    1
1202    993    1
1202    998    1
1202    1000    1
1202    1001    1
1202    1019    1
1202    1079    1
1202    1151    1
1202    1156    1
1202    1686    1
1202    1810    1
1202    2027    1
1202    2531    1
1202    3201    1
1202    3289    1
1202    3466    1
1202    4308    1
1202    4447    1
1202    6742    1
1202    6852    1
1202    13084    1
1202    13085    1
1202    13086    1
1206    163    1
1206    227    1
1206    234    1
1206    554    1
1206    607    1
1206    706    1
1206    707    1
1206    724    1
1206    726    1
1206    841    1
1206    868    1
1206    917    1
1206    957    1
1206    1202    1
1206    1358    1
1206    1369    1
1206    1372    1
1206    1412    1
1206    1639    1
1206    2013    1
1206    2075    1
1206    2265    1
1206    2343    1
1206    2787    1
1206    3302    1
1206    3470    1
1206    3774    1
1206    5692    1
1206    9529    1
1206    13107    1
1206    13108    1
1206    13109    1
1206    13110    1
1206    13111    1
1206    13112    1
1206    13113    1
1206    13114    1
1206    13116    1
1206    13117    1
1206    13118    1
1206    13119    1
1206    13120    1
1206    13121    1
1206    13122    1
1206    13123    1
1206    13124    1
1206    13125    1
1209    51    1
1209    61    1
1209    68    1
1209    72    1
1209    85    1
1209    91    1
1209    98    1
1209    99    1
1209    183    1
1209    187    1
1209    227    1
1209    429    1
1209    599    1
1209    905    1
1209    993    1
1209    994    1
1209    1005    1
1209    1013    1
1209    1014    1
1209    1018    1
1209    1073    1
1209    1414    1
1209    1416    1
1209    1899    1
1209    2029    1
1209    2490    1
1209    2556    1
1209    2562    1
1209    2937    1
1209    3832    1
1209    3920    1
1209    4616    1
1209    6732    1
1209    6740    1
1209    6784    1
1209    6790    1
1209    7347    1
1209    13151    1
1209    13152    1
1209    13153    1
1209    13154    1
1209    13155    1
1209    13156    1
1209    13157    1
1209    13158    1
1209    13159    1
1209    13160    1
1210    51    1
1210    59    1
1210    67    1
1210    72    1
1210    77    1
1210    85    1
1210    98    1
1210    155    1
1210    157    1
1210    159    1
1210    170    1
1210    172    1
1210    187    1
1210    193    1
1210    227    1
1210    511    1
1210    533    1
1210    599    1
1210    601    1
1210    732    1
1210    874    1
1210    917    1
1210    959    1
1210    993    1
1210    996    1
1210    997    1
1210    998    1
1210    999    1
1210    1001    1
1210    1014    1
1210    1019    1
1210    1076    1
1210    1122    1
1210    1413    1
1210    1810    1
1210    1892    1
1210    2343    1
1210    2556    1
1210    2559    1
1210    2562    1
1210    3280    1
1210    3920    1
1210    4313    1
1210    5000    1
1210    6350    1
1210    8995    1
1210    13161    1
1219    58    1
1219    65    1
1219    67    1
1219    70    1
1219    172    1
1219    180    1
1219    182    1
1219    184    1
1219    187    1
1219    190    1
1219    191    1
1219    199    1
1219    207    1
1219    222    1
1219    229    1
1219    230    1
1219    289    1
1219    300    1
1219    302    1
1219    306    1
1219    316    1
1219    318    1
1219    425    1
1219    511    1
1219    533    1
1219    535    1
1219    722    1
1219    962    1
1219    1062    1
1219    1377    1
1219    1470    1
1219    1505    1
1219    1934    1
1219    2521    1
1219    2544    1
1219    2783    1
1219    3057    1
1219    3706    1
1219    3753    1
1219    3763    1
1219    3871    1
1219    4308    1
1219    4435    1
1219    5790    1
1219    7321    1
1219    8674    1
1219    13232    1
1222    67    1
1222    89    1
1222    180    1
1222    187    1
1222    257    1
1222    279    1
1222    285    1
1222    289    1
1222    291    1
1222    292    1
1222    295    1
1222    296    1
1222    299    1
1222    305    1
1222    323    1
1222    328    1
1222    333    1
1222    342    1
1222    349    1
1222    350    1
1222    455    1
1222    456    1
1222    459    1
1222    462    1
1222    465    1
1222    467    1
1222    472    1
1222    474    1
1222    479    1
1222    798    1
1222    800    1
1222    891    1
1222    906    1
1222    951    1
1222    1081    1
1222    1459    1
1222    1602    1
1222    2022    1
1222    3460    1
1222    3748    1
1222    3763    1
1222    4257    1
1222    5000    1
1222    9231    1
1222    11725    1
1222    13265    1
1222    13266    1
1223    59    1
1223    66    1
1223    69    1
1223    72    1
1223    93    1
1223    157    1
1223    163    1
1223    199    1
1223    227    1
1223    228    1
1223    235    1
1223    539    1
1223    565    1
1223    583    1
1223    599    1
1223    601    1
1223    728    1
1223    734    1
1223    735    1
1223    903    1
1223    992    1
1223    1005    1
1223    1106    1
1223    1123    1
1223    1412    1
1223    1427    1
1223    1519    1
1223    1752    1
1223    1844    1
1223    2641    1
1223    2901    1
1223    4369    1
1223    5150    1
1223    5659    1
1223    5790    1
1223    6742    1
1223    7056    1
1223    7643    1
1223    7650    1
1223    7685    1
1223    8267    1
1223    8312    1
1223    9888    1
1223    11124    1
1223    11927    1
1223    13267    1
1223    13268    1
1225    52    1
1225    53    1
1225    54    1
1225    64    1
1225    65    1
1225    66    1
1225    69    1
1225    72    1
1225    81    1
1225    86    1
1225    99    1
1225    153    1
1225    159    1
1225    176    1
1225    180    1
1225    187    1
1225    190    1
1225    198    1
1225    229    1
1225    238    1
1225    441    1
1225    511    1
1225    518    1
1225    522    1
1225    735    1
1225    851    1
1225    877    1
1225    930    1
1225    959    1
1225    1014    1
1225    1061    1
1225    1099    1
1225    1106    1
1225    1150    1
1225    1249    1
1225    1713    1
1225    3763    1
1225    6524    1
1225    6760    1
1225    11794    1
1225    12287    1
1225    13275    1
1225    13276    1
1225    13277    1
1225    13278    1
1225    13279    1
1225    13280    1
1226    55    1
1226    67    1
1226    89    1
1226    261    1
1226    265    1
1226    270    1
1226    288    1
1226    289    1
1226    292    1
1226    295    1
1226    299    1
1226    300    1
1226    310    1
1226    333    1
1226    377    1
1226    378    1
1226    466    1
1226    542    1
1226    652    1
1226    677    1
1226    701    1
1226    903    1
1226    1098    1
1226    1123    1
1226    1432    1
1226    1475    1
1226    1601    1
1226    1764    1
1226    2047    1
1226    2984    1
1226    3173    1
1226    3332    1
1226    3387    1
1226    3393    1
1226    3503    1
1226    3930    1
1226    4716    1
1226    6721    1
1226    10691    1
1226    11445    1
1226    13281    1
1226    13282    1
1226    13283    1
1226    13284    1
1226    13285    1
1226    13286    1
1226    13287    1
1228    107    1
1228    152    1
1228    154    1
1228    163    1
1228    220    1
1228    226    1
1228    227    1
1228    230    1
1228    233    1
1228    234    1
1228    407    1
1228    441    1
1228    562    1
1228    614    1
1228    707    1
1228    747    1
1228    769    1
1228    845    1
1228    881    1
1228    920    1
1228    959    1
1228    982    1
1228    1110    1
1228    1119    1
1228    1131    1
1228    1229    1
1228    1372    1
1228    1411    1
1228    1412    1
1228    1947    1
1228    1974    1
1228    2151    1
1228    2347    1
1228    2473    1
1228    2493    1
1228    2716    1
1228    2817    1
1228    3528    1
1228    3616    1
1228    3805    1
1228    4271    1
1228    6048    1
1228    6151    1
1228    6160    1
1228    6830    1
1228    9716    1
1228    13291    1
1229    51    1
1229    67    1
1229    72    1
1229    89    1
1229    155    1
1229    157    1
1229    161    1
1229    257    1
1229    288    1
1229    295    1
1229    300    1
1229    306    1
1229    327    1
1229    529    1
1229    534    1
1229    605    1
1229    641    1
1229    968    1
1229    972    1
1229    1009    1
1229    1014    1
1229    1433    1
1229    1443    1
1229    1500    1
1229    1673    1
1229    2179    1
1229    3063    1
1229    3316    1
1229    3674    1
1229    5239    1
1229    6317    1
1229    6319    1
1229    7994    1
1229    7995    1
1229    10717    1
1229    13292    1
1229    13293    1
1229    13295    1
1229    13296    1
1229    13297    1
1229    13298    1
1229    13299    1
1229    13300    1
1229    13301    1
1229    13302    1
1229    13303    1
1229    13304    1
1230    73    1
1230    219    1
1230    1709    1
1230    1743    1
1230    1762    1
1230    1783    1
1230    1790    1
1230    3462    1
1230    3505    1
1230    4379    1
1230    4928    1
1230    6161    1
1230    6176    1
1230    11146    1
1230    13231    1
1230    13305    1
1230    13306    1
1230    13307    1
1230    13308    1
1230    13309    1
1230    13310    1
1230    13311    1
1230    13312    1
1230    13313    1
1230    13314    1
1230    13315    1
1230    13316    1
1230    13317    1
1230    13318    1
1230    13320    1
1230    13321    1
1230    13322    1
1230    13323    1
1230    13324    1
1230    13325    1
1230    13326    1
1230    13327    1
1230    13329    1
1230    13330    1
1230    13331    1
1230    13332    1
1230    13333    1
1230    13334    1
1230    13335    1
1230    13336    1
1230    13337    1
1230    13338    1
1233    55    1
1233    56    1
1233    64    1
1233    67    1
1233    89    1
1233    288    1
1233    289    1
1233    299    1
1233    310    1
1233    323    1
1233    328    1
1233    352    1
1233    386    1
1233    535    1
1233    701    1
1233    786    1
1233    789    1
1233    792    1
1233    886    1
1233    906    1
1233    1001    1
1233    1109    1
1233    1395    1
1233    1409    1
1233    1464    1
1233    1729    1
1233    2018    1
1233    2521    1
1233    3193    1
1233    3491    1
1233    3795    1
1233    4153    1
1233    4983    1
1233    5178    1
1233    7243    1
1233    7302    1
1233    7814    1
1233    8586    1
1233    9134    1
1233    10691    1
1233    11084    1
1233    13351    1
1233    13352    1
1233    13353    1
1233    13354    1
1233    13355    1
1233    13356    1
1237    67    1
1237    89    1
1237    154    1
1237    159    1
1237    173    1
1237    195    1
1237    196    1
1237    207    1
1237    208    1
1237    222    1
1237    227    1
1237    233    1
1237    288    1
1237    298    1
1237    310    1
1237    329    1
1237    425    1
1237    428    1
1237    572    1
1237    604    1
1237    615    1
1237    689    1
1237    757    1
1237    868    1
1237    907    1
1237    1097    1
1237    1153    1
1237    1155    1
1237    1400    1
1237    1648    1
1237    1976    1
1237    1983    1
1237    2277    1
1237    2711    1
1237    3019    1
1237    3057    1
1237    11838    1
1237    13079    1
1237    13378    1
1237    13379    1
1237    13380    1
1237    13381    1
1237    13382    1
1237    13383    1
1237    13384    1
1237    13385    1
1237    13386    1
1239    53    1
1239    65    1
1239    81    1
1239    152    1
1239    154    1
1239    159    1
1239    163    1
1239    166    1
1239    171    1
1239    188    1
1239    203    1
1239    204    1
1239    220    1
1239    227    1
1239    228    1
1239    298    1
1239    424    1
1239    436    1
1239    439    1
1239    533    1
1239    609    1
1239    615    1
1239    630    1
1239    683    1
1239    868    1
1239    962    1
1239    964    1
1239    982    1
1239    1048    1
1239    1414    1
1239    1424    1
1239    1519    1
1239    1643    1
1239    1755    1
1239    1767    1
1239    2605    1
1239    2608    1
1239    2786    1
1239    2797    1
1239    2855    1
1239    4675    1
1239    6295    1
1239    6724    1
1239    10418    1
1239    13393    1
1239    13394    1
1239    13395    1
1245    209    1
1245    228    1
1245    229    1
1245    403    1
1245    481    1
1245    486    1
1245    488    1
1245    492    1
1245    493    1
1245    497    1
1245    498    1
1245    504    1
1245    507    1
1245    930    1
1245    1043    1
1245    1105    1
1245    1179    1
1245    1182    1
1245    1193    1
1245    1197    1
1245    1201    1
1245    1246    1
1245    1378    1
1245    1517    1
1245    1854    1
1245    1866    1
1245    2600    1
1245    2661    1
1245    2815    1
1245    3341    1
1245    3373    1
1245    3616    1
1245    3769    1
1245    4223    1
1245    4255    1
1245    4262    1
1245    6008    1
1245    6247    1
1245    6298    1
1245    6769    1
1245    7776    1
1245    7897    1
1245    8884    1
1245    13430    1
1245    13431    1
1245    13432    1
1245    13433    1
1246    55    1
1246    56    1
1246    64    1
1246    67    1
1246    151    1
1246    161    1
1246    184    1
1246    187    1
1246    289    1
1246    292    1
1246    295    1
1246    389    1
1246    526    1
1246    701    1
1246    727    1
1246    959    1
1246    1464    1
1246    2051    1
1246    2075    1
1246    2076    1
1246    2079    1
1246    2441    1
1246    2446    1
1246    2521    1
1246    3288    1
1246    3674    1
1246    3832    1
1246    3991    1
1246    4301    1
1246    6733    1
1246    6739    1
1246    7096    1
1246    8848    1
1246    8853    1
1246    9422    1
1246    10358    1
1246    12351    1
1246    13434    1
1246    13435    1
1246    13436    1
1246    13437    1
1246    13438    1
1246    13439    1
1246    13440    1
1246    13441    1
1246    13442    1
1246    13443    1
1262    295    1
1262    545    1
1262    793    1
1262    1698    1
1262    3316    1
1262    4879    1
1262    5353    1
1262    12243    1
1262    12244    1
1262    12254    1
1262    12261    1
1262    12268    1
1262    12270    1
1262    12407    1
1262    13542    1
1262    13544    1
1262    13545    1
1262    13546    1
1267    65    1
1267    154    1
1267    163    1
1267    188    1
1267    209    1
1267    227    1
1267    229    1
1267    230    1
1267    234    1
1267    378    1
1267    412    1
1267    439    1
1267    475    1
1267    501    1
1267    540    1
1267    706    1
1267    707    1
1267    857    1
1267    917    1
1267    918    1
1267    924    1
1267    930    1
1267    932    1
1267    957    1
1267    1041    1
1267    1044    1
1267    1045    1
1267    1046    1
1267    1186    1
1267    1249    1
1267    1339    1
1267    1358    1
1267    1406    1
1267    1545    1
1267    1672    1
1267    1755    1
1267    4164    1
1267    4821    1
1267    4828    1
1267    4834    1
1267    4841    1
1267    4845    1
1267    4848    1
1267    6120    1
1267    13566    1
1267    13567    1
1267    13568    1
1270    65    1
1270    89    1
1270    184    1
1270    217    1
1270    227    1
1270    253    1
1270    356    1
1270    366    1
1270    412    1
1270    471    1
1270    475    1
1270    507    1
1270    527    1
1270    687    1
1270    959    1
1270    1043    1
1270    1100    1
1270    1105    1
1270    1246    1
1270    1249    1
1270    1383    1
1270    1803    1
1270    1866    1
1270    2346    1
1270    2661    1
1270    2840    1
1270    2850    1
1270    3033    1
1270    3616    1
1270    3670    1
1270    3754    1
1270    4118    1
1270    4262    1
1270    4837    1
1270    6247    1
1270    6301    1
1270    6453    1
1270    6600    1
1270    6769    1
1270    6773    1
1270    11056    1
1270    13539    1
1270    13579    1
1270    13580    1
1270    13581    1
1270    13582    1
1270    13583    1
1272    55    1
1272    65    1
1272    67    1
1272    89    1
1272    199    1
1272    209    1
1272    227    1
1272    228    1
1272    229    1
1272    230    1
1272    288    1
1272    289    1
1272    291    1
1272    298    1
1272    300    1
1272    302    1
1272    324    1
1272    333    1
1272    344    1
1272    378    1
1272    412    1
1272    464    1
1272    466    1
1272    481    1
1272    486    1
1272    498    1
1272    528    1
1272    538    1
1272    544    1
1272    679    1
1272    680    1
1272    681    1
1272    686    1
1272    687    1
1272    689    1
1272    691    1
1272    701    1
1272    802    1
1272    1034    1
1272    1043    1
1272    1047    1
1272    1243    1
1272    1246    1
1272    1390    1
1272    1400    1
1272    1673    1
1272    1934    1
1273    7    1
1273    9    1
1273    36    1
1273    56    1
1273    72    1
1273    81    1
1273    154    1
1273    159    1
1273    190    1
1273    225    1
1273    227    1
1273    228    1
1273    229    1
1273    300    1
1273    407    1
1273    441    1
1273    450    1
1273    522    1
1273    599    1
1273    707    1
1273    755    1
1273    930    1
1273    971    1
1273    972    1
1273    1090    1
1273    1098    1
1273    1104    1
1273    1109    1
1273    1300    1
1273    1494    1
1273    1710    1
1273    1714    1
1273    2038    1
1273    3184    1
1273    3186    1
1273    5605    1
1273    5609    1
1273    6876    1
1273    7100    1
1273    7415    1
1273    9979    1
1273    10063    1
1273    13600    1
1273    13601    1
1273    13602    1
1273    13603    1
1273    13604    1
1280    40    1
1280    55    1
1280    58    1
1280    59    1
1280    72    1
1280    76    1
1280    89    1
1280    154    1
1280    159    1
1280    167    1
1280    172    1
1280    173    1
1280    190    1
1280    221    1
1280    222    1
1280    229    1
1280    233    1
1280    288    1
1280    298    1
1280    430    1
1280    463    1
1280    467    1
1280    511    1
1280    533    1
1280    535    1
1280    689    1
1280    701    1
1280    716    1
1280    789    1
1280    906    1
1280    911    1
1280    961    1
1280    1075    1
1280    1089    1
1280    1090    1
1280    1231    1
1280    1591    1
1280    3109    1
1280    3754    1
1280    8656    1
1280    9633    1
1280    10080    1
1280    11230    1
1280    11232    1
1280    13634    1
1280    13635    1
1280    13636    1
1290    316    1
1290    362    1
1290    426    1
1290    599    1
1290    697    1
1290    961    1
1290    1383    1
1290    1687    1
1290    2277    1
1290    2632    1
1290    3081    1
1290    3110    1
1290    3119    1
1290    3460    1
1290    3466    1
1290    5790    1
1290    5914    1
1290    6214    1
1290    6417    1
1290    6454    1
1290    7287    1
1290    8592    1
1290    8711    1
1290    12194    1
1290    13709    1
1290    13710    1
1290    13711    1
1290    13713    1
1290    13714    1
1292    65    1
1292    299    1
1292    300    1
1292    307    1
1292    318    1
1292    321    1
1292    325    1
1292    456    1
1292    461    1
1292    465    1
1292    523    1
1292    533    1
1292    546    1
1292    735    1
1292    793    1
1292    908    1
1292    969    1
1292    980    1
1292    1048    1
1292    1054    1
1292    1059    1
1292    1400    1
1292    1426    1
1292    1453    1
1292    1590    1
1292    1597    1
1292    1639    1
1292    1684    1
1292    2606    1
1292    3065    1
1292    3071    1
1292    3293    1
1292    3327    1
1292    3497    1
1292    4291    1
1292    4294    1
1292    4704    1
1292    7838    1
1292    8555    1
1292    8675    1
1292    11010    1
1292    13063    1
1292    13720    1
1292    13721    1
1292    13722    1
1292    13723    1
1292    13724    1
1293    7    1
1293    166    1
1293    173    1
1293    198    1
1293    209    1
1293    228    1
1293    229    1
1293    234    1
1293    302    1
1293    333    1
1293    371    1
1293    378    1
1293    403    1
1293    488    1
1293    493    1
1293    497    1
1293    498    1
1293    499    1
1293    503    1
1293    518    1
1293    536    1
1293    537    1
1293    540    1
1293    818    1
1293    854    1
1293    930    1
1293    966    1
1293    978    1
1293    1034    1
1293    1179    1
1293    1180    1
1293    1195    1
1293    1249    1
1293    1672    1
1293    1803    1
1293    1854    1
1293    1863    1
1293    2432    1
1293    2785    1
1293    2956    1
1293    2959    1
1293    3328    1
1293    3928    1
1293    4255    1
1293    4382    1
1293    5079    1
1293    9944    1
1296    12    1
1296    15    1
1296    152    1
1296    154    1
1296    163    1
1296    186    1
1296    391    1
1296    785    1
1296    809    1
1296    811    1
1296    812    1
1296    813    1
1296    815    1
1296    824    1
1296    834    1
1296    835    1
1296    855    1
1296    920    1
1296    944    1
1296    956    1
1296    957    1
1296    1118    1
1296    1131    1
1296    1281    1
1296    1338    1
1296    1411    1
1296    1541    1
1296    1790    1
1296    1861    1
1296    2360    1
1296    2370    1
1296    2374    1
1296    2378    1
1296    2379    1
1296    2385    1
1296    2744    1
1296    2963    1
1296    2969    1
1296    4605    1
1296    4612    1
1296    4971    1
1296    6811    1
1296    9410    1
1296    11814    1
1296    13726    1
1296    13727    1
1296    13728    1
1298    67    1
1298    89    1
1298    257    1
1298    288    1
1298    289    1
1298    290    1
1298    291    1
1298    292    1
1298    299    1
1298    300    1
1298    302    1
1298    309    1
1298    310    1
1298    318    1
1298    326    1
1298    327    1
1298    330    1
1298    344    1
1298    352    1
1298    360    1
1298    386    1
1298    389    1
1298    455    1
1298    458    1
1298    461    1
1298    466    1
1298    468    1
1298    484    1
1298    686    1
1298    793    1
1298    906    1
1298    907    1
1298    1444    1
1298    1447    1
1298    1459    1
1298    1489    1
1298    1589    1
1298    2018    1
1298    2437    1
1298    3397    1
1298    4562    1
1298    6459    1
1298    6693    1
1298    7868    1
1298    9847    1
1298    10989    1
1298    13730    1
1310    166    1
1310    197    1
1310    198    1
1310    257    1
1310    261    1
1310    289    1
1310    310    1
1310    333    1
1310    344    1
1310    461    1
1310    492    1
1310    498    1
1310    525    1
1310    681    1
1310    701    1
1310    892    1
1310    903    1
1310    908    1
1310    953    1
1310    986    1
1310    1038    1
1310    1116    1
1310    1428    1
1310    1580    1
1310    2127    1
1310    2265    1
1310    2276    1
1310    2442    1
1310    2467    1
1310    2815    1
1310    2834    1
1310    3110    1
1310    3431    1
1310    3765    1
1310    4025    1
1310    5314    1
1310    6293    1
1310    8152    1
1310    10184    1
1310    13756    1
1310    13757    1
1310    13758    1
1310    13759    1
1310    13760    1
1310    13761    1
1310    13762    1
1310    13763    1
1312    198    1
1312    209    1
1312    331    1
1312    371    1
1312    405    1
1312    408    1
1312    475    1
1312    490    1
1312    491    1
1312    493    1
1312    497    1
1312    498    1
1312    499    1
1312    707    1
1312    779    1
1312    808    1
1312    818    1
1312    830    1
1312    850    1
1312    978    1
1312    1044    1
1312    1105    1
1312    1145    1
1312    1185    1
1312    1246    1
1312    1378    1
1312    1853    1
1312    1974    1
1312    2506    1
1312    2836    1
1312    2940    1
1312    3563    1
1312    3929    1
1312    4549    1
1312    5969    1
1312    7728    1
1312    9765    1
1312    13768    1
1312    13769    1
1312    13770    1
1312    13771    1
1312    13772    1
1312    13773    1
1312    13774    1
1312    13775    1
1312    13776    1
1312    13777    1
1315    1845    1
1315    2144    1
1315    7259    1
1315    7472    1
1315    8975    1
1315    9117    1
1315    10041    1
1315    10364    1
1315    10394    1
1315    11370    1
1315    13790    1
1315    13791    1
1315    13792    1
1315    13794    1
1315    13795    1
1315    13796    1
1315    13797    1
1315    13798    1
1315    13799    1
1315    13800    1
1315    13801    1
1315    13802    1
1315    13803    1
1315    13804    1
1315    13805    1
1315    13806    1
1315    13807    1
1315    13808    1
1315    13809    1
1315    13811    1
1315    13812    1
1315    13813    1
1315    13814    1
1315    13815    1
1315    13816    1
1315    13817    1
1315    13818    1
1315    13820    1
1315    13821    1
1315    13822    1
1315    13823    1
1315    13824    1
1315    13825    1
1315    13826    1
1315    13827    1
1315    13828    1
1315    13829    1
1316    67    1
1316    89    1
1316    97    1
1316    157    1
1316    187    1
1316    192    1
1316    212    1
1316    227    1
1316    235    1
1316    289    1
1316    291    1
1316    300    1
1316    302    1
1316    344    1
1316    461    1
1316    475    1
1316    498    1
1316    554    1
1316    599    1
1316    679    1
1316    681    1
1316    715    1
1316    718    1
1316    733    1
1316    734    1
1316    851    1
1316    906    1
1316    951    1
1316    959    1
1316    998    1
1316    1242    1
1316    1244    1
1316    1414    1
1316    1633    1
1316    2029    1
1316    2444    1
1316    2531    1
1316    3306    1
1316    3319    1
1316    3889    1
1316    4620    1
1316    5000    1
1316    6784    1
1316    13069    1
1316    13830    1
1316    13831    1
1316    13832    1
1318    67    1
1318    89    1
1318    173    1
1318    209    1
1318    227    1
1318    228    1
1318    288    1
1318    289    1
1318    292    1
1318    295    1
1318    298    1
1318    300    1
1318    306    1
1318    333    1
1318    430    1
1318    464    1
1318    466    1
1318    470    1
1318    498    1
1318    526    1
1318    528    1
1318    532    1
1318    537    1
1318    542    1
1318    544    1
1318    546    1
1318    646    1
1318    679    1
1318    680    1
1318    701    1
1318    714    1
1318    980    1
1318    985    1
1318    1047    1
1318    1246    1
1318    1481    1
1318    1486    1
1318    3033    1
1318    3205    1
1318    3247    1
1318    3741    1
1318    3949    1
1318    4385    1
1318    4576    1
1318    5926    1
1318    6121    1
1318    13838    1
1322    95    1
1322    159    1
1322    183    1
1322    188    1
1322    233    1
1322    238    1
1322    370    1
1322    605    1
1322    748    1
1322    769    1
1322    845    1
1322    854    1
1322    949    1
1322    1131    1
1322    1191    1
1322    1203    1
1322    1216    1
1322    1221    1
1322    1401    1
1322    1413    1
1322    2151    1
1322    2172    1
1322    2469    1
1322    2962    1
1322    3132    1
1322    3417    1
1322    3528    1
1322    3720    1
1322    3727    1
1322    3810    1
1322    4615    1
1322    4787    1
1322    5061    1
1322    5071    1
1322    6575    1
1322    7326    1
1322    8696    1
1322    9783    1
1322    11477    1
1322    13846    1
1322    13847    1
1322    13848    1
1322    13849    1
1322    13850    1
1322    13851    1
1322    13852    1
1322    13853    1
1331    152    1
1331    159    1
1331    163    1
1331    202    1
1331    212    1
1331    227    1
1331    426    1
1331    436    1
1331    439    1
1331    562    1
1331    889    1
1331    920    1
1331    928    1
1331    1135    1
1331    1237    1
1331    1412    1
1331    1464    1
1331    1631    1
1331    1755    1
1331    1764    1
1331    3057    1
1331    3272    1
1331    3420    1
1331    4801    1
1331    5079    1
1331    5150    1
1331    5416    1
1331    6046    1
1331    6224    1
1331    7051    1
1331    9700    1
1331    9713    1
1331    10418    1
1331    11434    1
1331    11485    1
1331    11511    1
1331    11935    1
1331    13934    1
1331    13935    1
1331    13936    1
1331    13937    1
1331    13938    1
1331    13939    1
1331    13940    1
1331    13941    1
1331    13942    1
1331    13943    1
1337    67    1
1337    70    1
1337    72    1
1337    89    1
1337    173    1
1337    190    1
1337    207    1
1337    210    1
1337    217    1
1337    225    1
1337    227    1
1337    229    1
1337    289    1
1337    293    1
1337    298    1
1337    306    1
1337    316    1
1337    424    1
1337    425    1
1337    429    1
1337    526    1
1337    618    1
1337    679    1
1337    701    1
1337    709    1
1337    716    1
1337    859    1
1337    903    1
1337    962    1
1337    989    1
1337    1048    1
1337    1062    1
1337    1090    1
1337    1159    1
1337    1243    1
1337    1409    1
1337    1424    1
1337    2531    1
1337    3186    1
1337    3200    1
1337    3205    1
1337    3255    1
1337    3258    1
1337    3902    1
1337    4732    1
1337    5027    1
1337    6544    1
1339    65    1
1339    89    1
1339    154    1
1339    182    1
1339    190    1
1339    207    1
1339    217    1
1339    220    1
1339    227    1
1339    228    1
1339    229    1
1339    230    1
1339    303    1
1339    333    1
1339    366    1
1339    377    1
1339    424    1
1339    498    1
1339    507    1
1339    512    1
1339    533    1
1339    538    1
1339    540    1
1339    546    1
1339    968    1
1339    1045    1
1339    1048    1
1339    1090    1
1339    1193    1
1339    1195    1
1339    1200    1
1339    1239    1
1339    1246    1
1339    1375    1
1339    1384    1
1339    1400    1
1339    2544    1
1339    2660    1
1339    2661    1
1339    2850    1
1339    2983    1
1339    4466    1
1339    4747    1
1339    9766    1
1339    13964    1
1339    13965    1
1339    13966    1
1343    7    1
1343    51    1
1343    55    1
1343    72    1
1343    99    1
1343    159    1
1343    173    1
1343    203    1
1343    215    1
1343    226    1
1343    227    1
1343    233    1
1343    234    1
1343    383    1
1343    436    1
1343    706    1
1343    707    1
1343    710    1
1343    724    1
1343    732    1
1343    854    1
1343    857    1
1343    903    1
1343    918    1
1343    936    1
1343    1034    1
1343    1104    1
1343    1249    1
1343    1360    1
1343    1412    1
1343    1513    1
1343    1534    1
1343    1703    1
1343    1713    1
1343    1714    1
1343    1807    1
1343    1817    1
1343    2789    1
1343    3741    1
1343    3744    1
1343    4165    1
1343    5550    1
1343    6532    1
1343    7464    1
1343    9468    1
1343    13994    1
1343    13995    1
1347    205    1
1347    565    1
1347    577    1
1347    580    1
1347    582    1
1347    583    1
1347    683    1
1347    1426    1
1347    1639    1
1347    1772    1
1347    2864    1
1347    2894    1
1347    2896    1
1347    5446    1
1347    6678    1
1347    6685    1
1347    7056    1
1347    7826    1
1347    8120    1
1347    8123    1
1347    8805    1
1347    11885    1
1347    12057    1
1347    12061    1
1347    12115    1
1347    12123    1
1347    12212    1
1347    14013    1
1347    14014    1
1347    14016    1
1347    14017    1
1347    14018    1
1347    14019    1
1347    14020    1
1347    14021    1
1347    14022    1
1347    14023    1
1347    14025    1
1347    14026    1
1347    14027    1
1347    14028    1
1347    14029    1
1347    14030    1
1347    14031    1
1347    14032    1
1347    14033    1
1347    14034    1
1352    12    1
1352    25    1
1352    40    1
1352    70    1
1352    198    1
1352    222    1
1352    226    1
1352    228    1
1352    233    1
1352    370    1
1352    430    1
1352    503    1
1352    517    1
1352    978    1
1352    1044    1
1352    1274    1
1352    1561    1
1352    1643    1
1352    1861    1
1352    1873    1
1352    1979    1
1352    2143    1
1352    2375    1
1352    2576    1
1352    2579    1
1352    2778    1
1352    2964    1
1352    3788    1
1352    3799    1
1352    4669    1
1352    4678    1
1352    5105    1
1352    5444    1
1352    6014    1
1352    7051    1
1352    7151    1
1352    7639    1
1352    8910    1
1352    8916    1
1352    9242    1
1352    9649    1
1352    14057    1
1352    14058    1
1352    14059    1
1352    14060    1
1352    14061    1
1352    14062    1
1354    154    1
1354    190    1
1354    195    1
1354    199    1
1354    207    1
1354    217    1
1354    222    1
1354    223    1
1354    228    1
1354    229    1
1354    416    1
1354    419    1
1354    420    1
1354    427    1
1354    430    1
1354    432    1
1354    441    1
1354    533    1
1354    554    1
1354    618    1
1354    757    1
1354    860    1
1354    982    1
1354    1048    1
1354    1106    1
1354    1390    1
1354    1400    1
1354    1424    1
1354    1976    1
1354    2139    1
1354    2424    1
1354    2531    1
1354    2533    1
1354    2538    1
1354    2582    1
1354    2606    1
1354    2610    1
1354    2614    1
1354    3030    1
1354    3279    1
1354    4089    1
1354    4115    1
1354    5147    1
1354    7177    1
1354    8054    1
1354    8674    1
1354    11739    1
1362    198    1
1362    227    1
1362    230    1
1362    234    1
1362    377    1
1362    383    1
1362    503    1
1362    562    1
1362    706    1
1362    707    1
1362    730    1
1362    808    1
1362    857    1
1362    917    1
1362    936    1
1362    1249    1
1362    1650    1
1362    1974    1
1362    2343    1
1362    2346    1
1362    3354    1
1362    3434    1
1362    3442    1
1362    3444    1
1362    3737    1
1362    3792    1
1362    4218    1
1362    4821    1
1362    5262    1
1362    6495    1
1362    8945    1
1362    11042    1
1362    12096    1
1362    14106    1
1362    14107    1
1362    14108    1
1362    14109    1
1362    14111    1
1362    14112    1
1362    14113    1
1362    14114    1
1362    14115    1
1362    14116    1
1362    14117    1
1362    14118    1
1362    14119    1
1362    14120    1
1363    159    1
1363    173    1
1363    209    1
1363    210    1
1363    324    1
1363    333    1
1363    412    1
1363    466    1
1363    486    1
1363    492    1
1363    498    1
1363    518    1
1363    536    1
1363    540    1
1363    548    1
1363    687    1
1363    691    1
1363    693    1
1363    703    1
1363    779    1
1363    816    1
1363    936    1
1363    968    1
1363    1035    1
1363    1040    1
1363    1047    1
1363    1091    1
1363    1182    1
1363    1183    1
1363    1186    1
1363    1188    1
1363    1246    1
1363    1707    1
1363    1710    1
1363    2210    1
1363    2430    1
1363    2441    1
1363    2847    1
1363    3197    1
1363    4136    1
1363    4262    1
1363    4434    1
1363    6453    1
1363    7831    1
1363    9216    1
1363    14121    1
1363    14122    1
1364    227    1
1364    234    1
1364    554    1
1364    570    1
1364    585    1
1364    607    1
1364    728    1
1364    732    1
1364    733    1
1364    735    1
1364    868    1
1364    959    1
1364    986    1
1364    1244    1
1364    1406    1
1364    2028    1
1364    2459    1
1364    2732    1
1364    2842    1
1364    2855    1
1364    2864    1
1364    2871    1
1364    2873    1
1364    3019    1
1364    3058    1
1364    4887    1
1364    4911    1
1364    7056    1
1364    7130    1
1364    8123    1
1364    8354    1
1364    11885    1
1364    11918    1
1364    11923    1
1364    12648    1
1364    14071    1
1364    14123    1
1364    14125    1
1364    14126    1
1364    14127    1
1364    14128    1
1364    14129    1
1364    14130    1
1364    14131    1
1364    14132    1
1364    14133    1
1364    14134    1
1365    55    1
1365    67    1
1365    89    1
1365    97    1
1365    257    1
1365    288    1
1365    289    1
1365    291    1
1365    292    1
1365    293    1
1365    294    1
1365    295    1
1365    300    1
1365    306    1
1365    310    1
1365    311    1
1365    314    1
1365    318    1
1365    323    1
1365    325    1
1365    328    1
1365    333    1
1365    344    1
1365    352    1
1365    461    1
1365    464    1
1365    466    1
1365    485    1
1365    498    1
1365    528    1
1365    543    1
1365    644    1
1365    679    1
1365    680    1
1365    686    1
1365    701    1
1365    704    1
1365    908    1
1365    915    1
1365    1034    1
1365    1451    1
1365    1459    1
1365    2102    1
1365    2981    1
1365    2990    1
1365    3177    1
1365    5529    1
1377    190    1
1377    195    1
1377    209    1
1377    289    1
1377    412    1
1377    537    1
1377    687    1
1377    779    1
1377    808    1
1377    816    1
1377    1038    1
1377    1100    1
1377    1179    1
1377    1195    1
1377    1197    1
1377    1541    1
1377    1632    1
1377    1650    1
1377    1858    1
1377    2425    1
1377    2430    1
1377    2444    1
1377    2580    1
1377    2850    1
1377    3057    1
1377    3616    1
1377    3712    1
1377    3714    1
1377    3737    1
1377    4262    1
1377    6463    1
1377    6594    1
1377    6600    1
1377    6765    1
1377    6771    1
1377    6773    1
1377    7724    1
1377    9767    1
1377    11055    1
1377    11412    1
1377    13960    1
1377    14203    1
1377    14204    1
1377    14205    1
1377    14206    1
1377    14207    1
1377    14208    1
1378    163    1
1378    197    1
1378    206    1
1378    212    1
1378    227    1
1378    231    1
1378    418    1
1378    442    1
1378    444    1
1378    602    1
1378    609    1
1378    619    1
1378    709    1
1378    857    1
1378    863    1
1378    1242    1
1378    1423    1
1378    1631    1
1378    1807    1
1378    1969    1
1378    2285    1
1378    2478    1
1378    2541    1
1378    2716    1
1378    3019    1
1378    3279    1
1378    3310    1
1378    3456    1
1378    3686    1
1378    4079    1
1378    4779    1
1378    5434    1
1378    6335    1
1378    6409    1
1378    9457    1
1378    11791    1
1378    12002    1
1378    13289    1
1378    14209    1
1378    14210    1
1378    14211    1
1378    14212    1
1378    14213    1
1378    14214    1
1378    14215    1
1378    14216    1
1378    14217    1
1379    55    1
1379    67    1
1379    89    1
1379    257    1
1379    289    1
1379    291    1
1379    293    1
1379    294    1
1379    300    1
1379    305    1
1379    311    1
1379    318    1
1379    321    1
1379    333    1
1379    342    1
1379    344    1
1379    377    1
1379    456    1
1379    461    1
1379    466    1
1379    530    1
1379    535    1
1379    548    1
1379    679    1
1379    680    1
1379    681    1
1379    686    1
1379    691    1
1379    701    1
1379    908    1
1379    972    1
1379    1242    1
1379    1459    1
1379    1470    1
1379    1857    1
1379    2546    1
1379    2801    1
1379    3327    1
1379    3489    1
1379    3754    1
1379    3763    1
1379    3871    1
1379    4488    1
1379    4867    1
1379    14218    1
1379    14219    1
1379    14220    1
1386    178    1
1386    263    1
1386    266    1
1386    378    1
1386    506    1
1386    903    1
1386    955    1
1386    1150    1
1386    1167    1
1386    1772    1
1386    2124    1
1386    2136    1
1386    2298    1
1386    2332    1
1386    2338    1
1386    2339    1
1386    2616    1
1386    2786    1
1386    2952    1
1386    3259    1
1386    3902    1
1386    4143    1
1386    4151    1
1386    4548    1
1386    5914    1
1386    6930    1
1386    7810    1
1386    8230    1
1386    8427    1
1386    9050    1
1386    9056    1
1386    9061    1
1386    13164    1
1386    13502    1
1386    14245    1
1386    14246    1
1386    14247    1
1386    14249    1
1386    14250    1
1386    14251    1
1386    14252    1
1386    14253    1
1386    14254    1
1386    14255    1
1386    14256    1
1386    14257    1
1386    14258    1
1387    63    1
1387    65    1
1387    162    1
1387    191    1
1387    295    1
1387    423    1
1387    471    1
1387    472    1
1387    486    1
1387    501    1
1387    531    1
1387    548    1
1387    606    1
1387    691    1
1387    972    1
1387    982    1
1387    1075    1
1387    1151    1
1387    1198    1
1387    1375    1
1387    1377    1
1387    1383    1
1387    2521    1
1387    2582    1
1387    2607    1
1387    2610    1
1387    2612    1
1387    3255    1
1387    3411    1
1387    4385    1
1387    5071    1
1387    5111    1
1387    5480    1
1387    6594    1
1387    6596    1
1387    6604    1
1387    7194    1
1387    9977    1
1387    10327    1
1387    11155    1
1387    11728    1
1387    12544    1
1387    14259    1
1387    14260    1
1387    14261    1
1387    14262    1
1387    14263    1
1390    89    1
1390    154    1
1390    163    1
1390    173    1
1390    198    1
1390    207    1
1390    209    1
1390    227    1
1390    234    1
1390    419    1
1390    421    1
1390    424    1
1390    430    1
1390    437    1
1390    439    1
1390    441    1
1390    443    1
1390    533    1
1390    540    1
1390    562    1
1390    599    1
1390    689    1
1390    709    1
1390    859    1
1390    863    1
1390    868    1
1390    964    1
1390    1048    1
1390    1090    1
1390    1246    1
1390    1400    1
1390    1412    1
1390    1486    1
1390    1513    1
1390    1515    1
1390    1764    1
1390    1766    1
1390    2855    1
1390    3200    1
1390    3769    1
1390    4124    1
1390    4802    1
1390    5414    1
1390    5416    1
1390    14267    1
1390    14268    1
1390    14269    1
1403    45    1
1403    190    1
1403    207    1
1403    209    1
1403    229    1
1403    230    1
1403    289    1
1403    291    1
1403    293    1
1403    298    1
1403    300    1
1403    329    1
1403    333    1
1403    403    1
1403    412    1
1403    427    1
1403    430    1
1403    498    1
1403    501    1
1403    533    1
1403    538    1
1403    540    1
1403    546    1
1403    683    1
1403    716    1
1403    768    1
1403    903    1
1403    982    1
1403    985    1
1403    1046    1
1403    1047    1
1403    1048    1
1403    1182    1
1403    1186    1
1403    1201    1
1403    1246    1
1403    1513    1
1403    2196    1
1403    2346    1
1403    2521    1
1403    3171    1
1403    3749    1
1403    5001    1
1403    5948    1
1403    7187    1
1403    9160    1
1403    10327    1
1406    154    1
1406    190    1
1406    217    1
1406    225    1
1406    226    1
1406    228    1
1406    234    1
1406    237    1
1406    427    1
1406    703    1
1406    858    1
1406    859    1
1406    882    1
1406    1167    1
1406    1171    1
1406    1974    1
1406    2398    1
1406    2580    1
1406    2582    1
1406    2627    1
1406    2632    1
1406    2633    1
1406    2639    1
1406    3299    1
1406    3354    1
1406    3357    1
1406    3364    1
1406    3689    1
1406    3690    1
1406    3797    1
1406    6229    1
1406    8642    1
1406    8656    1
1406    9631    1
1406    9727    1
1406    9955    1
1406    14347    1
1406    14349    1
1406    14350    1
1406    14351    1
1406    14352    1
1406    14353    1
1406    14354    1
1406    14355    1
1406    14356    1
1406    14357    1
1406    14358    1
1408    172    1
1408    187    1
1408    267    1
1408    289    1
1408    475    1
1408    961    1
1408    989    1
1408    1062    1
1408    1085    1
1408    1130    1
1408    1231    1
1408    1601    1
1408    1655    1
1408    2716    1
1408    2924    1
1408    3335    1
1408    3720    1
1408    3771    1
1408    4230    1
1408    4349    1
1408    6598    1
1408    6618    1
1408    6621    1
1408    6631    1
1408    6632    1
1408    6636    1
1408    7038    1
1408    8587    1
1408    9692    1
1408    10616    1
1408    14343    1
1408    14360    1
1408    14361    1
1408    14362    1
1408    14363    1
1408    14364    1
1408    14365    1
1408    14367    1
1408    14368    1
1408    14369    1
1408    14370    1
1408    14371    1
1408    14372    1
1408    14373    1
1408    14374    1
1408    14375    1
1408    14376    1
1410    89    1
1410    190    1
1410    191    1
1410    217    1
1410    229    1
1410    237    1
1410    288    1
1410    289    1
1410    300    1
1410    329    1
1410    333    1
1410    344    1
1410    356    1
1410    458    1
1410    461    1
1410    466    1
1410    498    1
1410    681    1
1410    683    1
1410    685    1
1410    686    1
1410    691    1
1410    793    1
1410    797    1
1410    912    1
1410    1042    1
1410    1043    1
1410    1447    1
1410    1459    1
1410    1609    1
1410    1696    1
1410    2436    1
1410    2439    1
1410    2446    1
1410    2982    1
1410    4575    1
1410    4923    1
1410    6217    1
1410    7276    1
1410    9271    1
1410    9849    1
1410    12918    1
1410    14386    1
1410    14387    1
1410    14388    1
1410    14389    1
1410    14390    1
1414    65    1
1414    190    1
1414    217    1
1414    220    1
1414    228    1
1414    229    1
1414    371    1
1414    377    1
1414    436    1
1414    486    1
1414    490    1
1414    498    1
1414    499    1
1414    533    1
1414    614    1
1414    715    1
1414    808    1
1414    978    1
1414    982    1
1414    1091    1
1414    1106    1
1414    1116    1
1414    1131    1
1414    1181    1
1414    1239    1
1414    1375    1
1414    1378    1
1414    1400    1
1414    1412    1
1414    1854    1
1414    1866    1
1414    1905    1
1414    2206    1
1414    2610    1
1414    2661    1
1414    2829    1
1414    2840    1
1414    3084    1
1414    3621    1
1414    3769    1
1414    3946    1
1414    4074    1
1414    4262    1
1414    5547    1
1414    7177    1
1414    7183    1
1414    7188    1
1416    171    1
1416    196    1
1416    199    1
1416    207    1
1416    217    1
1416    225    1
1416    226    1
1416    227    1
1416    228    1
1416    229    1
1416    231    1
1416    416    1
1416    421    1
1416    424    1
1416    425    1
1416    427    1
1416    428    1
1416    439    1
1416    533    1
1416    554    1
1416    604    1
1416    614    1
1416    622    1
1416    703    1
1416    982    1
1416    1048    1
1416    1090    1
1416    1106    1
1416    1116    1
1416    1502    1
1416    1515    1
1416    1766    1
1416    1977    1
1416    2131    1
1416    2277    1
1416    2600    1
1416    2660    1
1416    3057    1
1416    3400    1
1416    4114    1
1416    4115    1
1416    4118    1
1416    5439    1
1416    6147    1
1416    6726    1
1416    8710    1
1416    8840    1
1418    89    1
1418    173    1
1418    190    1
1418    292    1
1418    325    1
1418    333    1
1418    377    1
1418    412    1
1418    464    1
1418    466    1
1418    475    1
1418    486    1
1418    498    1
1418    536    1
1418    680    1
1418    701    1
1418    768    1
1418    779    1
1418    1035    1
1418    1185    1
1418    1187    1
1418    1188    1
1418    1191    1
1418    1455    1
1418    1541    1
1418    1636    1
1418    2200    1
1418    2203    1
1418    2210    1
1418    5125    1
1418    5308    1
1418    5961    1
1418    5962    1
1418    5967    1
1418    6012    1
1418    6448    1
1418    6614    1
1418    8682    1
1418    14441    1
1418    14442    1
1418    14443    1
1418    14444    1
1418    14445    1
1418    14446    1
1418    14447    1
1418    14448    1
1418    14449    1
1419    65    1
1419    70    1
1419    71    1
1419    88    1
1419    182    1
1419    189    1
1419    198    1
1419    229    1
1419    298    1
1419    302    1
1419    331    1
1419    362    1
1419    377    1
1419    475    1
1419    489    1
1419    503    1
1419    517    1
1419    518    1
1419    538    1
1419    691    1
1419    707    1
1419    1306    1
1419    1375    1
1419    1377    1
1419    1410    1
1419    1470    1
1419    1613    1
1419    1852    1
1419    1854    1
1419    2449    1
1419    2526    1
1419    2607    1
1419    2627    1
1419    2661    1
1419    3097    1
1419    3427    1
1419    3459    1
1419    3753    1
1419    3756    1
1419    3859    1
1419    5481    1
1419    6249    1
1419    9193    1
1419    10526    1
1419    11754    1
1419    14450    1
1419    14451    1
1420    81    1
1420    154    1
1420    173    1
1420    190    1
1420    207    1
1420    212    1
1420    215    1
1420    225    1
1420    227    1
1420    228    1
1420    236    1
1420    420    1
1420    425    1
1420    441    1
1420    445    1
1420    447    1
1420    539    1
1420    714    1
1420    858    1
1420    868    1
1420    932    1
1420    1090    1
1420    1389    1
1420    1394    1
1420    1400    1
1420    1424    1
1420    1504    1
1420    1513    1
1420    1766    1
1420    3468    1
1420    3747    1
1420    4063    1
1420    4793    1
1420    4819    1
1420    5416    1
1420    5660    1
1420    5925    1
1420    8707    1
1420    8708    1
1420    8710    1
1420    12410    1
1420    13716    1
1420    14222    1
1420    14452    1
1420    14453    1
1420    14454    1
1420    14455    1
1421    155    1
1421    197    1
1421    200    1
1421    202    1
1421    227    1
1421    235    1
1421    428    1
1421    436    1
1421    599    1
1421    609    1
1421    622    1
1421    869    1
1421    961    1
1421    1231    1
1421    1380    1
1421    1389    1
1421    1814    1
1421    1883    1
1421    2136    1
1421    2475    1
1421    2629    1
1421    2632    1
1421    3616    1
1421    4354    1
1421    4435    1
1421    4451    1
1421    5605    1
1421    6685    1
1421    6730    1
1421    7329    1
1421    10203    1
1421    11253    1
1421    13406    1
1421    14456    1
1421    14457    1
1421    14458    1
1421    14459    1
1421    14461    1
1421    14462    1
1421    14463    1
1421    14464    1
1421    14465    1
1421    14466    1
1421    14467    1
1421    14468    1
1421    14469    1
1421    14470    1
1424    65    1
1424    154    1
1424    159    1
1424    163    1
1424    182    1
1424    190    1
1424    199    1
1424    215    1
1424    220    1
1424    225    1
1424    227    1
1424    229    1
1424    418    1
1424    429    1
1424    439    1
1424    498    1
1424    511    1
1424    604    1
1424    714    1
1424    813    1
1424    823    1
1424    986    1
1424    1045    1
1424    1151    1
1424    1185    1
1424    1239    1
1424    1242    1
1424    1377    1
1424    1414    1
1424    1755    1
1424    1761    1
1424    1766    1
1424    2531    1
1424    2608    1
1424    2661    1
1424    2850    1
1424    3026    1
1424    3468    1
1424    4170    1
1424    4828    1
1424    4831    1
1424    5444    1
1424    6132    1
1424    6772    1
1424    8710    1
1424    12957    1
1424    14473    1
1425    298    1
1425    423    1
1425    430    1
1425    485    1
1425    526    1
1425    532    1
1425    539    1
1425    548    1
1425    689    1
1425    690    1
1425    703    1
1425    757    1
1425    895    1
1425    1097    1
1425    1109    1
1425    1159    1
1425    1167    1
1425    1485    1
1425    1609    1
1425    1934    1
1425    1960    1
1425    1971    1
1425    2083    1
1425    2521    1
1425    3057    1
1425    3319    1
1425    3399    1
1425    3404    1
1425    3488    1
1425    5048    1
1425    5428    1
1425    5754    1
1425    6374    1
1425    7660    1
1425    7743    1
1425    7781    1
1425    8141    1
1425    8649    1
1425    8676    1
1425    9307    1
1425    9947    1
1425    11849    1
1425    13997    1
1425    14474    1
1425    14475    1
1425    14476    1
1425    14477    1
1433    65    1
1433    67    1
1433    157    1
1433    207    1
1433    208    1
1433    257    1
1433    265    1
1433    289    1
1433    461    1
1433    466    1
1433    478    1
1433    530    1
1433    620    1
1433    1098    1
1433    1394    1
1433    2500    1
1433    2514    1
1433    2544    1
1433    2615    1
1433    2664    1
1433    3046    1
1433    3110    1
1433    3119    1
1433    3266    1
1433    3466    1
1433    3947    1
1433    3991    1
1433    4126    1
1433    4260    1
1433    5000    1
1433    5440    1
1433    6232    1
1433    7395    1
1433    7655    1
1433    9751    1
1433    10436    1
1433    11724    1
1433    14525    1
1433    14526    1
1433    14527    1
1433    14528    1
1433    14529    1
1433    14530    1
1433    14531    1
1433    14532    1
1433    14533    1
1433    14534    1
1435    55    1
1435    67    1
1435    89    1
1435    157    1
1435    227    1
1435    251    1
1435    257    1
1435    262    1
1435    265    1
1435    285    1
1435    288    1
1435    289    1
1435    291    1
1435    294    1
1435    295    1
1435    299    1
1435    301    1
1435    302    1
1435    309    1
1435    310    1
1435    318    1
1435    326    1
1435    331    1
1435    461    1
1435    523    1
1435    525    1
1435    575    1
1435    680    1
1435    790    1
1435    989    1
1435    1052    1
1435    1243    1
1435    1580    1
1435    1596    1
1435    2019    1
1435    2083    1
1435    2390    1
1435    4701    1
1435    4702    1
1435    11081    1
1435    14542    1
1435    14543    1
1435    14544    1
1435    14545    1
1435    14546    1
1435    14547    1
1435    14548    1
1442    45    1
1442    370    1
1442    375    1
1442    486    1
1442    500    1
1442    503    1
1442    506    1
1442    519    1
1442    689    1
1442    768    1
1442    805    1
1442    806    1
1442    808    1
1442    813    1
1442    814    1
1442    815    1
1442    823    1
1442    827    1
1442    830    1
1442    832    1
1442    850    1
1442    964    1
1442    1091    1
1442    1179    1
1442    1191    1
1442    1195    1
1442    1541    1
1442    1861    1
1442    1982    1
1442    2744    1
1442    2850    1
1442    3027    1
1442    3032    1
1442    3428    1
1442    3646    1
1442    4100    1
1442    4102    1
1442    4167    1
1442    4948    1
1442    5631    1
1442    5966    1
1442    8462    1
1442    12779    1
1442    13523    1
1442    14581    1
1442    14582    1
1442    14583    1
1444    321    1
1444    333    1
1444    412    1
1444    419    1
1444    470    1
1444    471    1
1444    498    1
1444    499    1
1444    500    1
1444    507    1
1444    536    1
1444    540    1
1444    687    1
1444    816    1
1444    982    1
1444    1040    1
1444    1045    1
1444    1046    1
1444    1180    1
1444    1192    1
1444    1198    1
1444    1201    1
1444    1246    1
1444    1866    1
1444    2080    1
1444    2546    1
1444    2850    1
1444    2987    1
1444    3078    1
1444    3398    1
1444    4828    1
1444    4850    1
1444    5313    1
1444    6597    1
1444    6600    1
1444    6793    1
1444    7835    1
1444    8732    1
1444    11061    1
1444    11470    1
1444    12792    1
1444    12793    1
1444    13468    1
1444    14587    1
1444    14588    1
1444    14589    1
1444    14590    1
1452    159    1
1452    190    1
1452    209    1
1452    230    1
1452    293    1
1452    294    1
1452    305    1
1452    313    1
1452    324    1
1452    325    1
1452    333    1
1452    378    1
1452    470    1
1452    486    1
1452    498    1
1452    542    1
1452    680    1
1452    681    1
1452    683    1
1452    688    1
1452    689    1
1452    704    1
1452    797    1
1452    1034    1
1452    1038    1
1452    1043    1
1452    1045    1
1452    1047    1
1452    1091    1
1452    1246    1
1452    2435    1
1452    2619    1
1452    2977    1
1452    2981    1
1452    3319    1
1452    3397    1
1452    4489    1
1452    5065    1
1452    5079    1
1452    5749    1
1452    5958    1
1452    5978    1
1452    5984    1
1452    10683    1
1452    14628    1
1452    14629    1
1452    14630    1
1454    51    1
1454    59    1
1454    65    1
1454    68    1
1454    72    1
1454    75    1
1454    76    1
1454    85    1
1454    93    1
1454    95    1
1454    99    1
1454    153    1
1454    159    1
1454    182    1
1454    187    1
1454    190    1
1454    193    1
1454    220    1
1454    229    1
1454    230    1
1454    253    1
1454    441    1
1454    511    1
1454    599    1
1454    612    1
1454    715    1
1454    722    1
1454    863    1
1454    877    1
1454    996    1
1454    997    1
1454    998    1
1454    1001    1
1454    1005    1
1454    1013    1
1454    1014    1
1454    1072    1
1454    1413    1
1454    1464    1
1454    1707    1
1454    1816    1
1454    1892    1
1454    2469    1
1454    2936    1
1454    3302    1
1454    3988    1
1454    11794    1
1456    51    1
1456    55    1
1456    64    1
1456    65    1
1456    72    1
1456    99    1
1456    173    1
1456    182    1
1456    187    1
1456    190    1
1456    253    1
1456    418    1
1456    453    1
1456    679    1
1456    904    1
1456    905    1
1456    909    1
1456    912    1
1456    1376    1
1456    1383    1
1456    1505    1
1456    1882    1
1456    1990    1
1456    2079    1
1456    2176    1
1456    3109    1
1456    3681    1
1456    3832    1
1456    4025    1
1456    6308    1
1456    6733    1
1456    6739    1
1456    7651    1
1456    8171    1
1456    8996    1
1456    13435    1
1456    14631    1
1456    14633    1
1456    14634    1
1456    14635    1
1456    14636    1
1456    14637    1
1456    14638    1
1456    14639    1
1456    14640    1
1456    14641    1
1456    14642    1
1466    55    1
1466    67    1
1466    89    1
1466    182    1
1466    257    1
1466    285    1
1466    288    1
1466    289    1
1466    291    1
1466    292    1
1466    293    1
1466    294    1
1466    295    1
1466    298    1
1466    299    1
1466    300    1
1466    302    1
1466    311    1
1466    314    1
1466    318    1
1466    320    1
1466    321    1
1466    325    1
1466    326    1
1466    333    1
1466    342    1
1466    344    1
1466    349    1
1466    386    1
1466    461    1
1466    465    1
1466    523    1
1466    525    1
1466    680    1
1466    681    1
1466    786    1
1466    903    1
1466    908    1
1466    966    1
1466    1459    1
1466    1580    1
1466    1601    1
1466    1684    1
1466    2183    1
1466    2546    1
1466    3460    1
1466    4566    1
1470    56    1
1470    81    1
1470    154    1
1470    196    1
1470    197    1
1470    199    1
1470    203    1
1470    205    1
1470    211    1
1470    227    1
1470    231    1
1470    232    1
1470    237    1
1470    423    1
1470    433    1
1470    435    1
1470    440    1
1470    599    1
1470    612    1
1470    615    1
1470    618    1
1470    620    1
1470    622    1
1470    709    1
1470    1098    1
1470    1155    1
1470    1426    1
1470    1732    1
1470    1944    1
1470    1976    1
1470    2139    1
1470    2268    1
1470    2535    1
1470    3469    1
1470    3686    1
1470    3691    1
1470    3693    1
1470    6187    1
1470    6410    1
1470    6417    1
1470    7742    1
1470    11589    1
1470    13053    1
1470    13066    1
1470    13463    1
1470    14096    1
1470    14723    1
1476    89    1
1476    157    1
1476    161    1
1476    190    1
1476    209    1
1476    288    1
1476    289    1
1476    290    1
1476    291    1
1476    294    1
1476    295    1
1476    300    1
1476    321    1
1476    325    1
1476    327    1
1476    331    1
1476    333    1
1476    344    1
1476    352    1
1476    355    1
1476    377    1
1476    405    1
1476    458    1
1476    461    1
1476    464    1
1476    466    1
1476    470    1
1476    481    1
1476    486    1
1476    498    1
1476    504    1
1476    528    1
1476    531    1
1476    544    1
1476    681    1
1476    685    1
1476    687    1
1476    1379    1
1476    1455    1
1476    1672    1
1476    1679    1
1476    2020    1
1476    2051    1
1476    3317    1
1476    5678    1
1476    6693    1
1476    10429    1
1478    55    1
1478    97    1
1478    257    1
1478    288    1
1478    290    1
1478    291    1
1478    292    1
1478    294    1
1478    298    1
1478    300    1
1478    306    1
1478    314    1
1478    324    1
1478    332    1
1478    333    1
1478    352    1
1478    386    1
1478    423    1
1478    461    1
1478    466    1
1478    486    1
1478    498    1
1478    524    1
1478    526    1
1478    528    1
1478    532    1
1478    544    1
1478    548    1
1478    681    1
1478    686    1
1478    689    1
1478    690    1
1478    691    1
1478    701    1
1478    1032    1
1478    1034    1
1478    1037    1
1478    1449    1
1478    1458    1
1478    1659    1
1478    1772    1
1478    2020    1
1478    2025    1
1478    3491    1
1478    6690    1
1478    14787    1
1478    14788    1
1484    198    1
1484    377    1
1484    383    1
1484    805    1
1484    808    1
1484    840    1
1484    982    1
1484    1044    1
1484    1116    1
1484    1145    1
1484    1527    1
1484    1547    1
1484    1873    1
1484    2378    1
1484    3032    1
1484    3034    1
1484    3043    1
1484    3729    1
1484    4184    1
1484    4218    1
1484    4346    1
1484    4504    1
1484    4597    1
1484    5602    1
1484    5628    1
1484    5638    1
1484    7260    1
1484    8303    1
1484    8937    1
1484    9961    1
1484    10320    1
1484    10569    1
1484    11864    1
1484    14827    1
1484    14828    1
1484    14829    1
1484    14830    1
1484    14832    1
1484    14833    1
1484    14834    1
1484    14835    1
1484    14836    1
1484    14837    1
1484    14838    1
1484    14839    1
1484    14840    1
1484    14841    1
1485    55    1
1485    56    1
1485    67    1
1485    72    1
1485    89    1
1485    97    1
1485    154    1
1485    166    1
1485    167    1
1485    173    1
1485    199    1
1485    207    1
1485    227    1
1485    289    1
1485    298    1
1485    306    1
1485    539    1
1485    618    1
1485    679    1
1485    689    1
1485    718    1
1485    859    1
1485    903    1
1485    1098    1
1485    1154    1
1485    1161    1
1485    1400    1
1485    1556    1
1485    1663    1
1485    2137    1
1485    2277    1
1485    2398    1
1485    2616    1
1485    3057    1
1485    3310    1
1485    4709    1
1485    5416    1
1485    5790    1
1485    6297    1
1485    9487    1
1485    11765    1
1485    12364    1
1485    14842    1
1485    14843    1
1485    14844    1
1485    14845    1
1485    14846    1
1494    65    1
1494    155    1
1494    157    1
1494    159    1
1494    195    1
1494    207    1
1494    209    1
1494    221    1
1494    227    1
1494    229    1
1494    298    1
1494    329    1
1494    333    1
1494    403    1
1494    424    1
1494    525    1
1494    545    1
1494    641    1
1494    716    1
1494    907    1
1494    975    1
1494    1122    1
1494    1432    1
1494    1520    1
1494    2064    1
1494    2346    1
1494    2440    1
1494    3063    1
1494    5236    1
1494    7073    1
1494    7530    1
1494    7838    1
1494    7846    1
1494    8067    1
1494    8372    1
1494    8592    1
1494    10717    1
1494    14921    1
1494    14922    1
1494    14923    1
1494    14924    1
1494    14925    1
1494    14926    1
1494    14927    1
1494    14928    1
1494    14929    1
1494    14930    1
1501    805    1
1501    809    1
1501    825    1
1501    829    1
1501    839    1
1501    842    1
1501    845    1
1501    849    1
1501    1187    1
1501    1552    1
1501    2186    1
1501    2187    1
1501    2192    1
1501    2429    1
1501    2579    1
1501    2586    1
1501    2643    1
1501    3028    1
1501    3029    1
1501    3721    1
1501    3997    1
1501    3999    1
1501    4003    1
1501    4004    1
1501    4096    1
1501    4937    1
1501    4938    1
1501    4942    1
1501    4944    1
1501    5968    1
1501    8277    1
1501    8293    1
1501    10309    1
1501    13264    1
1501    13431    1
1501    15044    1
1501    15045    1
1501    15047    1
1501    15048    1
1501    15049    1
1501    15050    1
1501    15051    1
1501    15052    1
1501    15053    1
1501    15054    1
1501    15055    1
1501    15056    1
1503    56    1
1503    65    1
1503    88    1
1503    89    1
1503    154    1
1503    155    1
1503    157    1
1503    190    1
1503    227    1
1503    229    1
1503    233    1
1503    288    1
1503    292    1
1503    306    1
1503    331    1
1503    468    1
1503    489    1
1503    510    1
1503    512    1
1503    517    1
1503    544    1
1503    547    1
1503    599    1
1503    603    1
1503    707    1
1503    779    1
1503    969    1
1503    1044    1
1503    1118    1
1503    1416    1
1503    1434    1
1503    1613    1
1503    1974    1
1503    3317    1
1503    3795    1
1503    4316    1
1503    5073    1
1503    9931    1
1503    10389    1
1503    12897    1
1503    15068    1
1503    15069    1
1503    15070    1
1503    15071    1
1503    15072    1
1503    15073    1
1503    15074    1
1504    56    1
1504    64    1
1504    70    1
1504    154    1
1504    432    1
1504    603    1
1504    616    1
1504    969    1
1504    1099    1
1504    1156    1
1504    1394    1
1504    1396    1
1504    1397    1
1504    1399    1
1504    1405    1
1504    1409    1
1504    1738    1
1504    1824    1
1504    1969    1
1504    2101    1
1504    2818    1
1504    3200    1
1504    3413    1
1504    4029    1
1504    6046    1
1504    6585    1
1504    8790    1
1504    8868    1
1504    12364    1
1504    15075    1
1504    15076    1
1504    15077    1
1504    15078    1
1504    15079    1
1504    15080    1
1504    15081    1
1504    15082    1
1504    15084    1
1504    15085    1
1504    15086    1
1504    15087    1
1504    15088    1
1504    15089    1
1504    15090    1
1504    15091    1
1504    15092    1
1504    15093    1
1513    72    1
1513    159    1
1513    173    1
1513    190    1
1513    198    1
1513    229    1
1513    230    1
1513    306    1
1513    420    1
1513    425    1
1513    437    1
1513    441    1
1513    460    1
1513    727    1
1513    851    1
1513    1090    1
1513    1109    1
1513    1231    1
1513    1380    1
1513    1398    1
1513    1406    1
1513    1513    1
1513    1786    1
1513    1789    1
1513    2478    1
1513    2524    1
1513    3057    1
1513    3300    1
1513    3870    1
1513    4047    1
1513    4609    1
1513    4802    1
1513    5922    1
1513    5930    1
1513    10491    1
1513    12710    1
1513    14049    1
1513    15135    1
1513    15137    1
1513    15138    1
1513    15139    1
1513    15140    1
1513    15141    1
1513    15142    1
1513    15143    1
1514    51    1
1514    54    1
1514    58    1
1514    59    1
1514    63    1
1514    67    1
1514    70    1
1514    72    1
1514    75    1
1514    76    1
1514    77    1
1514    93    1
1514    153    1
1514    163    1
1514    172    1
1514    175    1
1514    187    1
1514    193    1
1514    233    1
1514    238    1
1514    603    1
1514    851    1
1514    862    1
1514    877    1
1514    880    1
1514    900    1
1514    993    1
1514    997    1
1514    1001    1
1514    1061    1
1514    1075    1
1514    1156    1
1514    1836    1
1514    1886    1
1514    1892    1
1514    1900    1
1514    2469    1
1514    3289    1
1514    3413    1
1514    3768    1
1514    3988    1
1514    4113    1
1514    4126    1
1514    4311    1
1514    5073    1
1514    5503    1
1514    8069    1
1515    89    1
1515    155    1
1515    157    1
1515    251    1
1515    257    1
1515    265    1
1515    288    1
1515    290    1
1515    291    1
1515    294    1
1515    295    1
1515    297    1
1515    304    1
1515    344    1
1515    458    1
1515    479    1
1515    543    1
1515    679    1
1515    906    1
1515    915    1
1515    1602    1
1515    1936    1
1515    2939    1
1515    2977    1
1515    3319    1
1515    3387    1
1515    4350    1
1515    4474    1
1515    4491    1
1515    5425    1
1515    5535    1
1515    5752    1
1515    6713    1
1515    12958    1
1515    12963    1
1515    13741    1
1515    14573    1
1515    15145    1
1515    15146    1
1515    15147    1
1515    15148    1
1515    15149    1
1515    15150    1
1515    15151    1
1515    15152    1
1515    15153    1
1515    15154    1
1516    67    1
1516    89    1
1516    155    1
1516    157    1
1516    176    1
1516    184    1
1516    220    1
1516    228    1
1516    253    1
1516    288    1
1516    289    1
1516    293    1
1516    300    1
1516    316    1
1516    349    1
1516    366    1
1516    465    1
1516    486    1
1516    511    1
1516    533    1
1516    679    1
1516    701    1
1516    907    1
1516    951    1
1516    1241    1
1516    1243    1
1516    2018    1
1516    2031    1
1516    2988    1
1516    3173    1
1516    3382    1
1516    3462    1
1516    3741    1
1516    3934    1
1516    3981    1
1516    5772    1
1516    6123    1
1516    6723    1
1516    7452    1
1516    8371    1
1516    8810    1
1516    11070    1
1516    11474    1
1516    15155    1
1516    15156    1
1516    15157    1
1516    15158    1
1520    58    1
1520    65    1
1520    89    1
1520    154    1
1520    166    1
1520    173    1
1520    190    1
1520    203    1
1520    207    1
1520    209    1
1520    227    1
1520    229    1
1520    230    1
1520    374    1
1520    379    1
1520    418    1
1520    425    1
1520    444    1
1520    532    1
1520    533    1
1520    689    1
1520    720    1
1520    903    1
1520    961    1
1520    1090    1
1520    1095    1
1520    1098    1
1520    1384    1
1520    1400    1
1520    1513    1
1520    1814    1
1520    2128    1
1520    2815    1
1520    3456    1
1520    3945    1
1520    4224    1
1520    4980    1
1520    9569    1
1520    11492    1
1520    11822    1
1520    13529    1
1520    14337    1
1520    14459    1
1520    15162    1
1520    15163    1
1520    15164    1
1520    15165    1
1524    40    1
1524    67    1
1524    89    1
1524    154    1
1524    163    1
1524    198    1
1524    199    1
1524    200    1
1524    220    1
1524    222    1
1524    226    1
1524    227    1
1524    233    1
1524    424    1
1524    511    1
1524    534    1
1524    562    1
1524    603    1
1524    757    1
1524    857    1
1524    886    1
1524    1090    1
1524    1091    1
1524    1105    1
1524    1246    1
1524    1412    1
1524    1632    1
1524    2271    1
1524    2569    1
1524    2637    1
1524    3200    1
1524    3340    1
1524    3737    1
1524    4196    1
1524    4198    1
1524    4208    1
1524    4833    1
1524    8270    1
1524    8275    1
1524    9485    1
1524    10564    1
1524    13221    1
1524    14203    1
1524    15179    1
1524    15180    1
1524    15181    1
1524    15182    1
1535    89    1
1535    190    1
1535    191    1
1535    209    1
1535    227    1
1535    230    1
1535    291    1
1535    324    1
1535    333    1
1535    344    1
1535    412    1
1535    430    1
1535    461    1
1535    471    1
1535    481    1
1535    498    1
1535    530    1
1535    532    1
1535    537    1
1535    540    1
1535    686    1
1535    687    1
1535    691    1
1535    1043    1
1535    1047    1
1535    1189    1
1535    1242    1
1535    1390    1
1535    1590    1
1535    2852    1
1535    3079    1
1535    3081    1
1535    3112    1
1535    3273    1
1535    3373    1
1535    4385    1
1535    4559    1
1535    5785    1
1535    5950    1
1535    6397    1
1535    7777    1
1535    10318    1
1535    10327    1
1535    15218    1
1535    15219    1
1535    15220    1
1535    15221    1
1539    56    1
1539    65    1
1539    88    1
1539    182    1
1539    190    1
1539    207    1
1539    225    1
1539    227    1
1539    229    1
1539    298    1
1539    420    1
1539    424    1
1539    425    1
1539    498    1
1539    499    1
1539    704    1
1539    709    1
1539    716    1
1539    868    1
1539    959    1
1539    985    1
1539    989    1
1539    1090    1
1539    1240    1
1539    1390    1
1539    1400    1
1539    1486    1
1539    1515    1
1539    1807    1
1539    2133    1
1539    2343    1
1539    2533    1
1539    2821    1
1539    3200    1
1539    3333    1
1539    3399    1
1539    3475    1
1539    4149    1
1539    4291    1
1539    5030    1
1539    6529    1
1539    13845    1
1539    15231    1
1539    15232    1
1539    15233    1
1539    15234    1
1539    15235    1
1540    55    1
1540    88    1
1540    89    1
1540    209    1
1540    288    1
1540    289    1
1540    298    1
1540    300    1
1540    302    1
1540    306    1
1540    320    1
1540    324    1
1540    333    1
1540    518    1
1540    532    1
1540    535    1
1540    540    1
1540    701    1
1540    787    1
1540    790    1
1540    792    1
1540    798    1
1540    886    1
1540    906    1
1540    970    1
1540    1392    1
1540    1406    1
1540    1410    1
1540    1432    1
1540    2018    1
1540    2091    1
1540    2440    1
1540    2521    1
1540    2944    1
1540    3193    1
1540    3769    1
1540    4024    1
1540    4817    1
1540    6054    1
1540    7268    1
1540    7506    1
1540    8136    1
1540    11866    1
1540    11995    1
1540    12921    1
1540    15236    1
1540    15237    1
1541    32    1
1541    40    1
1541    51    1
1541    58    1
1541    59    1
1541    67    1
1541    72    1
1541    227    1
1541    440    1
1541    511    1
1541    526    1
1541    532    1
1541    627    1
1541    997    1
1541    998    1
1541    1001    1
1541    1014    1
1541    1019    1
1541    1028    1
1541    1062    1
1541    1090    1
1541    1738    1
1541    1886    1
1541    1890    1
1541    2531    1
1541    2535    1
1541    2938    1
1541    3183    1
1541    3186    1
1541    4308    1
1541    4732    1
1541    6203    1
1541    7096    1
1541    7347    1
1541    7649    1
1541    7885    1
1541    8583    1
1541    9869    1
1541    11331    1
1541    11335    1
1541    14639    1
1541    15238    1
1541    15239    1
1541    15240    1
1541    15241    1
1541    15242    1
1541    15243    1
1544    67    1
1544    89    1
1544    172    1
1544    183    1
1544    190    1
1544    246    1
1544    289    1
1544    291    1
1544    292    1
1544    293    1
1544    316    1
1544    333    1
1544    377    1
1544    405    1
1544    464    1
1544    466    1
1544    487    1
1544    488    1
1544    490    1
1544    494    1
1544    499    1
1544    524    1
1544    680    1
1544    816    1
1544    903    1
1544    972    1
1544    1045    1
1544    1104    1
1544    1179    1
1544    1190    1
1544    1195    1
1544    1672    1
1544    1775    1
1544    2014    1
1544    2184    1
1544    2432    1
1544    2608    1
1544    2956    1
1544    3074    1
1544    3124    1
1544    3367    1
1544    5079    1
1544    5633    1
1544    5759    1
1544    6812    1
1544    7356    1
1544    8847    1
1545    59    1
1545    65    1
1545    154    1
1545    159    1
1545    166    1
1545    187    1
1545    199    1
1545    200    1
1545    225    1
1545    227    1
1545    229    1
1545    234    1
1545    316    1
1545    389    1
1545    424    1
1545    425    1
1545    429    1
1545    439    1
1545    441    1
1545    450    1
1545    604    1
1545    705    1
1545    706    1
1545    714    1
1545    716    1
1545    840    1
1545    851    1
1545    859    1
1545    903    1
1545    969    1
1545    1109    1
1545    1154    1
1545    1231    1
1545    1512    1
1545    1513    1
1545    2600    1
1545    2616    1
1545    3213    1
1545    4116    1
1545    5079    1
1545    5306    1
1545    5421    1
1545    6137    1
1545    7260    1
1545    7638    1
1545    15260    1
1545    15261    1
1555    55    1
1555    67    1
1555    89    1
1555    257    1
1555    279    1
1555    285    1
1555    288    1
1555    289    1
1555    290    1
1555    291    1
1555    292    1
1555    294    1
1555    295    1
1555    299    1
1555    300    1
1555    302    1
1555    306    1
1555    310    1
1555    311    1
1555    316    1
1555    318    1
1555    323    1
1555    328    1
1555    344    1
1555    349    1
1555    352    1
1555    374    1
1555    525    1
1555    528    1
1555    680    1
1555    701    1
1555    786    1
1555    792    1
1555    800    1
1555    972    1
1555    1243    1
1555    1470    1
1555    2220    1
1555    2462    1
1555    2523    1
1555    3074    1
1555    3491    1
1555    4350    1
1555    4488    1
1555    4814    1
1555    5568    1
1555    7619    1
1563    55    1
1563    67    1
1563    251    1
1563    257    1
1563    289    1
1563    299    1
1563    320    1
1563    701    1
1563    787    1
1563    1098    1
1563    1121    1
1563    1123    1
1563    1436    1
1563    1440    1
1563    1446    1
1563    1475    1
1563    2394    1
1563    2395    1
1563    2440    1
1563    2462    1
1563    3060    1
1563    3311    1
1563    3466    1
1563    3892    1
1563    4260    1
1563    4817    1
1563    5238    1
1563    7838    1
1563    7846    1
1563    9820    1
1563    10717    1
1563    12555    1
1563    13669    1
1563    14929    1
1563    15330    1
1563    15331    1
1563    15332    1
1563    15334    1
1563    15335    1
1563    15336    1
1563    15337    1
1563    15338    1
1563    15339    1
1563    15340    1
1563    15341    1
1563    15342    1
1563    15343    1
1564    55    1
1564    67    1
1564    97    1
1564    157    1
1564    161    1
1564    257    1
1564    288    1
1564    289    1
1564    291    1
1564    292    1
1564    294    1
1564    295    1
1564    298    1
1564    300    1
1564    302    1
1564    306    1
1564    314    1
1564    321    1
1564    325    1
1564    328    1
1564    331    1
1564    333    1
1564    344    1
1564    349    1
1564    352    1
1564    458    1
1564    461    1
1564    466    1
1564    475    1
1564    528    1
1564    531    1
1564    543    1
1564    646    1
1564    679    1
1564    681    1
1564    686    1
1564    701    1
1564    1042    1
1564    1246    1
1564    1428    1
1564    1453    1
1564    1613    1
1564    1934    1
1564    2020    1
1564    2548    1
1564    2984    1
1564    3173    1
1567    161    1
1567    190    1
1567    198    1
1567    229    1
1567    307    1
1567    349    1
1567    378    1
1567    386    1
1567    455    1
1567    461    1
1567    467    1
1567    479    1
1567    490    1
1567    518    1
1567    535    1
1567    657    1
1567    660    1
1567    669    1
1567    679    1
1567    680    1
1567    686    1
1567    701    1
1567    966    1
1567    1057    1
1567    1447    1
1567    1464    1
1567    1470    1
1567    1475    1
1567    1602    1
1567    2645    1
1567    2977    1
1567    3427    1
1567    3859    1
1567    4565    1
1567    5228    1
1567    5487    1
1567    5845    1
1567    12947    1
1567    13549    1
1567    15347    1
1567    15348    1
1567    15349    1
1567    15350    1
1567    15351    1
1567    15352    1
1567    15353    1
1567    15354    1
1568    89    1
1568    161    1
1568    209    1
1568    227    1
1568    230    1
1568    288    1
1568    289    1
1568    292    1
1568    295    1
1568    300    1
1568    306    1
1568    325    1
1568    333    1
1568    458    1
1568    461    1
1568    466    1
1568    470    1
1568    486    1
1568    498    1
1568    542    1
1568    646    1
1568    701    1
1568    704    1
1568    1032    1
1568    1034    1
1568    1037    1
1568    1039    1
1568    1043    1
1568    1045    1
1568    1475    1
1568    2025    1
1568    2080    1
1568    2984    1
1568    3373    1
1568    3378    1
1568    4309    1
1568    4350    1
1568    4474    1
1568    5314    1
1568    5749    1
1568    5750    1
1568    7088    1
1568    7091    1
1568    7706    1
1568    15355    1
1568    15356    1
1568    15357    1
1576    7    1
1576    96    1
1576    190    1
1576    289    1
1576    389    1
1576    412    1
1576    538    1
1576    679    1
1576    680    1
1576    737    1
1576    889    1
1576    985    1
1576    1083    1
1576    1244    1
1576    1375    1
1576    1464    1
1576    1694    1
1576    1782    1
1576    1934    1
1576    2044    1
1576    2183    1
1576    3760    1
1576    4815    1
1576    5285    1
1576    5810    1
1576    6700    1
1576    8422    1
1576    9348    1
1576    11956    1
1576    15395    1
1576    15396    1
1576    15397    1
1576    15398    1
1576    15399    1
1576    15400    1
1576    15401    1
1576    15402    1
1576    15404    1
1576    15405    1
1576    15406    1
1576    15407    1
1576    15408    1
1576    15409    1
1576    15410    1
1576    15411    1
1576    15412    1
1576    15413    1
1577    67    1
1577    89    1
1577    161    1
1577    257    1
1577    288    1
1577    289    1
1577    290    1
1577    294    1
1577    295    1
1577    299    1
1577    300    1
1577    304    1
1577    330    1
1577    349    1
1577    352    1
1577    377    1
1577    386    1
1577    396    1
1577    455    1
1577    459    1
1577    461    1
1577    466    1
1577    475    1
1577    479    1
1577    525    1
1577    531    1
1577    660    1
1577    663    1
1577    915    1
1577    1673    1
1577    2977    1
1577    3080    1
1577    3128    1
1577    3576    1
1577    3586    1
1577    4257    1
1577    5076    1
1577    7656    1
1577    7868    1
1577    9660    1
1577    10992    1
1577    15414    1
1577    15415    1
1577    15416    1
1577    15417    1
1577    15418    1
1577    15419    1
1582    154    1
1582    198    1
1582    209    1
1582    229    1
1582    498    1
1582    512    1
1582    537    1
1582    718    1
1582    977    1
1582    1045    1
1582    1105    1
1582    1239    1
1582    1378    1
1582    2840    1
1582    3205    1
1582    3468    1
1582    4191    1
1582    4201    1
1582    4262    1
1582    4434    1
1582    4821    1
1582    4822    1
1582    4834    1
1582    4837    1
1582    4898    1
1582    5423    1
1582    5966    1
1582    6293    1
1582    6792    1
1582    10799    1
1582    11548    1
1582    11803    1
1582    13515    1
1582    15428    1
1582    15429    1
1582    15430    1
1582    15431    1
1582    15433    1
1582    15434    1
1582    15435    1
1582    15436    1
1582    15437    1
1582    15438    1
1582    15439    1
1582    15440    1
1582    15441    1
1582    15442    1
1585    51    1
1585    56    1
1585    61    1
1585    65    1
1585    67    1
1585    69    1
1585    72    1
1585    80    1
1585    99    1
1585    157    1
1585    159    1
1585    182    1
1585    187    1
1585    253    1
1585    285    1
1585    291    1
1585    511    1
1585    748    1
1585    777    1
1585    945    1
1585    993    1
1585    1001    1
1585    1009    1
1585    1013    1
1585    1116    1
1585    1122    1
1585    1306    1
1585    1405    1
1585    1413    1
1585    2018    1
1585    2469    1
1585    2554    1
1585    2608    1
1585    3104    1
1585    3302    1
1585    3481    1
1585    3768    1
1585    4130    1
1585    5072    1
1585    5452    1
1585    7054    1
1585    15449    1
1585    15450    1
1585    15451    1
1585    15452    1
1585    15453    1
1585    15454    1
1593    157    1
1593    239    1
1593    240    1
1593    257    1
1593    261    1
1593    279    1
1593    285    1
1593    288    1
1593    289    1
1593    292    1
1593    295    1
1593    312    1
1593    314    1
1593    322    1
1593    327    1
1593    330    1
1593    331    1
1593    332    1
1593    352    1
1593    468    1
1593    482    1
1593    484    1
1593    527    1
1593    913    1
1593    1037    1
1593    1042    1
1593    1451    1
1593    1537    1
1593    1544    1
1593    2083    1
1593    2220    1
1593    2548    1
1593    3314    1
1593    3317    1
1593    3318    1
1593    4617    1
1593    4713    1
1593    6346    1
1593    8081    1
1593    8605    1
1593    11069    1
1593    12535    1
1593    12545    1
1593    14734    1
1593    15473    1
1593    15474    1
1593    15475    1
1594    65    1
1594    72    1
1594    154    1
1594    172    1
1594    173    1
1594    187    1
1594    190    1
1594    207    1
1594    217    1
1594    225    1
1594    226    1
1594    227    1
1594    229    1
1594    362    1
1594    377    1
1594    412    1
1594    424    1
1594    429    1
1594    439    1
1594    441    1
1594    453    1
1594    498    1
1594    585    1
1594    614    1
1594    615    1
1594    705    1
1594    706    1
1594    707    1
1594    709    1
1594    733    1
1594    857    1
1594    859    1
1594    982    1
1594    1118    1
1594    1239    1
1594    1240    1
1594    1414    1
1594    1807    1
1594    1974    1
1594    1977    1
1594    2531    1
1594    3071    1
1594    3938    1
1594    4793    1
1594    8710    1
1594    10969    1
1594    15476    1
1595    59    1
1595    72    1
1595    77    1
1595    89    1
1595    99    1
1595    159    1
1595    163    1
1595    193    1
1595    227    1
1595    228    1
1595    234    1
1595    418    1
1595    441    1
1595    562    1
1595    599    1
1595    631    1
1595    706    1
1595    717    1
1595    733    1
1595    735    1
1595    757    1
1595    863    1
1595    865    1
1595    868    1
1595    874    1
1595    959    1
1595    1013    1
1595    1079    1
1595    1122    1
1595    1244    1
1595    1249    1
1595    1369    1
1595    1412    1
1595    1534    1
1595    1892    1
1595    1895    1
1595    1897    1
1595    4130    1
1595    6950    1
1595    8291    1
1595    9253    1
1595    9513    1
1595    9969    1
1595    15472    1
1595    15477    1
1595    15478    1
1595    15479    1
1600    55    1
1600    67    1
1600    89    1
1600    230    1
1600    257    1
1600    288    1
1600    289    1
1600    292    1
1600    293    1
1600    295    1
1600    300    1
1600    302    1
1600    318    1
1600    328    1
1600    332    1
1600    333    1
1600    349    1
1600    466    1
1600    485    1
1600    523    1
1600    524    1
1600    526    1
1600    532    1
1600    535    1
1600    536    1
1600    544    1
1600    545    1
1600    548    1
1600    701    1
1600    886    1
1600    903    1
1600    915    1
1600    1062    1
1600    1451    1
1600    1456    1
1600    1580    1
1600    2018    1
1600    2521    1
1600    3397    1
1600    3502    1
1600    5926    1
1600    7301    1
1600    12550    1
1600    15168    1
1600    15510    1
1600    15511    1
1600    15512    1
1606    55    1
1606    67    1
1606    89    1
1606    97    1
1606    157    1
1606    190    1
1606    217    1
1606    228    1
1606    257    1
1606    288    1
1606    289    1
1606    290    1
1606    291    1
1606    293    1
1606    294    1
1606    295    1
1606    298    1
1606    300    1
1606    304    1
1606    306    1
1606    314    1
1606    321    1
1606    322    1
1606    325    1
1606    333    1
1606    344    1
1606    349    1
1606    352    1
1606    355    1
1606    464    1
1606    466    1
1606    498    1
1606    524    1
1606    528    1
1606    544    1
1606    548    1
1606    646    1
1606    681    1
1606    686    1
1606    689    1
1606    701    1
1606    802    1
1606    1052    1
1606    1767    1
1606    1934    1
1606    2801    1
1606    3171    1
1608    55    1
1608    56    1
1608    65    1
1608    67    1
1608    89    1
1608    190    1
1608    207    1
1608    217    1
1608    228    1
1608    229    1
1608    288    1
1608    289    1
1608    292    1
1608    295    1
1608    300    1
1608    333    1
1608    420    1
1608    424    1
1608    432    1
1608    439    1
1608    453    1
1608    455    1
1608    456    1
1608    459    1
1608    528    1
1608    538    1
1608    546    1
1608    679    1
1608    689    1
1608    841    1
1608    886    1
1608    903    1
1608    980    1
1608    1098    1
1608    1104    1
1608    1400    1
1608    1515    1
1608    2083    1
1608    2523    1
1608    3200    1
1608    3741    1
1608    4028    1
1608    4706    1
1608    5446    1
1608    5934    1
1608    15537    1
1608    15538    1
1615    198    1
1615    206    1
1615    209    1
1615    217    1
1615    220    1
1615    227    1
1615    229    1
1615    230    1
1615    233    1
1615    234    1
1615    250    1
1615    316    1
1615    412    1
1615    486    1
1615    534    1
1615    536    1
1615    562    1
1615    709    1
1615    735    1
1615    808    1
1615    982    1
1615    1091    1
1615    1239    1
1615    1244    1
1615    1249    1
1615    1378    1
1615    1392    1
1615    1645    1
1615    1672    1
1615    1689    1
1615    1873    1
1615    1974    1
1615    2121    1
1615    2346    1
1615    2455    1
1615    2625    1
1615    2637    1
1615    3078    1
1615    3341    1
1615    3621    1
1615    3732    1
1615    4189    1
1615    4262    1
1615    5306    1
1615    6376    1
1615    6997    1
1615    7470    1
1617    157    1
1617    192    1
1617    227    1
1617    554    1
1617    599    1
1617    733    1
1617    863    1
1617    874    1
1617    889    1
1617    959    1
1617    1242    1
1617    1513    1
1617    1709    1
1617    2629    1
1617    2861    1
1617    2902    1
1617    2938    1
1617    3279    1
1617    3677    1
1617    3778    1
1617    3920    1
1617    4495    1
1617    4541    1
1617    4620    1
1617    5434    1
1617    6458    1
1617    7407    1
1617    8359    1
1617    10394    1
1617    11124    1
1617    11589    1
1617    11733    1
1617    12219    1
1617    12358    1
1617    13156    1
1617    15391    1
1617    15581    1
1617    15583    1
1617    15584    1
1617    15585    1
1617    15586    1
1617    15587    1
1617    15588    1
1617    15589    1
1617    15590    1
1617    15591    1
1617    15592    1
1619    6    1
1619    7    1
1619    15    1
1619    25    1
1619    45    1
1619    72    1
1619    152    1
1619    159    1
1619    188    1
1619    198    1
1619    226    1
1619    227    1
1619    233    1
1619    378    1
1619    436    1
1619    487    1
1619    504    1
1619    512    1
1619    602    1
1619    605    1
1619    718    1
1619    785    1
1619    806    1
1619    818    1
1619    832    1
1619    846    1
1619    1044    1
1619    1099    1
1619    1104    1
1619    1145    1
1619    1216    1
1619    1369    1
1619    1645    1
1619    1714    1
1619    1811    1
1619    1934    1
1619    1974    1
1619    2379    1
1619    2945    1
1619    3328    1
1619    3455    1
1619    4105    1
1619    6257    1
1619    8711    1
1619    15610    1
1619    15611    1
1619    15612    1
1623    152    1
1623    154    1
1623    188    1
1623    190    1
1623    196    1
1623    359    1
1623    370    1
1623    506    1
1623    606    1
1623    610    1
1623    812    1
1623    815    1
1623    843    1
1623    854    1
1623    918    1
1623    919    1
1623    920    1
1623    931    1
1623    943    1
1623    947    1
1623    1110    1
1623    1113    1
1623    1116    1
1623    1118    1
1623    1119    1
1623    1131    1
1623    1179    1
1623    1216    1
1623    1222    1
1623    1755    1
1623    1861    1
1623    1941    1
1623    2006    1
1623    2458    1
1623    2778    1
1623    2794    1
1623    3084    1
1623    3788    1
1623    4616    1
1623    5169    1
1623    5441    1
1623    6289    1
1623    6678    1
1623    6724    1
1623    11516    1
1623    11979    1
1623    13935    1
1643    51    1
1643    67    1
1643    77    1
1643    95    1
1643    155    1
1643    187    1
1643    190    1
1643    227    1
1643    296    1
1643    418    1
1643    679    1
1643    694    1
1643    728    1
1643    906    1
1643    910    1
1643    959    1
1643    972    1
1643    1001    1
1643    1047    1
1643    1076    1
1643    1414    1
1643    2071    1
1643    2523    1
1643    2556    1
1643    2562    1
1643    3070    1
1643    3217    1
1643    3866    1
1643    4068    1
1643    6790    1
1643    8676    1
1643    8995    1
1643    11724    1
1643    11727    1
1643    12129    1
1643    13266    1
1643    13415    1
1643    15803    1
1643    15804    1
1643    15805    1
1643    15806    1
1643    15807    1
1643    15808    1
1643    15809    1
1643    15810    1
1643    15811    1
1643    15812    1
1656    56    1
1656    65    1
1656    88    1
1656    154    1
1656    166    1
1656    170    1
1656    173    1
1656    180    1
1656    182    1
1656    199    1
1656    203    1
1656    227    1
1656    293    1
1656    418    1
1656    425    1
1656    429    1
1656    441    1
1656    526    1
1656    530    1
1656    533    1
1656    546    1
1656    548    1
1656    689    1
1656    691    1
1656    703    1
1656    716    1
1656    757    1
1656    903    1
1656    980    1
1656    1090    1
1656    1195    1
1656    1206    1
1656    1398    1
1656    1400    1
1656    1509    1
1656    1513    1
1656    1672    1
1656    2537    1
1656    2618    1
1656    2786    1
1656    2839    1
1656    3057    1
1656    3898    1
1656    4118    1
1656    7077    1
1656    7505    1
1656    9701    1
1657    107    1
1657    163    1
1657    206    1
1657    238    1
1657    511    1
1657    602    1
1657    605    1
1657    606    1
1657    715    1
1657    748    1
1657    756    1
1657    1098    1
1657    1412    1
1657    1835    1
1657    1969    1
1657    2605    1
1657    2668    1
1657    2688    1
1657    3225    1
1657    3413    1
1657    3440    1
1657    3619    1
1657    3992    1
1657    3995    1
1657    5312    1
1657    6581    1
1657    6762    1
1657    7146    1
1657    7700    1
1657    9361    1
1657    9882    1
1657    11801    1
1657    13033    1
1657    13087    1
1657    13891    1
1657    14279    1
1657    15880    1
1657    15882    1
1657    15883    1
1657    15884    1
1657    15885    1
1657    15886    1
1657    15887    1
1657    15888    1
1657    15889    1
1657    15890    1
1657    15891    1
1666    55    1
1666    67    1
1666    89    1
1666    161    1
1666    257    1
1666    288    1
1666    289    1
1666    290    1
1666    291    1
1666    292    1
1666    293    1
1666    294    1
1666    296    1
1666    298    1
1666    299    1
1666    300    1
1666    305    1
1666    306    1
1666    307    1
1666    308    1
1666    311    1
1666    318    1
1666    320    1
1666    321    1
1666    323    1
1666    324    1
1666    325    1
1666    326    1
1666    332    1
1666    349    1
1666    403    1
1666    461    1
1666    462    1
1666    466    1
1666    471    1
1666    498    1
1666    525    1
1666    536    1
1666    540    1
1666    543    1
1666    701    1
1666    908    1
1666    1059    1
1666    1246    1
1666    1684    1
1666    3319    1
1666    3320    1
1669    64    1
1669    65    1
1669    70    1
1669    71    1
1669    72    1
1669    162    1
1669    186    1
1669    234    1
1669    378    1
1669    504    1
1669    506    1
1669    517    1
1669    533    1
1669    707    1
1669    726    1
1669    930    1
1669    937    1
1669    957    1
1669    1104    1
1669    1109    1
1669    1178    1
1669    1226    1
1669    2014    1
1669    2337    1
1669    2338    1
1669    2339    1
1669    2644    1
1669    3418    1
1669    4025    1
1669    4365    1
1669    7047    1
1669    7261    1
1669    7509    1
1669    8420    1
1669    8512    1
1669    13633    1
1669    14248    1
1669    15814    1
1669    15965    1
1669    15966    1
1669    15967    1
1669    15968    1
1669    15969    1
1669    15970    1
1669    15971    1
1669    15972    1
1669    15973    1
1676    52    1
1676    65    1
1676    66    1
1676    88    1
1676    154    1
1676    198    1
1676    207    1
1676    220    1
1676    227    1
1676    233    1
1676    234    1
1676    425    1
1676    441    1
1676    614    1
1676    755    1
1676    858    1
1676    865    1
1676    868    1
1676    959    1
1676    964    1
1676    977    1
1676    1055    1
1676    1090    1
1676    1249    1
1676    1790    1
1676    1978    1
1676    1984    1
1676    1987    1
1676    2616    1
1676    3237    1
1676    3627    1
1676    3640    1
1676    3648    1
1676    3685    1
1676    4569    1
1676    4570    1
1676    5847    1
1676    7446    1
1676    8068    1
1676    11756    1
1676    11760    1
1676    13026    1
1676    15996    1
1676    15997    1
1676    15998    1
1676    15999    1
1676    16000    1
1684    65    1
1684    89    1
1684    182    1
1684    184    1
1684    190    1
1684    288    1
1684    289    1
1684    295    1
1684    300    1
1684    321    1
1684    329    1
1684    331    1
1684    342    1
1684    349    1
1684    412    1
1684    455    1
1684    457    1
1684    465    1
1684    469    1
1684    481    1
1684    498    1
1684    519    1
1684    538    1
1684    646    1
1684    790    1
1684    966    1
1684    1045    1
1684    1243    1
1684    1246    1
1684    1375    1
1684    1673    1
1684    2080    1
1684    2523    1
1684    2986    1
1684    3176    1
1684    3217    1
1684    3373    1
1684    3568    1
1684    4753    1
1684    9514    1
1684    16042    1
1684    16043    1
1684    16044    1
1684    16045    1
1684    16046    1
1684    16047    1
1684    16048    1
1693    67    1
1693    89    1
1693    288    1
1693    289    1
1693    292    1
1693    295    1
1693    299    1
1693    300    1
1693    306    1
1693    324    1
1693    325    1
1693    329    1
1693    333    1
1693    344    1
1693    349    1
1693    377    1
1693    378    1
1693    468    1
1693    484    1
1693    524    1
1693    525    1
1693    543    1
1693    544    1
1693    679    1
1693    701    1
1693    913    1
1693    972    1
1693    1042    1
1693    1449    1
1693    1451    1
1693    2548    1
1693    3404    1
1693    4350    1
1693    4486    1
1693    4576    1
1693    12625    1
1693    16069    1
1693    16070    1
1693    16071    1
1693    16072    1
1693    16073    1
1697    163    1
1697    227    1
1697    245    1
1697    250    1
1697    286    1
1697    735    1
1697    1207    1
1697    1413    1
1697    2609    1
1697    2893    1
1697    3131    1
1697    3133    1
1697    3134    1
1697    3146    1
1697    3147    1
1697    3149    1
1697    3163    1
1697    4062    1
1697    4344    1
1697    5353    1
1697    5848    1
1697    5850    1
1697    7556    1
1697    8121    1
1697    9596    1
1697    9598    1
1697    9829    1
1697    9833    1
1697    9834    1
1697    9839    1
1697    9843    1
1697    10663    1
1697    12243    1
1697    12255    1
1697    12257    1
1697    12258    1
1697    16097    1
1697    16099    1
1697    16100    1
1697    16101    1
1697    16102    1
1697    16103    1
1697    16104    1
1697    16105    1
1697    16106    1
1697    16107    1
1697    16108    1
1699    89    1
1699    157    1
1699    278    1
1699    288    1
1699    289    1
1699    291    1
1699    295    1
1699    296    1
1699    298    1
1699    299    1
1699    302    1
1699    306    1
1699    308    1
1699    333    1
1699    349    1
1699    378    1
1699    475    1
1699    499    1
1699    525    1
1699    543    1
1699    545    1
1699    907    1
1699    1051    1
1699    1052    1
1699    1104    1
1699    1351    1
1699    1463    1
1699    1613    1
1699    2179    1
1699    2252    1
1699    2976    1
1699    4292    1
1699    6133    1
1699    6346    1
1699    6618    1
1699    6619    1
1699    13025    1
1699    16112    1
1699    16113    1
1699    16114    1
1699    16115    1
1699    16116    1
1699    16117    1
1699    16118    1
1699    16119    1
1699    16120    1
1699    16121    1
1702    163    1
1702    212    1
1702    227    1
1702    554    1
1702    562    1
1702    599    1
1702    607    1
1702    728    1
1702    730    1
1702    735    1
1702    863    1
1702    868    1
1702    1369    1
1702    1411    1
1702    1412    1
1702    1413    1
1702    1415    1
1702    1416    1
1702    1425    1
1702    2127    1
1702    2265    1
1702    2342    1
1702    2343    1
1702    2787    1
1702    2834    1
1702    2855    1
1702    2899    1
1702    3308    1
1702    3470    1
1702    3888    1
1702    3921    1
1702    4124    1
1702    4180    1
1702    4251    1
1702    4460    1
1702    4675    1
1702    4784    1
1702    5844    1
1702    6165    1
1702    6267    1
1702    6362    1
1702    8546    1
1702    8794    1
1702    9347    1
1702    11501    1
1702    16138    1
1702    16139    1
1704    77    1
1704    89    1
1704    257    1
1704    293    1
1704    296    1
1704    299    1
1704    318    1
1704    323    1
1704    326    1
1704    334    1
1704    462    1
1704    465    1
1704    479    1
1704    803    1
1704    906    1
1704    909    1
1704    911    1
1704    951    1
1704    972    1
1704    986    1
1704    1249    1
1704    1673    1
1704    1795    1
1704    2797    1
1704    3302    1
1704    3311    1
1704    3320    1
1704    3367    1
1704    3576    1
1704    5000    1
1704    5260    1
1704    7390    1
1704    7394    1
1704    11024    1
1704    11719    1
1704    13266    1
1704    16141    1
1704    16143    1
1704    16144    1
1704    16145    1
1704    16146    1
1704    16147    1
1704    16148    1
1704    16149    1
1704    16150    1
1704    16151    1
1704    16152    1
1708    65    1
1708    70    1
1708    71    1
1708    88    1
1708    89    1
1708    154    1
1708    155    1
1708    167    1
1708    172    1
1708    199    1
1708    203    1
1708    206    1
1708    209    1
1708    227    1
1708    416    1
1708    426    1
1708    429    1
1708    434    1
1708    511    1
1708    533    1
1708    599    1
1708    615    1
1708    620    1
1708    709    1
1708    715    1
1708    718    1
1708    857    1
1708    863    1
1708    982    1
1708    1107    1
1708    1146    1
1708    1155    1
1708    1239    1
1708    1375    1
1708    1376    1
1708    1513    1
1708    1632    1
1708    1888    1
1708    1957    1
1708    2537    1
1708    2584    1
1708    4069    1
1708    4079    1
1708    7194    1
1708    10610    1
1708    11234    1
1708    16169    1
1711    89    1
1711    197    1
1711    206    1
1711    289    1
1711    428    1
1711    429    1
1711    569    1
1711    599    1
1711    620    1
1711    629    1
1711    857    1
1711    886    1
1711    981    1
1711    1075    1
1711    1089    1
1711    1164    1
1711    1206    1
1711    1513    1
1711    1837    1
1711    1888    1
1711    2131    1
1711    2346    1
1711    3057    1
1711    3185    1
1711    3673    1
1711    4495    1
1711    4810    1
1711    5079    1
1711    5785    1
1711    6852    1
1711    7076    1
1711    7325    1
1711    7661    1
1711    8223    1
1711    8659    1
1711    9629    1
1711    9931    1
1711    10761    1
1711    11230    1
1711    11232    1
1711    12724    1
1711    12752    1
1711    13371    1
1711    13416    1
1711    16206    1
1711    16207    1
1711    16208    1
1712    7    1
1712    65    1
1712    163    1
1712    166    1
1712    176    1
1712    190    1
1712    198    1
1712    212    1
1712    226    1
1712    227    1
1712    228    1
1712    230    1
1712    234    1
1712    614    1
1712    707    1
1712    712    1
1712    734    1
1712    854    1
1712    856    1
1712    860    1
1712    868    1
1712    917    1
1712    920    1
1712    965    1
1712    978    1
1712    982    1
1712    1118    1
1712    1119    1
1712    1131    1
1712    1372    1
1712    1384    1
1712    1412    1
1712    1778    1
1712    1812    1
1712    2352    1
1712    2380    1
1712    3475    1
1712    6724    1
1712    6730    1
1712    9344    1
1712    9346    1
1712    9818    1
1712    10537    1
1712    13379    1
1712    13890    1
1712    16209    1
1712    16210    1
1719    616    1
1719    1548    1
1719    2101    1
1719    2289    1
1719    4636    1
1719    5256    1
1719    8136    1
1719    8390    1
1719    9453    1
1719    9585    1
1719    9587    1
1719    10547    1
1719    10672    1
1719    11877    1
1719    11878    1
1719    12491    1
1719    14324    1
1719    15845    1
1719    16229    1
1719    16230    1
1719    16231    1
1719    16232    1
1719    16233    1
1719    16234    1
1719    16235    1
1719    16236    1
1719    16237    1
1719    16238    1
1719    16239    1
1719    16241    1
1719    16242    1
1719    16243    1
1719    16244    1
1719    16245    1
1719    16246    1
1719    16247    1
1719    16248    1
1719    16250    1
1719    16251    1
1719    16252    1
1719    16253    1
1719    16254    1
1719    16255    1
1719    16256    1
1719    16257    1
1719    16258    1
1719    16259    1
1722    51    1
1722    55    1
1722    65    1
1722    67    1
1722    89    1
1722    97    1
1722    155    1
1722    161    1
1722    288    1
1722    289    1
1722    294    1
1722    295    1
1722    299    1
1722    301    1
1722    302    1
1722    306    1
1722    310    1
1722    316    1
1722    327    1
1722    328    1
1722    329    1
1722    332    1
1722    352    1
1722    466    1
1722    485    1
1722    533    1
1722    535    1
1722    538    1
1722    641    1
1722    907    1
1722    972    1
1722    1243    1
1722    1432    1
1722    1505    1
1722    3674    1
1722    4707    1
1722    5000    1
1722    5617    1
1722    5985    1
1722    7187    1
1722    8020    1
1722    10076    1
1722    15665    1
1722    16313    1
1722    16314    1
1722    16315    1
1722    16316    1
1730    7    1
1730    8    1
1730    55    1
1730    58    1
1730    67    1
1730    84    1
1730    89    1
1730    157    1
1730    229    1
1730    288    1
1730    289    1
1730    292    1
1730    295    1
1730    371    1
1730    390    1
1730    423    1
1730    538    1
1730    542    1
1730    544    1
1730    546    1
1730    674    1
1730    811    1
1730    816    1
1730    1041    1
1730    1044    1
1730    1091    1
1730    1098    1
1730    1104    1
1730    1180    1
1730    1797    1
1730    1910    1
1730    1919    1
1730    1934    1
1730    2100    1
1730    2101    1
1730    2103    1
1730    2521    1
1730    3092    1
1730    3367    1
1730    4706    1
1730    6792    1
1730    6996    1
1730    8404    1
1730    8589    1
1730    16361    1
1730    16362    1
1730    16363    1
1732    52    1
1732    58    1
1732    80    1
1732    159    1
1732    206    1
1732    227    1
1732    429    1
1732    603    1
1732    612    1
1732    1156    1
1732    1801    1
1732    1958    1
1732    1971    1
1732    2265    1
1732    2277    1
1732    2419    1
1732    2531    1
1732    2535    1
1732    2630    1
1732    4444    1
1732    5192    1
1732    5414    1
1732    5890    1
1732    6004    1
1732    6151    1
1732    6167    1
1732    6169    1
1732    6229    1
1732    6764    1
1732    7742    1
1732    8513    1
1732    10663    1
1732    11737    1
1732    11919    1
1732    12868    1
1732    16365    1
1732    16366    1
1732    16368    1
1732    16369    1
1732    16370    1
1732    16371    1
1732    16372    1
1732    16373    1
1732    16374    1
1732    16375    1
1732    16376    1
1732    16377    1
1734    69    1
1734    89    1
1734    157    1
1734    190    1
1734    228    1
1734    257    1
1734    285    1
1734    288    1
1734    289    1
1734    292    1
1734    294    1
1734    295    1
1734    314    1
1734    327    1
1734    331    1
1734    332    1
1734    349    1
1734    461    1
1734    462    1
1734    464    1
1734    467    1
1734    468    1
1734    472    1
1734    482    1
1734    488    1
1734    493    1
1734    498    1
1734    507    1
1734    537    1
1734    646    1
1734    681    1
1734    686    1
1734    830    1
1734    912    1
1734    913    1
1734    1180    1
1734    1457    1
1734    1613    1
1734    1672    1
1734    2783    1
1734    2990    1
1734    3320    1
1734    5615    1
1734    16381    1
1734    16382    1
1734    16383    1
1734    16384    1
1736    55    1
1736    67    1
1736    89    1
1736    97    1
1736    161    1
1736    227    1
1736    256    1
1736    288    1
1736    292    1
1736    324    1
1736    329    1
1736    333    1
1736    464    1
1736    531    1
1736    541    1
1736    575    1
1736    679    1
1736    689    1
1736    701    1
1736    706    1
1736    715    1
1736    962    1
1736    1081    1
1736    1456    1
1736    1505    1
1736    1519    1
1736    1721    1
1736    2025    1
1736    2176    1
1736    2834    1
1736    3101    1
1736    3460    1
1736    3575    1
1736    3763    1
1736    4435    1
1736    4442    1
1736    4489    1
1736    5268    1
1736    5270    1
1736    6389    1
1736    7868    1
1736    8718    1
1736    8742    1
1736    13219    1
1736    16385    1
1736    16386    1
1736    16387    1
1740    56    1
1740    101    1
1740    154    1
1740    157    1
1740    159    1
1740    207    1
1740    278    1
1740    418    1
1740    430    1
1740    546    1
1740    578    1
1740    603    1
1740    604    1
1740    757    1
1740    980    1
1740    1109    1
1740    1122    1
1740    1131    1
1740    1222    1
1740    1394    1
1740    1396    1
1740    1400    1
1740    1409    1
1740    1410    1
1740    1969    1
1740    1975    1
1740    2174    1
1740    2602    1
1740    2605    1
1740    2783    1
1740    2811    1
1740    3132    1
1740    3164    1
1740    3248    1
1740    3502    1
1740    4153    1
1740    5045    1
1740    7079    1
1740    8068    1
1740    11852    1
1740    12868    1
1740    15999    1
1740    16404    1
1740    16405    1
1740    16406    1
1740    16407    1
1740    16408    1
1741    55    1
1741    56    1
1741    157    1
1741    190    1
1741    207    1
1741    210    1
1741    424    1
1741    432    1
1741    458    1
1741    471    1
1741    486    1
1741    527    1
1741    547    1
1741    690    1
1741    716    1
1741    757    1
1741    768    1
1741    779    1
1741    813    1
1741    815    1
1741    830    1
1741    923    1
1741    953    1
1741    1037    1
1741    1048    1
1741    1097    1
1741    1109    1
1741    1191    1
1741    1398    1
1741    1409    1
1741    1511    1
1741    2083    1
1741    2092    1
1741    2134    1
1741    2242    1
1741    2379    1
1741    2815    1
1741    3200    1
1741    4704    1
1741    4923    1
1741    5149    1
1741    6397    1
1741    7643    1
1741    7743    1
1741    8589    1
1741    11695    1
1741    12621    1
1743    209    1
1743    466    1
1743    498    1
1743    693    1
1743    768    1
1743    779    1
1743    805    1
1743    808    1
1743    809    1
1743    816    1
1743    825    1
1743    1035    1
1743    1044    1
1743    1181    1
1743    1182    1
1743    1184    1
1743    1185    1
1743    1188    1
1743    1196    1
1743    1281    1
1743    1541    1
1743    1551    1
1743    1557    1
1743    1670    1
1743    1678    1
1743    1853    1
1743    1868    1
1743    2200    1
1743    2203    1
1743    2210    1
1743    2214    1
1743    2617    1
1743    2618    1
1743    2619    1
1743    2621    1
1743    2850    1
1743    2959    1
1743    4168    1
1743    4774    1
1743    4936    1
1743    4995    1
1743    5126    1
1743    5969    1
1743    6016    1
1743    14443    1
1743    14444    1
1743    16411    1
1748    230    1
1748    288    1
1748    291    1
1748    300    1
1748    371    1
1748    377    1
1748    466    1
1748    475    1
1748    487    1
1748    493    1
1748    497    1
1748    498    1
1748    499    1
1748    548    1
1748    681    1
1748    686    1
1748    689    1
1748    690    1
1748    917    1
1748    930    1
1748    974    1
1748    1183    1
1748    1339    1
1748    1613    1
1748    2014    1
1748    2062    1
1748    2951    1
1748    3124    1
1748    3422    1
1748    5459    1
1748    5683    1
1748    7191    1
1748    10865    1
1748    10978    1
1748    11581    1
1748    13214    1
1748    14121    1
1748    16422    1
1748    16423    1
1748    16424    1
1748    16425    1
1748    16426    1
1748    16427    1
1748    16428    1
1748    16429    1
1748    16430    1
1748    16431    1
1765    55    1
1765    56    1
1765    65    1
1765    88    1
1765    89    1
1765    157    1
1765    159    1
1765    199    1
1765    228    1
1765    288    1
1765    289    1
1765    295    1
1765    300    1
1765    331    1
1765    333    1
1765    377    1
1765    432    1
1765    441    1
1765    445    1
1765    458    1
1765    475    1
1765    548    1
1765    689    1
1765    703    1
1765    757    1
1765    857    1
1765    903    1
1765    906    1
1765    1032    1
1765    1090    1
1765    1155    1
1765    1375    1
1765    1398    1
1765    1409    1
1765    1613    1
1765    1934    1
1765    2137    1
1765    2582    1
1765    2829    1
1765    3030    1
1765    3201    1
1765    3730    1
1765    4181    1
1765    5071    1
1765    5547    1
1765    9285    1
1765    10615    1
1770    234    1
1770    306    1
1770    466    1
1770    605    1
1770    619    1
1770    661    1
1770    691    1
1770    777    1
1770    1099    1
1770    1142    1
1770    1396    1
1770    1398    1
1770    1636    1
1770    2179    1
1770    2919    1
1770    2921    1
1770    3355    1
1770    3812    1
1770    4029    1
1770    4181    1
1770    4562    1
1770    4564    1
1770    5071    1
1770    5115    1
1770    5679    1
1770    5874    1
1770    6387    1
1770    7324    1
1770    7759    1
1770    8782    1
1770    9677    1
1770    12839    1
1770    16569    1
1770    16570    1
1770    16571    1
1770    16572    1
1770    16573    1
1770    16575    1
1770    16576    1
1770    16577    1
1770    16578    1
1770    16579    1
1770    16580    1
1770    16581    1
1770    16582    1
1770    16583    1
1770    16584    1
1772    56    1
1772    154    1
1772    198    1
1772    202    1
1772    206    1
1772    220    1
1772    228    1
1772    230    1
1772    234    1
1772    250    1
1772    316    1
1772    412    1
1772    424    1
1772    453    1
1772    534    1
1772    614    1
1772    898    1
1772    965    1
1772    982    1
1772    1116    1
1772    1242    1
1772    1406    1
1772    1643    1
1772    1833    1
1772    1974    1
1772    1977    1
1772    2055    1
1772    2346    1
1772    2478    1
1772    2639    1
1772    2738    1
1772    2840    1
1772    3475    1
1772    3707    1
1772    4027    1
1772    4432    1
1772    5216    1
1772    9262    1
1772    9585    1
1772    11204    1
1772    13713    1
1772    14634    1
1772    16586    1
1772    16587    1
1772    16588    1
1772    16589    1
1772    16590    1
1775    51    1
1775    59    1
1775    72    1
1775    187    1
1775    193    1
1775    230    1
1775    268    1
1775    377    1
1775    405    1
1775    486    1
1775    504    1
1775    877    1
1775    997    1
1775    1001    1
1775    1014    1
1775    1064    1
1775    1249    1
1775    1379    1
1775    1406    1
1775    1672    1
1775    1803    1
1775    1914    1
1775    1931    1
1775    2343    1
1775    2358    1
1775    2359    1
1775    2785    1
1775    2937    1
1775    2940    1
1775    3906    1
1775    3907    1
1775    3909    1
1775    3910    1
1775    3911    1
1775    3912    1
1775    3916    1
1775    3919    1
1775    5729    1
1775    6235    1
1775    9869    1
1775    16599    1
1775    16600    1
1775    16601    1
1775    16602    1
1775    16603    1
1775    16604    1
1775    16605    1
1779    407    1
1779    506    1
1779    755    1
1779    977    1
1779    1134    1
1779    1143    1
1779    1206    1
1779    1344    1
1779    1362    1
1779    2573    1
1779    3417    1
1779    3456    1
1779    3780    1
1779    3792    1
1779    4182    1
1779    4611    1
1779    4693    1
1779    4970    1
1779    7331    1
1779    7895    1
1779    10672    1
1779    10820    1
1779    10831    1
1779    11475    1
1779    11483    1
1779    12094    1
1779    13478    1
1779    13491    1
1779    16437    1
1779    16627    1
1779    16628    1
1779    16629    1
1779    16630    1
1779    16631    1
1779    16632    1
1779    16633    1
1779    16634    1
1779    16636    1
1779    16637    1
1779    16638    1
1779    16639    1
1779    16640    1
1779    16641    1
1779    16642    1
1779    16643    1
1779    16644    1
1779    16645    1
1780    55    1
1780    67    1
1780    89    1
1780    257    1
1780    288    1
1780    289    1
1780    290    1
1780    291    1
1780    292    1
1780    295    1
1780    299    1
1780    300    1
1780    302    1
1780    317    1
1780    318    1
1780    323    1
1780    325    1
1780    333    1
1780    344    1
1780    349    1
1780    352    1
1780    461    1
1780    466    1
1780    485    1
1780    498    1
1780    499    1
1780    523    1
1780    524    1
1780    528    1
1780    543    1
1780    544    1
1780    679    1
1780    680    1
1780    681    1
1780    686    1
1780    693    1
1780    701    1
1780    908    1
1780    1037    1
1780    1450    1
1780    1684    1
1780    2094    1
1780    2102    1
1780    2392    1
1780    2521    1
1780    2801    1
1780    3397    1
1785    53    1
1785    57    1
1785    59    1
1785    64    1
1785    65    1
1785    69    1
1785    70    1
1785    84    1
1785    154    1
1785    159    1
1785    163    1
1785    173    1
1785    174    1
1785    199    1
1785    203    1
1785    206    1
1785    207    1
1785    210    1
1785    221    1
1785    225    1
1785    226    1
1785    228    1
1785    229    1
1785    234    1
1785    237    1
1785    424    1
1785    425    1
1785    603    1
1785    619    1
1785    706    1
1785    709    1
1785    715    1
1785    851    1
1785    969    1
1785    1089    1
1785    1376    1
1785    1518    1
1785    1738    1
1785    1824    1
1785    2137    1
1785    3334    1
1785    4720    1
1785    5358    1
1785    11598    1
1785    16666    1
1785    16667    1
1785    16668    1
1789    65    1
1789    84    1
1789    182    1
1789    205    1
1789    217    1
1789    221    1
1789    416    1
1789    433    1
1789    446    1
1789    604    1
1789    1400    1
1789    1633    1
1789    2139    1
1789    2533    1
1789    2538    1
1789    2601    1
1789    2938    1
1789    3258    1
1789    3468    1
1789    3706    1
1789    5414    1
1789    6205    1
1789    6210    1
1789    6217    1
1789    6728    1
1789    7667    1
1789    8493    1
1789    8591    1
1789    8830    1
1789    8867    1
1789    9477    1
1789    9823    1
1789    11229    1
1789    13419    1
1789    13516    1
1789    13610    1
1789    16678    1
1789    16680    1
1789    16681    1
1789    16682    1
1789    16683    1
1789    16684    1
1789    16685    1
1789    16686    1
1789    16687    1
1789    16688    1
1789    16689    1
1792    163    1
1792    176    1
1792    212    1
1792    227    1
1792    562    1
1792    565    1
1792    580    1
1792    583    1
1792    585    1
1792    599    1
1792    607    1
1792    707    1
1792    728    1
1792    735    1
1792    863    1
1792    868    1
1792    959    1
1792    1358    1
1792    1369    1
1792    1372    1
1792    1412    1
1792    1413    1
1792    1415    1
1792    1426    1
1792    1639    1
1792    1757    1
1792    1806    1
1792    2342    1
1792    2786    1
1792    2855    1
1792    2864    1
1792    3470    1
1792    3475    1
1792    3481    1
1792    3776    1
1792    4251    1
1792    4675    1
1792    4790    1
1792    5416    1
1792    5660    1
1792    5844    1
1792    7047    1
1792    7056    1
1792    8111    1
1792    8126    1
1792    8815    1
1792    13123    1
1793    54    1
1793    56    1
1793    81    1
1793    230    1
1793    238    1
1793    250    1
1793    298    1
1793    330    1
1793    439    1
1793    475    1
1793    547    1
1793    972    1
1793    1075    1
1793    1402    1
1793    1433    1
1793    1449    1
1793    1613    1
1793    2222    1
1793    2226    1
1793    2236    1
1793    2916    1
1793    2919    1
1793    2923    1
1793    2976    1
1793    3109    1
1793    3227    1
1793    3316    1
1793    3384    1
1793    4316    1
1793    4586    1
1793    5119    1
1793    5184    1
1793    5891    1
1793    6288    1
1793    6626    1
1793    7766    1
1793    8159    1
1793    14840    1
1793    15102    1
1793    15923    1
1793    16498    1
1793    16694    1
1793    16695    1
1793    16696    1
1793    16697    1
1793    16698    1
1793    16699    1
1798    53    1
1798    56    1
1798    59    1
1798    63    1
1798    65    1
1798    66    1
1798    72    1
1798    75    1
1798    84    1
1798    154    1
1798    157    1
1798    163    1
1798    173    1
1798    227    1
1798    228    1
1798    237    1
1798    238    1
1798    377    1
1798    418    1
1798    526    1
1798    562    1
1798    930    1
1798    936    1
1798    961    1
1798    1001    1
1798    1061    1
1798    1072    1
1798    1099    1
1798    1104    1
1798    1151    1
1798    1394    1
1798    1412    1
1798    1504    1
1798    1505    1
1798    1510    1
1798    1713    1
1798    1787    1
1798    2681    1
1798    3502    1
1798    4913    1
1798    5098    1
1798    5475    1
1798    9783    1
1798    12114    1
1798    16720    1
1798    16721    1
1798    16722    1
1799    55    1
1799    89    1
1799    157    1
1799    239    1
1799    251    1
1799    257    1
1799    262    1
1799    285    1
1799    288    1
1799    289    1
1799    290    1
1799    292    1
1799    294    1
1799    295    1
1799    299    1
1799    300    1
1799    306    1
1799    308    1
1799    314    1
1799    317    1
1799    327    1
1799    328    1
1799    349    1
1799    367    1
1799    468    1
1799    485    1
1799    531    1
1799    545    1
1799    1037    1
1799    1449    1
1799    2083    1
1799    2091    1
1799    2092    1
1799    3318    1
1799    3330    1
1799    5947    1
1799    6562    1
1799    16670    1
1799    16723    1
1799    16724    1
1800    72    1
1800    174    1
1800    190    1
1800    238    1
1800    298    1
1800    349    1
1800    532    1
1800    539    1
1800    968    1
1800    1020    1
1800    1029    1
1800    1075    1
1800    1326    1
1800    1401    1
1800    1405    1
1800    1713    1
1800    2130    1
1800    3868    1
1800    4024    1
1800    4025    1
1800    4036    1
1800    4038    1
1800    5072    1
1800    5149    1
1800    5534    1
1800    5978    1
1800    6547    1
1800    6785    1
1800    6878    1
1800    8784    1
1800    10703    1
1800    11194    1
1800    13187    1
1800    16725    1
1800    16726    1
1800    16727    1
1800    16728    1
1800    16730    1
1800    16731    1
1800    16732    1
1800    16733    1
1800    16734    1
1800    16735    1
1800    16736    1
1800    16737    1
1800    16738    1
1800    16739    1
1801    53    1
1801    603    1
1801    1824    1
1801    1835    1
1801    1945    1
1801    1965    1
1801    2161    1
1801    2667    1
1801    2668    1
1801    2671    1
1801    2673    1
1801    2674    1
1801    2688    1
1801    2691    1
1801    3695    1
1801    3707    1
1801    4029    1
1801    4113    1
1801    4230    1
1801    5043    1
1801    6185    1
1801    6404    1
1801    6582    1
1801    6762    1
1801    6763    1
1801    7466    1
1801    10523    1
1801    11206    1
1801    15247    1
1801    16367    1
1801    16740    1
1801    16741    1
1801    16742    1
1801    16743    1
1801    16744    1
1801    16745    1
1801    16746    1
1801    16748    1
1801    16749    1
1801    16750    1
1801    16751    1
1801    16752    1
1801    16753    1
1801    16754    1
1801    16755    1
1801    16756    1
1801    16757    1
1802    65    1
1802    217    1
1802    220    1
1802    229    1
1802    330    1
1802    366    1
1802    412    1
1802    498    1
1802    540    1
1802    615    1
1802    622    1
1802    683    1
1802    1046    1
1802    1116    1
1802    1246    1
1802    1375    1
1802    1377    1
1802    1378    1
1802    1643    1
1802    1866    1
1802    2425    1
1802    2439    1
1802    2627    1
1802    2639    1
1802    2840    1
1802    3258    1
1802    3341    1
1802    3373    1
1802    3460    1
1802    3616    1
1802    3754    1
1802    4114    1
1802    4118    1
1802    4262    1
1802    4385    1
1802    4762    1
1802    4837    1
1802    6298    1
1802    6452    1
1802    6600    1
1802    6602    1
1802    6769    1
1802    6773    1
1802    9423    1
1802    11550    1
1802    16758    1
1802    16759    1
1803    318    1
1803    326    1
1803    344    1
1803    352    1
1803    354    1
1803    360    1
1803    465    1
1803    677    1
1803    679    1
1803    681    1
1803    686    1
1803    790    1
1803    791    1
1803    794    1
1803    798    1
1803    1464    1
1803    2024    1
1803    2076    1
1803    2454    1
1803    2800    1
1803    3177    1
1803    3199    1
1803    3397    1
1803    3497    1
1803    4481    1
1803    5775    1
1803    6308    1
1803    6713    1
1803    8844    1
1803    14515    1
1803    15941    1
1803    16760    1
1803    16761    1
1803    16762    1
1803    16763    1
1803    16764    1
1803    16765    1
1803    16767    1
1803    16768    1
1803    16769    1
1803    16770    1
1803    16771    1
1803    16772    1
1803    16773    1
1803    16774    1
1803    16775    1
1803    16776    1
1808    55    1
1808    65    1
1808    67    1
1808    89    1
1808    157    1
1808    182    1
1808    191    1
1808    257    1
1808    288    1
1808    289    1
1808    290    1
1808    291    1
1808    292    1
1808    294    1
1808    295    1
1808    298    1
1808    299    1
1808    300    1
1808    302    1
1808    304    1
1808    306    1
1808    311    1
1808    314    1
1808    320    1
1808    322    1
1808    325    1
1808    327    1
1808    328    1
1808    330    1
1808    342    1
1808    349    1
1808    377    1
1808    456    1
1808    461    1
1808    468    1
1808    472    1
1808    479    1
1808    543    1
1808    545    1
1808    701    1
1808    908    1
1808    966    1
1808    1444    1
1808    1459    1
1808    1470    1
1808    2941    1
1808    5988    1
1809    229    1
1809    230    1
1809    377    1
1809    383    1
1809    405    1
1809    412    1
1809    481    1
1809    488    1
1809    489    1
1809    497    1
1809    498    1
1809    501    1
1809    510    1
1809    536    1
1809    708    1
1809    724    1
1809    857    1
1809    917    1
1809    924    1
1809    925    1
1809    930    1
1809    932    1
1809    939    1
1809    978    1
1809    1041    1
1809    1044    1
1809    1206    1
1809    1274    1
1809    1339    1
1809    1360    1
1809    1369    1
1809    1406    1
1809    1513    1
1809    1650    1
1809    1672    1
1809    1854    1
1809    1874    1
1809    2343    1
1809    2352    1
1809    2435    1
1809    3205    1
1809    3360    1
1809    4218    1
1809    5310    1
1809    6006    1
1809    10404    1
1809    16803    1
1811    67    1
1811    89    1
1811    161    1
1811    257    1
1811    262    1
1811    283    1
1811    288    1
1811    289    1
1811    293    1
1811    295    1
1811    298    1
1811    299    1
1811    300    1
1811    332    1
1811    333    1
1811    334    1
1811    349    1
1811    350    1
1811    378    1
1811    542    1
1811    543    1
1811    646    1
1811    701    1
1811    792    1
1811    802    1
1811    903    1
1811    913    1
1811    972    1
1811    1613    1
1811    2094    1
1811    2523    1
1811    2984    1
1811    3173    1
1811    4350    1
1811    4719    1
1811    5036    1
1811    5468    1
1811    6308    1
1811    8360    1
1811    13164    1
1811    16564    1
1811    16805    1
1811    16806    1
1811    16807    1
1811    16808    1
1811    16809    1
1811    16810    1
1816    72    1
1816    166    1
1816    220    1
1816    250    1
1816    261    1
1816    366    1
1816    422    1
1816    429    1
1816    430    1
1816    432    1
1816    452    1
1816    510    1
1816    683    1
1816    715    1
1816    903    1
1816    1009    1
1816    1099    1
1816    1116    1
1816    1394    1
1816    1463    1
1816    1553    1
1816    1755    1
1816    1768    1
1816    1795    1
1816    1818    1
1816    2133    1
1816    2616    1
1816    3467    1
1816    3670    1
1816    4208    1
1816    4361    1
1816    4750    1
1816    5441    1
1816    6137    1
1816    6466    1
1816    6472    1
1816    7338    1
1816    8224    1
1816    9829    1
1816    11182    1
1816    11484    1
1816    12021    1
1816    16840    1
1816    16841    1
1816    16842    1
1816    16843    1
1816    16844    1
1819    89    1
1819    157    1
1819    161    1
1819    230    1
1819    247    1
1819    251    1
1819    257    1
1819    292    1
1819    301    1
1819    321    1
1819    326    1
1819    327    1
1819    329    1
1819    455    1
1819    459    1
1819    468    1
1819    479    1
1819    481    1
1819    484    1
1819    1037    1
1819    1059    1
1819    1427    1
1819    1433    1
1819    1443    1
1819    2523    1
1819    3078    1
1819    3317    1
1819    3318    1
1819    3498    1
1819    4710    1
1819    5948    1
1819    6385    1
1819    6389    1
1819    8081    1
1819    8991    1
1819    9799    1
1819    10608    1
1819    11085    1
1819    12254    1
1819    13292    1
1819    13542    1
1819    13579    1
1819    16723    1
1819    16868    1
1819    16869    1
1819    16870    1
1819    16871    1
1820    55    1
1820    67    1
1820    89    1
1820    157    1
1820    161    1
1820    227    1
1820    234    1
1820    257    1
1820    288    1
1820    289    1
1820    291    1
1820    292    1
1820    295    1
1820    299    1
1820    300    1
1820    302    1
1820    306    1
1820    316    1
1820    324    1
1820    327    1
1820    328    1
1820    329    1
1820    333    1
1820    342    1
1820    344    1
1820    352    1
1820    458    1
1820    461    1
1820    466    1
1820    475    1
1820    526    1
1820    528    1
1820    531    1
1820    544    1
1820    545    1
1820    674    1
1820    679    1
1820    701    1
1820    706    1
1820    903    1
1820    1042    1
1820    1244    1
1820    1249    1
1820    1456    1
1820    2346    1
1820    3397    1
1820    3713    1
1821    55    1
1821    67    1
1821    89    1
1821    161    1
1821    257    1
1821    288    1
1821    289    1
1821    291    1
1821    292    1
1821    295    1
1821    298    1
1821    299    1
1821    300    1
1821    306    1
1821    318    1
1821    323    1
1821    324    1
1821    325    1
1821    328    1
1821    333    1
1821    344    1
1821    352    1
1821    360    1
1821    458    1
1821    461    1
1821    464    1
1821    466    1
1821    475    1
1821    498    1
1821    531    1
1821    532    1
1821    535    1
1821    544    1
1821    679    1
1821    686    1
1821    701    1
1821    704    1
1821    972    1
1821    1032    1
1821    1090    1
1821    1243    1
1821    1441    1
1821    2020    1
1821    2025    1
1821    2091    1
1821    2498    1
1821    8589    1
1825    89    1
1825    198    1
1825    288    1
1825    344    1
1825    356    1
1825    378    1
1825    412    1
1825    466    1
1825    475    1
1825    488    1
1825    497    1
1825    498    1
1825    500    1
1825    531    1
1825    687    1
1825    706    1
1825    718    1
1825    808    1
1825    816    1
1825    834    1
1825    857    1
1825    978    1
1825    1037    1
1825    1044    1
1825    1180    1
1825    1185    1
1825    1186    1
1825    1188    1
1825    1206    1
1825    1513    1
1825    1645    1
1825    1650    1
1825    1672    1
1825    1914    1
1825    2381    1
1825    2436    1
1825    2439    1
1825    3317    1
1825    3328    1
1825    3333    1
1825    3444    1
1825    3589    1
1825    3946    1
1825    4821    1
1825    7634    1
1825    11042    1
1825    16895    1
1832    53    1
1832    65    1
1832    70    1
1832    154    1
1832    163    1
1832    173    1
1832    182    1
1832    190    1
1832    196    1
1832    203    1
1832    206    1
1832    207    1
1832    217    1
1832    222    1
1832    227    1
1832    228    1
1832    229    1
1832    234    1
1832    366    1
1832    423    1
1832    424    1
1832    425    1
1832    429    1
1832    437    1
1832    439    1
1832    602    1
1832    615    1
1832    618    1
1832    622    1
1832    709    1
1832    757    1
1832    858    1
1832    898    1
1832    903    1
1832    1048    1
1832    1090    1
1832    1097    1
1832    1244    1
1832    1390    1
1832    1400    1
1832    1424    1
1832    1486    1
1832    2083    1
1832    2524    1
1832    3057    1
1832    3902    1
1832    8710    1
1835    56    1
1835    67    1
1835    72    1
1835    75    1
1835    88    1
1835    89    1
1835    90    1
1835    153    1
1835    161    1
1835    190    1
1835    206    1
1835    229    1
1835    233    1
1835    292    1
1835    441    1
1835    450    1
1835    539    1
1835    703    1
1835    868    1
1835    880    1
1835    1013    1
1835    1061    1
1835    1072    1
1835    1075    1
1835    1151    1
1835    1379    1
1835    1700    1
1835    1707    1
1835    1713    1
1835    1786    1
1835    1787    1
1835    1833    1
1835    1897    1
1835    2071    1
1835    2821    1
1835    3046    1
1835    3047    1
1835    3191    1
1835    3693    1
1835    3988    1
1835    4997    1
1835    5545    1
1835    7369    1
1835    16934    1
1835    16935    1
1835    16936    1
1835    16937    1
1836    53    1
1836    88    1
1836    154    1
1836    198    1
1836    207    1
1836    217    1
1836    318    1
1836    355    1
1836    419    1
1836    424    1
1836    446    1
1836    453    1
1836    576    1
1836    683    1
1836    687    1
1836    718    1
1836    986    1
1836    1038    1
1836    1040    1
1836    1183    1
1836    1198    1
1836    1201    1
1836    1389    1
1836    1390    1
1836    1886    1
1836    1974    1
1836    1979    1
1836    2612    1
1836    2665    1
1836    3206    1
1836    3749    1
1836    4089    1
1836    6374    1
1836    6601    1
1836    6609    1
1836    6614    1
1836    7194    1
1836    7736    1
1836    7739    1
1836    7742    1
1836    7827    1
1836    8504    1
1836    10924    1
1836    11849    1
1836    16938    1
1836    16939    1
1836    16940    1
1838    55    1
1838    57    1
1838    58    1
1838    65    1
1838    67    1
1838    81    1
1838    88    1
1838    89    1
1838    154    1
1838    167    1
1838    172    1
1838    195    1
1838    217    1
1838    229    1
1838    285    1
1838    288    1
1838    292    1
1838    298    1
1838    310    1
1838    316    1
1838    511    1
1838    614    1
1838    622    1
1838    697    1
1838    888    1
1838    889    1
1838    891    1
1838    900    1
1838    903    1
1838    1098    1
1838    1375    1
1838    1424    1
1838    1519    1
1838    1824    1
1838    2083    1
1838    2277    1
1838    2523    1
1838    3110    1
1838    3201    1
1838    3460    1
1838    3466    1
1838    4432    1
1838    4442    1
1838    4531    1
1838    4705    1
1838    4731    1
1838    9470    1
1839    227    1
1839    245    1
1839    562    1
1839    724    1
1839    728    1
1839    732    1
1839    881    1
1839    917    1
1839    922    1
1839    942    1
1839    957    1
1839    1104    1
1839    1338    1
1839    1358    1
1839    1369    1
1839    1372    1
1839    1412    1
1839    1426    1
1839    1810    1
1839    2004    1
1839    2342    1
1839    2343    1
1839    2347    1
1839    2362    1
1839    2380    1
1839    2463    1
1839    2787    1
1839    2838    1
1839    2873    1
1839    3470    1
1839    3774    1
1839    4124    1
1839    4251    1
1839    5672    1
1839    5688    1
1839    6748    1
1839    6959    1
1839    8386    1
1839    9334    1
1839    12081    1
1839    13074    1
1839    15817    1
1839    16947    1
1839    16948    1
1839    16949    1
1839    16950    1
1839    16951    1
1844    65    1
1844    67    1
1844    89    1
1844    154    1
1844    173    1
1844    196    1
1844    203    1
1844    221    1
1844    225    1
1844    229    1
1844    261    1
1844    288    1
1844    289    1
1844    298    1
1844    300    1
1844    316    1
1844    418    1
1844    424    1
1844    429    1
1844    430    1
1844    444    1
1844    450    1
1844    511    1
1844    546    1
1844    679    1
1844    689    1
1844    701    1
1844    715    1
1844    858    1
1844    961    1
1844    1089    1
1844    1090    1
1844    1098    1
1844    1239    1
1844    1375    1
1844    1424    1
1844    1811    1
1844    3057    1
1844    3200    1
1844    3201    1
1844    3281    1
1844    3763    1
1844    4716    1
1844    6374    1
1844    6539    1
1844    7663    1
1844    17007    1
1845    51    1
1845    56    1
1845    77    1
1845    85    1
1845    89    1
1845    96    1
1845    152    1
1845    157    1
1845    180    1
1845    227    1
1845    228    1
1845    294    1
1845    329    1
1845    479    1
1845    599    1
1845    601    1
1845    689    1
1845    706    1
1845    707    1
1845    724    1
1845    874    1
1845    959    1
1845    1001    1
1845    1013    1
1845    1019    1
1845    1076    1
1845    1099    1
1845    1358    1
1845    1366    1
1845    1412    1
1845    1464    1
1845    1518    1
1845    2342    1
1845    2498    1
1845    2580    1
1845    2609    1
1845    2787    1
1845    3470    1
1845    3920    1
1845    4031    1
1845    5020    1
1845    9347    1
1845    10820    1
1845    11590    1
1845    11849    1
1845    17008    1
1845    17009    1
1846    89    1
1846    157    1
1846    209    1
1846    212    1
1846    227    1
1846    234    1
1846    288    1
1846    289    1
1846    298    1
1846    300    1
1846    321    1
1846    324    1
1846    326    1
1846    386    1
1846    437    1
1846    455    1
1846    461    1
1846    466    1
1846    475    1
1846    540    1
1846    679    1
1846    681    1
1846    691    1
1846    694    1
1846    717    1
1846    733    1
1846    735    1
1846    793    1
1846    868    1
1846    959    1
1846    1242    1
1846    1243    1
1846    1246    1
1846    1414    1
1846    1416    1
1846    1459    1
1846    1782    1
1846    2176    1
1846    2265    1
1846    2801    1
1846    3071    1
1846    3097    1
1846    3712    1
1846    4920    1
1846    8552    1
1846    12209    1
1846    17010    1
1848    154    1
1848    200    1
1848    207    1
1848    212    1
1848    219    1
1848    227    1
1848    433    1
1848    859    1
1848    1748    1
1848    2290    1
1848    2475    1
1848    5210    1
1848    5478    1
1848    8642    1
1848    9545    1
1848    9727    1
1848    9971    1
1848    10407    1
1848    11900    1
1848    12583    1
1848    13387    1
1848    14347    1
1848    14350    1
1848    14353    1
1848    14355    1
1848    14356    1
1848    15655    1
1848    17053    1
1848    17054    1
1848    17056    1
1848    17057    1
1848    17058    1
1848    17059    1
1848    17060    1
1848    17061    1
1848    17062    1
1848    17063    1
1848    17065    1
1848    17066    1
1848    17067    1
1848    17068    1
1848    17069    1
1848    17070    1
1848    17071    1
1848    17072    1
1848    17073    1
1848    17074    1
1851    89    1
1851    288    1
1851    289    1
1851    291    1
1851    292    1
1851    293    1
1851    299    1
1851    300    1
1851    302    1
1851    318    1
1851    325    1
1851    333    1
1851    344    1
1851    456    1
1851    461    1
1851    466    1
1851    475    1
1851    528    1
1851    543    1
1851    646    1
1851    679    1
1851    680    1
1851    681    1
1851    686    1
1851    793    1
1851    797    1
1851    802    1
1851    908    1
1851    1428    1
1851    1450    1
1851    1458    1
1851    1684    1
1851    1690    1
1851    1934    1
1851    2801    1
1851    3427    1
1851    4814    1
1851    4879    1
1851    16923    1
1851    17080    1
1853    51    1
1853    89    1
1853    196    1
1853    217    1
1853    226    1
1853    383    1
1853    407    1
1853    429    1
1853    440    1
1853    450    1
1853    743    1
1853    746    1
1853    757    1
1853    1142    1
1853    1162    1
1853    1191    1
1853    1195    1
1853    1216    1
1853    1222    1
1853    1390    1
1853    1398    1
1853    1400    1
1853    1486    1
1853    1947    1
1853    1954    1
1853    1958    1
1853    2402    1
1853    2582    1
1853    3280    1
1853    3685    1
1853    3809    1
1853    4118    1
1853    5475    1
1853    5746    1
1853    6032    1
1853    6409    1
1853    7730    1
1853    9649    1
1853    10831    1
1853    11004    1
1853    11320    1
1853    11352    1
1853    13179    1
1853    17091    1
1853    17092    1
1853    17093    1
1853    17094    1
1857    154    1
1857    199    1
1857    217    1
1857    230    1
1857    233    1
1857    383    1
1857    507    1
1857    808    1
1857    982    1
1857    1239    1
1857    1378    1
1857    1858    1
1857    2294    1
1857    2572    1
1857    2643    1
1857    3341    1
1857    3364    1
1857    3616    1
1857    3666    1
1857    3714    1
1857    3718    1
1857    3737    1
1857    4185    1
1857    4189    1
1857    4191    1
1857    4193    1
1857    4196    1
1857    4198    1
1857    4201    1
1857    4821    1
1857    5631    1
1857    5966    1
1857    6294    1
1857    6773    1
1857    6836    1
1857    8280    1
1857    8464    1
1857    10564    1
1857    10955    1
1857    11413    1
1857    11988    1
1857    12205    1
1857    17148    1
1857    17149    1
1857    17150    1
1857    17151    1
1857    17152    1
1865    7    1
1865    36    1
1865    173    1
1865    233    1
1865    234    1
1865    453    1
1865    487    1
1865    489    1
1865    497    1
1865    512    1
1865    517    1
1865    605    1
1865    1066    1
1865    1270    1
1865    1545    1
1865    1704    1
1865    1714    1
1865    1974    1
1865    2062    1
1865    3239    1
1865    3551    1
1865    3558    1
1865    3719    1
1865    3743    1
1865    3746    1
1865    4800    1
1865    5670    1
1865    6120    1
1865    6542    1
1865    6870    1
1865    6872    1
1865    7463    1
1865    9242    1
1865    9872    1
1865    10977    1
1865    10998    1
1865    11087    1
1865    15570    1
1865    17225    1
1865    17226    1
1865    17227    1
1865    17228    1
1865    17229    1
1865    17230    1
1865    17231    1
1865    17232    1
1865    17233    1
1868    157    1
1868    163    1
1868    383    1
1868    533    1
1868    614    1
1868    706    1
1868    728    1
1868    917    1
1868    922    1
1868    959    1
1868    966    1
1868    975    1
1868    1104    1
1868    1347    1
1868    1358    1
1868    1369    1
1868    1372    1
1868    1425    1
1868    1426    1
1868    1639    1
1868    2342    1
1868    2347    1
1868    2763    1
1868    2855    1
1868    3470    1
1868    5164    1
1868    5485    1
1868    5688    1
1868    6259    1
1868    17270    1
1868    17271    1
1868    17272    1
1868    17273    1
1883    159    1
1883    333    1
1883    599    1
1883    609    1
1883    618    1
1883    735    1
1883    757    1
1883    858    1
1883    874    1
1883    959    1
1883    985    1
1883    986    1
1883    1062    1
1883    1504    1
1883    1639    1
1883    1888    1
1883    2289    1
1883    2542    1
1883    2616    1
1883    3053    1
1883    3280    1
1883    3281    1
1883    3286    1
1883    3831    1
1883    3884    1
1883    5413    1
1883    6155    1
1883    6159    1
1883    6217    1
1883    7878    1
1883    8672    1
1883    8676    1
1883    8703    1
1883    10110    1
1883    10969    1
1883    11289    1
1883    11903    1
1883    12717    1
1883    13167    1
1883    13888    1
1883    14941    1
1883    15128    1
1883    17372    1
1883    17373    1
1883    17374    1
1883    17375    1
1883    17376    1
1887    154    1
1887    163    1
1887    188    1
1887    198    1
1887    199    1
1887    396    1
1887    614    1
1887    707    1
1887    920    1
1887    944    1
1887    947    1
1887    959    1
1887    964    1
1887    1116    1
1887    1119    1
1887    1343    1
1887    1468    1
1887    1726    1
1887    2003    1
1887    2005    1
1887    2006    1
1887    2370    1
1887    2558    1
1887    3472    1
1887    3779    1
1887    3940    1
1887    4613    1
1887    4671    1
1887    4681    1
1887    7802    1
1887    7902    1
1887    8695    1
1887    11455    1
1887    13935    1
1887    14391    1
1887    17398    1
1887    17399    1
1887    17401    1
1887    17402    1
1887    17403    1
1887    17404    1
1887    17405    1
1887    17406    1
1887    17407    1
1887    17408    1
1887    17409    1
1887    17410    1
1892    65    1
1892    86    1
1892    182    1
1892    227    1
1892    229    1
1892    230    1
1892    291    1
1892    294    1
1892    333    1
1892    348    1
1892    403    1
1892    447    1
1892    481    1
1892    540    1
1892    585    1
1892    728    1
1892    928    1
1892    1048    1
1892    1091    1
1892    1242    1
1892    1244    1
1892    1378    1
1892    1469    1
1892    1689    1
1892    1772    1
1892    2265    1
1892    2524    1
1892    2600    1
1892    2614    1
1892    3373    1
1892    3460    1
1892    3489    1
1892    3983    1
1892    4155    1
1892    4616    1
1892    5000    1
1892    7180    1
1892    8830    1
1892    9749    1
1892    10182    1
1892    12145    1
1892    12773    1
1892    14501    1
1892    16840    1
1892    16892    1
1892    17463    1
1892    17464    1
1899    7    1
1899    72    1
1899    81    1
1899    89    1
1899    154    1
1899    173    1
1899    190    1
1899    206    1
1899    209    1
1899    226    1
1899    233    1
1899    288    1
1899    289    1
1899    292    1
1899    295    1
1899    298    1
1899    301    1
1899    302    1
1899    306    1
1899    316    1
1899    378    1
1899    425    1
1899    432    1
1899    436    1
1899    490    1
1899    496    1
1899    499    1
1899    517    1
1899    526    1
1899    538    1
1899    542    1
1899    689    1
1899    697    1
1899    701    1
1899    703    1
1899    757    1
1899    843    1
1899    961    1
1899    1098    1
1899    1145    1
1899    1375    1
1899    2083    1
1899    2277    1
1899    2446    1
1899    2521    1
1899    3110    1
1899    4716    1
1900    51    1
1900    58    1
1900    59    1
1900    67    1
1900    72    1
1900    85    1
1900    159    1
1900    203    1
1900    227    1
1900    429    1
1900    441    1
1900    599    1
1900    620    1
1900    852    1
1900    861    1
1900    874    1
1900    875    1
1900    985    1
1900    986    1
1900    993    1
1900    997    1
1900    1004    1
1900    1013    1
1900    1017    1
1900    1083    1
1900    1089    1
1900    1804    1
1900    1811    1
1900    2938    1
1900    3279    1
1900    3280    1
1900    3287    1
1900    3296    1
1900    3436    1
1900    3941    1
1900    4129    1
1900    4495    1
1900    6780    1
1900    8555    1
1900    8656    1
1900    9338    1
1900    9469    1
1900    10105    1
1900    13575    1
1900    15361    1
1900    15637    1
1900    17478    1
1903    55    1
1903    58    1
1903    67    1
1903    89    1
1903    97    1
1903    157    1
1903    251    1
1903    285    1
1903    288    1
1903    289    1
1903    292    1
1903    295    1
1903    299    1
1903    310    1
1903    323    1
1903    352    1
1903    466    1
1903    530    1
1903    532    1
1903    535    1
1903    538    1
1903    548    1
1903    690    1
1903    701    1
1903    789    1
1903    901    1
1903    903    1
1903    906    1
1903    970    1
1903    1097    1
1903    1098    1
1903    1127    1
1903    1243    1
1903    1244    1
1903    1464    1
1903    1511    1
1903    1556    1
1903    1934    1
1903    2024    1
1903    2094    1
1903    2521    1
1903    3201    1
1903    3288    1
1903    3502    1
1903    4260    1
1903    14369    1
1903    17489    1
1906    65    1
1906    67    1
1906    89    1
1906    159    1
1906    183    1
1906    187    1
1906    190    1
1906    209    1
1906    220    1
1906    221    1
1906    230    1
1906    234    1
1906    283    1
1906    300    1
1906    316    1
1906    333    1
1906    377    1
1906    422    1
1906    436    1
1906    439    1
1906    486    1
1906    498    1
1906    536    1
1906    538    1
1906    540    1
1906    542    1
1906    714    1
1906    903    1
1906    959    1
1906    1045    1
1906    1185    1
1906    1246    1
1906    1672    1
1906    1681    1
1906    2080    1
1906    2524    1
1906    2983    1
1906    3367    1
1906    3741    1
1906    3747    1
1906    5966    1
1906    6453    1
1906    7636    1
1906    7835    1
1906    8707    1
1906    13264    1
1906    15485    1
1908    55    1
1908    65    1
1908    67    1
1908    89    1
1908    99    1
1908    155    1
1908    157    1
1908    184    1
1908    187    1
1908    204    1
1908    220    1
1908    227    1
1908    253    1
1908    288    1
1908    289    1
1908    292    1
1908    295    1
1908    301    1
1908    302    1
1908    306    1
1908    310    1
1908    316    1
1908    328    1
1908    329    1
1908    349    1
1908    366    1
1908    511    1
1908    679    1
1908    683    1
1908    714    1
1908    798    1
1908    900    1
1908    903    1
1908    913    1
1908    959    1
1908    1243    1
1908    1249    1
1908    2022    1
1908    2024    1
1908    2346    1
1908    2523    1
1908    2783    1
1908    3097    1
1908    3171    1
1908    3748    1
1908    4705    1
1908    6504    1
1911    65    1
1911    154    1
1911    207    1
1911    226    1
1911    227    1
1911    229    1
1911    298    1
1911    420    1
1911    424    1
1911    428    1
1911    439    1
1911    443    1
1911    526    1
1911    615    1
1911    618    1
1911    703    1
1911    863    1
1911    1048    1
1911    1090    1
1911    1400    1
1911    1510    1
1911    1515    1
1911    1520    1
1911    1649    1
1911    1669    1
1911    1766    1
1911    2134    1
1911    2660    1
1911    3057    1
1911    3205    1
1911    3742    1
1911    3747    1
1911    4452    1
1911    4793    1
1911    5544    1
1911    5549    1
1911    7334    1
1911    8710    1
1911    8713    1
1911    11460    1
1911    16668    1
1911    17534    1
1911    17535    1
1911    17536    1
1911    17537    1
1911    17538    1
1911    17539    1
1912    198    1
1912    278    1
1912    475    1
1912    1614    1
1912    1641    1
1912    2179    1
1912    2233    1
1912    2236    1
1912    2247    1
1912    2250    1
1912    2252    1
1912    5607    1
1912    5674    1
1912    5676    1
1912    5677    1
1912    6618    1
1912    6619    1
1912    7759    1
1912    7874    1
1912    9677    1
1912    9679    1
1912    9681    1
1912    9694    1
1912    10873    1
1912    10876    1
1912    10878    1
1912    10879    1
1912    10883    1
1912    10885    1
1912    17541    1
1912    17542    1
1912    17543    1
1912    17544    1
1912    17545    1
1912    17546    1
1912    17547    1
1912    17548    1
1912    17550    1
1912    17551    1
1912    17552    1
1912    17553    1
1912    17554    1
1912    17555    1
1912    17556    1
1912    17557    1
1912    17558    1
1912    17559    1
1914    163    1
1914    197    1
1914    227    1
1914    230    1
1914    235    1
1914    250    1
1914    511    1
1914    562    1
1914    630    1
1914    715    1
1914    728    1
1914    734    1
1914    975    1
1914    1425    1
1914    1639    1
1914    2629    1
1914    2633    1
1914    2641    1
1914    2842    1
1914    2864    1
1914    2871    1
1914    2873    1
1914    2894    1
1914    2902    1
1914    4073    1
1914    4196    1
1914    4369    1
1914    6824    1
1914    7266    1
1914    8673    1
1914    8837    1
1914    9709    1
1914    9824    1
1914    9825    1
1914    10847    1
1914    11124    1
1914    11667    1
1914    15027    1
1914    17562    1
1914    17563    1
1914    17564    1
1914    17565    1
1914    17566    1
1914    17567    1
1914    17568    1
1914    17569    1
1914    17570    1
1918    65    1
1918    70    1
1918    154    1
1918    203    1
1918    209    1
1918    225    1
1918    226    1
1918    228    1
1918    230    1
1918    234    1
1918    235    1
1918    288    1
1918    333    1
1918    475    1
1918    536    1
1918    554    1
1918    715    1
1918    718    1
1918    982    1
1918    1158    1
1918    1186    1
1918    1380    1
1918    1382    1
1918    2265    1
1918    2630    1
1918    2857    1
1918    3254    1
1918    3398    1
1918    4069    1
1918    4394    1
1918    7185    1
1918    7265    1
1918    7406    1
1918    10412    1
1918    11179    1
1918    12143    1
1918    12297    1
1918    14632    1
1918    15481    1
1918    15812    1
1918    15889    1
1918    17613    1
1918    17614    1
1918    17615    1
1918    17616    1
1918    17617    1
1918    17618    1
1925    209    1
1925    333    1
1925    460    1
1925    486    1
1925    492    1
1925    498    1
1925    691    1
1925    758    1
1925    759    1
1925    768    1
1925    779    1
1925    814    1
1925    816    1
1925    1098    1
1925    1185    1
1925    1188    1
1925    1190    1
1925    1541    1
1925    1678    1
1925    1863    1
1925    1866    1
1925    1868    1
1925    2204    1
1925    2210    1
1925    2383    1
1925    2850    1
1925    2940    1
1925    4173    1
1925    4229    1
1925    4239    1
1925    4774    1
1925    4891    1
1925    5129    1
1925    5963    1
1925    6414    1
1925    6445    1
1925    6850    1
1925    8274    1
1925    8730    1
1925    9934    1
1925    11393    1
1925    12386    1
1925    16017    1
1925    17633    1
1925    17634    1
1925    17635    1
1925    17636    1
1926    53    1
1926    54    1
1926    58    1
1926    64    1
1926    166    1
1926    172    1
1926    238    1
1926    526    1
1926    532    1
1926    858    1
1926    862    1
1926    886    1
1926    887    1
1926    1075    1
1926    1081    1
1926    1085    1
1926    1213    1
1926    1405    1
1926    1824    1
1926    1983    1
1926    2616    1
1926    2830    1
1926    3109    1
1926    3206    1
1926    3259    1
1926    3300    1
1926    3902    1
1926    4308    1
1926    4382    1
1926    5027    1
1926    5549    1
1926    5893    1
1926    9470    1
1926    10110    1
1926    10214    1
1926    10685    1
1926    10738    1
1926    12319    1
1926    13008    1
1926    13393    1
1926    16361    1
1926    17637    1
1926    17638    1
1926    17639    1
1926    17640    1
1926    17641    1
1926    17642    1
1931    52    1
1931    65    1
1931    107    1
1931    167    1
1931    182    1
1931    206    1
1931    208    1
1931    227    1
1931    301    1
1931    355    1
1931    474    1
1931    526    1
1931    547    1
1931    691    1
1931    733    1
1931    748    1
1931    757    1
1931    857    1
1931    868    1
1931    1042    1
1931    1106    1
1931    1122    1
1931    1181    1
1931    1242    1
1931    2020    1
1931    2667    1
1931    2675    1
1931    2818    1
1931    3030    1
1931    3373    1
1931    4299    1
1931    4728    1
1931    5027    1
1931    5925    1
1931    5950    1
1931    5953    1
1931    7224    1
1931    9160    1
1931    12013    1
1931    13362    1
1931    15143    1
1931    16525    1
1931    17685    1
1931    17686    1
1931    17687    1
1931    17688    1
1931    17689    1
1938    199    1
1938    210    1
1938    217    1
1938    229    1
1938    419    1
1938    424    1
1938    433    1
1938    434    1
1938    615    1
1938    629    1
1938    683    1
1938    730    1
1938    959    1
1938    1090    1
1938    1632    1
1938    1672    1
1938    1782    1
1938    2121    1
1938    2407    1
1938    2422    1
1938    2424    1
1938    2463    1
1938    2622    1
1938    2625    1
1938    3258    1
1938    3341    1
1938    3712    1
1938    4079    1
1938    4199    1
1938    4369    1
1938    4444    1
1938    5452    1
1938    5546    1
1938    6836    1
1938    8016    1
1938    8210    1
1938    11442    1
1938    17743    1
1938    17744    1
1938    17745    1
1938    17746    1
1938    17747    1
1938    17748    1
1938    17749    1
1938    17750    1
1938    17751    1
1938    17752    1
1941    300    1
1941    324    1
1941    424    1
1941    464    1
1941    470    1
1941    481    1
1941    497    1
1941    687    1
1941    716    1
1941    830    1
1941    1043    1
1941    1045    1
1941    1048    1
1941    1186    1
1941    1191    1
1941    1198    1
1941    1201    1
1941    1502    1
1941    1515    1
1941    1672    1
1941    1689    1
1941    2121    1
1941    3370    1
1941    3373    1
1941    4802    1
1941    5322    1
1941    5950    1
1941    6453    1
1941    6534    1
1941    6558    1
1941    6769    1
1941    7787    1
1941    7832    1
1941    8244    1
1941    10318    1
1941    11460    1
1941    12104    1
1941    13468    1
1941    14223    1
1941    16049    1
1941    16567    1
1941    17786    1
1941    17787    1
1941    17788    1
1941    17789    1
1941    17790    1
1941    17791    1
1942    56    1
1942    58    1
1942    59    1
1942    67    1
1942    72    1
1942    76    1
1942    89    1
1942    167    1
1942    533    1
1942    601    1
1942    1001    1
1942    1014    1
1942    1019    1
1942    1072    1
1942    1122    1
1942    1243    1
1942    1713    1
1942    1804    1
1942    1827    1
1942    1832    1
1942    1836    1
1942    1878    1
1942    1890    1
1942    2487    1
1942    2535    1
1942    3281    1
1942    4308    1
1942    5152    1
1942    6742    1
1942    10625    1
1942    10685    1
1942    13558    1
1942    17792    1
1942    17793    1
1942    17794    1
1942    17795    1
1942    17796    1
1942    17798    1
1942    17799    1
1942    17800    1
1942    17801    1
1942    17802    1
1942    17803    1
1942    17804    1
1942    17805    1
1942    17806    1
1942    17807    1
1947    45    1
1947    64    1
1947    70    1
1947    72    1
1947    88    1
1947    152    1
1947    190    1
1947    210    1
1947    225    1
1947    226    1
1947    228    1
1947    233    1
1947    234    1
1947    298    1
1947    488    1
1947    498    1
1947    526    1
1947    532    1
1947    614    1
1947    703    1
1947    707    1
1947    716    1
1947    748    1
1947    808    1
1947    810    1
1947    859    1
1947    967    1
1947    969    1
1947    1075    1
1947    1099    1
1947    1104    1
1947    1106    1
1947    1116    1
1947    1118    1
1947    1131    1
1947    1239    1
1947    1376    1
1947    1400    1
1947    1701    1
1947    2014    1
1947    2542    1
1947    3109    1
1947    4177    1
1947    4316    1
1947    4821    1
1947    6414    1
1947    16390    1
1952    7    1
1952    154    1
1952    187    1
1952    199    1
1952    207    1
1952    221    1
1952    225    1
1952    227    1
1952    228    1
1952    417    1
1952    424    1
1952    439    1
1952    450    1
1952    714    1
1952    715    1
1952    719    1
1952    903    1
1952    982    1
1952    1011    1
1952    1090    1
1952    1109    1
1952    1249    1
1952    1376    1
1952    1755    1
1952    1761    1
1952    1766    1
1952    1775    1
1952    2460    1
1952    2786    1
1952    3386    1
1952    3391    1
1952    3475    1
1952    3741    1
1952    4709    1
1952    4818    1
1952    5180    1
1952    5414    1
1952    6217    1
1952    6724    1
1952    6726    1
1952    9132    1
1952    11484    1
1952    13417    1
1952    14317    1
1952    17854    1
1952    17855    1
1952    17856    1
1955    65    1
1955    154    1
1955    170    1
1955    199    1
1955    210    1
1955    217    1
1955    225    1
1955    227    1
1955    229    1
1955    416    1
1955    425    1
1955    434    1
1955    445    1
1955    606    1
1955    622    1
1955    626    1
1955    630    1
1955    898    1
1955    1091    1
1955    1518    1
1955    1614    1
1955    1633    1
1955    1717    1
1955    1954    1
1955    2425    1
1955    3078    1
1955    3250    1
1955    3775    1
1955    4779    1
1955    6343    1
1955    7015    1
1955    7826    1
1955    9478    1
1955    10042    1
1955    14065    1
1955    17865    1
1955    17866    1
1955    17868    1
1955    17869    1
1955    17870    1
1955    17871    1
1955    17872    1
1955    17873    1
1955    17874    1
1955    17875    1
1955    17876    1
1955    17877    1
1963    67    1
1963    89    1
1963    97    1
1963    257    1
1963    265    1
1963    288    1
1963    289    1
1963    290    1
1963    291    1
1963    292    1
1963    294    1
1963    295    1
1963    296    1
1963    300    1
1963    302    1
1963    323    1
1963    344    1
1963    349    1
1963    352    1
1963    386    1
1963    389    1
1963    412    1
1963    461    1
1963    466    1
1963    525    1
1963    528    1
1963    532    1
1963    679    1
1963    680    1
1963    686    1
1963    793    1
1963    892    1
1963    907    1
1963    959    1
1963    1121    1
1963    1459    1
1963    1464    1
1963    1705    1
1963    2446    1
1963    2626    1
1963    3763    1
1963    4917    1
1963    4918    1
1963    4923    1
1963    7777    1
1963    8422    1
1963    17911    1
1971    426    1
1971    804    1
1971    918    1
1971    1528    1
1971    1992    1
1971    3028    1
1971    3043    1
1971    3442    1
1971    3729    1
1971    4107    1
1971    4204    1
1971    4504    1
1971    4781    1
1971    5227    1
1971    5632    1
1971    5638    1
1971    5879    1
1971    8927    1
1971    8932    1
1971    8951    1
1971    9452    1
1971    9796    1
1971    9801    1
1971    10449    1
1971    10759    1
1971    11607    1
1971    11859    1
1971    13692    1
1971    16272    1
1971    17935    1
1971    17936    1
1971    17937    1
1971    17938    1
1971    17939    1
1971    17940    1
1971    17941    1
1971    17942    1
1971    17944    1
1971    17945    1
1971    17946    1
1971    17947    1
1971    17948    1
1971    17949    1
1971    17950    1
1971    17951    1
1971    17952    1
1971    17953    1
1974    56    1
1974    67    1
1974    88    1
1974    157    1
1974    163    1
1974    173    1
1974    198    1
1974    227    1
1974    230    1
1974    233    1
1974    234    1
1974    375    1
1974    396    1
1974    424    1
1974    537    1
1974    707    1
1974    917    1
1974    986    1
1974    1044    1
1974    1121    1
1974    1130    1
1974    1154    1
1974    1206    1
1974    1246    1
1974    1249    1
1974    1349    1
1974    1406    1
1974    1491    1
1974    1501    1
1974    2044    1
1974    2086    1
1974    2101    1
1974    2458    1
1974    2459    1
1974    3063    1
1974    3193    1
1974    3324    1
1974    3494    1
1974    5605    1
1974    6282    1
1974    7530    1
1974    10929    1
1974    11084    1
1974    15119    1
1974    15325    1
1974    17958    1
1974    17959    1
1978    154    1
1978    176    1
1978    220    1
1978    234    1
1978    511    1
1978    706    1
1978    707    1
1978    724    1
1978    732    1
1978    841    1
1978    843    1
1978    854    1
1978    917    1
1978    920    1
1978    951    1
1978    952    1
1978    959    1
1978    1249    1
1978    1358    1
1978    1360    1
1978    1364    1
1978    1369    1
1978    1372    1
1978    1412    1
1978    1803    1
1978    1808    1
1978    1810    1
1978    2342    1
1978    2343    1
1978    2347    1
1978    2360    1
1978    2565    1
1978    2787    1
1978    2790    1
1978    2859    1
1978    2973    1
1978    3083    1
1978    3474    1
1978    4165    1
1978    4180    1
1978    4460    1
1978    5165    1
1978    6292    1
1978    9462    1
1978    9822    1
1978    17991    1
1978    17992    1
1979    55    1
1979    58    1
1979    67    1
1979    89    1
1979    97    1
1979    157    1
1979    192    1
1979    257    1
1979    258    1
1979    288    1
1979    289    1
1979    292    1
1979    295    1
1979    300    1
1979    301    1
1979    306    1
1979    310    1
1979    320    1
1979    333    1
1979    340    1
1979    386    1
1979    461    1
1979    475    1
1979    523    1
1979    525    1
1979    534    1
1979    548    1
1979    679    1
1979    689    1
1979    704    1
1979    889    1
1979    903    1
1979    985    1
1979    1081    1
1979    1098    1
1979    1379    1
1979    1463    1
1979    1580    1
1979    1934    1
1979    2521    1
1979    3129    1
1979    3322    1
1979    3404    1
1979    5149    1
1979    6710    1
1979    7348    1
1979    17993    1
1983    55    1
1983    67    1
1983    172    1
1983    257    1
1983    265    1
1983    285    1
1983    288    1
1983    289    1
1983    291    1
1983    295    1
1983    300    1
1983    302    1
1983    306    1
1983    314    1
1983    320    1
1983    328    1
1983    418    1
1983    425    1
1983    436    1
1983    466    1
1983    525    1
1983    526    1
1983    531    1
1983    532    1
1983    534    1
1983    545    1
1983    547    1
1983    701    1
1983    787    1
1983    1042    1
1983    1098    1
1983    1106    1
1983    1116    1
1983    1449    1
1983    1486    1
1983    1613    1
1983    1983    1
1983    3110    1
1983    4562    1
1983    5547    1
1983    5790    1
1983    5947    1
1983    6374    1
1983    7340    1
1983    7530    1
1983    8589    1
1983    18015    1
1988    55    1
1988    89    1
1988    190    1
1988    238    1
1988    288    1
1988    289    1
1988    292    1
1988    298    1
1988    300    1
1988    306    1
1988    328    1
1988    333    1
1988    355    1
1988    466    1
1988    471    1
1988    544    1
1988    679    1
1988    686    1
1988    701    1
1988    787    1
1988    788    1
1988    790    1
1988    792    1
1988    795    1
1988    802    1
1988    903    1
1988    1034    1
1988    1400    1
1988    1428    1
1988    1432    1
1988    2596    1
1988    3187    1
1988    3193    1
1988    3404    1
1988    3905    1
1988    4254    1
1988    4703    1
1988    6529    1
1988    7395    1
1988    9157    1
1988    9158    1
1988    10967    1
1988    11221    1
1988    13603    1
1988    15696    1
1988    15900    1
1988    18026    1
1998    65    1
1998    154    1
1998    166    1
1998    173    1
1998    190    1
1998    195    1
1998    207    1
1998    217    1
1998    220    1
1998    227    1
1998    229    1
1998    230    1
1998    234    1
1998    318    1
1998    320    1
1998    333    1
1998    412    1
1998    424    1
1998    425    1
1998    429    1
1998    439    1
1998    486    1
1998    511    1
1998    533    1
1998    537    1
1998    679    1
1998    680    1
1998    705    1
1998    706    1
1998    1105    1
1998    1186    1
1998    1241    1
1998    1389    1
1998    1672    1
1998    2840    1
1998    3200    1
1998    3332    1
1998    3616    1
1998    3763    1
1998    4262    1
1998    4832    1
1998    6228    1
1998    6293    1
1998    6453    1
1998    6602    1
1998    8878    1
1998    14239    1
2001    166    1
2001    198    1
2001    488    1
2001    494    1
2001    497    1
2001    517    1
2001    518    1
2001    533    1
2001    614    1
2001    706    1
2001    707    1
2001    710    1
2001    724    1
2001    785    1
2001    816    1
2001    826    1
2001    841    1
2001    843    1
2001    854    1
2001    922    1
2001    923    1
2001    930    1
2001    937    1
2001    949    1
2001    954    1
2001    978    1
2001    1044    1
2001    1104    1
2001    1119    1
2001    1249    1
2001    1274    1
2001    1342    1
2001    1527    1
2001    1545    1
2001    1672    1
2001    1817    1
2001    2143    1
2001    2380    1
2001    3240    1
2001    3637    1
2001    3722    1
2001    4284    1
2001    6120    1
2001    8259    1
2001    18135    1
2001    18136    1
2001    18137    1
2004    7    1
2004    39    1
2004    89    1
2004    154    1
2004    172    1
2004    173    1
2004    190    1
2004    198    1
2004    289    1
2004    291    1
2004    292    1
2004    295    1
2004    300    1
2004    318    1
2004    324    1
2004    377    1
2004    487    1
2004    497    1
2004    517    1
2004    687    1
2004    701    1
2004    758    1
2004    1090    1
2004    1104    1
2004    1179    1
2004    1470    1
2004    1505    1
2004    1786    1
2004    1788    1
2004    2206    1
2004    3049    1
2004    3827    1
2004    4226    1
2004    4255    1
2004    5079    1
2004    6033    1
2004    6245    1
2004    6439    1
2004    6453    1
2004    6542    1
2004    10430    1
2004    12130    1
2004    12291    1
2004    14930    1
2004    18155    1
2004    18156    1
2004    18157    1
2006    64    1
2006    603    1
2006    744    1
2006    748    1
2006    756    1
2006    772    1
2006    778    1
2006    1745    1
2006    1801    1
2006    1833    1
2006    1835    1
2006    1945    1
2006    1965    1
2006    2158    1
2006    2605    1
2006    2668    1
2006    2669    1
2006    2671    1
2006    2695    1
2006    2831    1
2006    3541    1
2006    3993    1
2006    4865    1
2006    5028    1
2006    7685    1
2006    9672    1
2006    10517    1
2006    10519    1
2006    10522    1
2006    17962    1
2006    18187    1
2006    18188    1
2006    18189    1
2006    18190    1
2006    18191    1
2006    18192    1
2006    18193    1
2006    18195    1
2006    18196    1
2006    18197    1
2006    18198    1
2006    18199    1
2006    18200    1
2006    18201    1
2006    18202    1
2006    18203    1
2006    18204    1
2007    154    1
2007    227    1
2007    234    1
2007    235    1
2007    383    1
2007    412    1
2007    475    1
2007    605    1
2007    614    1
2007    707    1
2007    710    1
2007    841    1
2007    854    1
2007    918    1
2007    1119    1
2007    1123    1
2007    1202    1
2007    1204    1
2007    1239    1
2007    1369    1
2007    1401    1
2007    1410    1
2007    1418    1
2007    1527    1
2007    1533    1
2007    2473    1
2007    2491    1
2007    3445    1
2007    3780    1
2007    4821    1
2007    7331    1
2007    7419    1
2007    9122    1
2007    9125    1
2007    9128    1
2007    9208    1
2007    9225    1
2007    9716    1
2007    11936    1
2007    11986    1
2007    13622    1
2007    13846    1
2007    14200    1
2007    14692    1
2007    18205    1
2007    18206    1
2007    18207    1
2013    65    1
2013    154    1
2013    173    1
2013    182    1
2013    190    1
2013    203    1
2013    207    1
2013    208    1
2013    217    1
2013    220    1
2013    221    1
2013    227    1
2013    229    1
2013    298    1
2013    302    1
2013    424    1
2013    432    1
2013    486    1
2013    533    1
2013    604    1
2013    632    1
2013    962    1
2013    969    1
2013    1048    1
2013    1052    1
2013    1090    1
2013    1098    1
2013    1109    1
2013    1414    1
2013    1515    1
2013    1517    1
2013    1747    1
2013    1772    1
2013    1786    1
2013    1795    1
2013    2133    1
2013    2632    1
2013    3057    1
2013    3870    1
2013    4444    1
2013    4998    1
2013    5030    1
2013    7888    1
2013    8662    1
2013    9977    1
2013    14459    1
2013    18223    1
2016    58    1
2016    81    1
2016    154    1
2016    238    1
2016    1098    1
2016    1781    1
2016    1824    1
2016    2419    1
2016    2605    1
2016    2711    1
2016    3902    1
2016    4113    1
2016    4316    1
2016    4404    1
2016    6930    1
2016    6949    1
2016    7492    1
2016    7810    1
2016    12834    1
2016    15058    1
2016    15671    1
2016    16324    1
2016    18229    1
2016    18230    1
2016    18231    1
2016    18232    1
2016    18233    1
2016    18234    1
2016    18235    1
2016    18237    1
2016    18238    1
2016    18239    1
2016    18240    1
2016    18241    1
2016    18242    1
2016    18243    1
2016    18244    1
2016    18246    1
2016    18247    1
2016    18248    1
2016    18249    1
2016    18250    1
2016    18251    1
2016    18252    1
2016    18253    1
2016    18254    1
2016    18255    1
2028    58    1
2028    72    1
2028    154    1
2028    238    1
2028    444    1
2028    603    1
2028    744    1
2028    756    1
2028    757    1
2028    772    1
2028    1090    1
2028    1098    1
2028    1099    1
2028    1398    1
2028    1745    1
2028    1787    1
2028    1965    1
2028    1983    1
2028    2146    1
2028    2668    1
2028    2670    1
2028    2672    1
2028    2673    1
2028    2677    1
2028    2681    1
2028    2691    1
2028    3164    1
2028    3707    1
2028    4316    1
2028    4860    1
2028    4863    1
2028    4865    1
2028    5154    1
2028    6277    1
2028    8214    1
2028    8702    1
2028    10612    1
2028    11316    1
2028    12495    1
2028    16751    1
2028    17903    1
2028    18314    1
2028    18315    1
2028    18316    1
2028    18317    1
2028    18318    1
2028    18319    1
2035    96    1
2035    212    1
2035    612    1
2035    717    1
2035    733    1
2035    863    1
2035    1242    1
2035    1414    1
2035    1732    1
2035    1804    1
2035    1964    1
2035    2282    1
2035    2541    1
2035    3700    1
2035    5416    1
2035    5879    1
2035    6910    1
2035    7935    1
2035    8314    1
2035    9424    1
2035    9542    1
2035    9545    1
2035    10113    1
2035    10612    1
2035    10766    1
2035    12599    1
2035    13038    1
2035    13052    1
2035    13053    1
2035    14385    1
2035    14674    1
2035    18336    1
2035    18337    1
2035    18338    1
2035    18339    1
2035    18340    1
2035    18341    1
2035    18343    1
2035    18344    1
2035    18345    1
2035    18346    1
2035    18347    1
2035    18348    1
2035    18349    1
2035    18350    1
2035    18351    1
2035    18352    1
2042    65    1
2042    163    1
2042    176    1
2042    378    1
2042    380    1
2042    503    1
2042    533    1
2042    614    1
2042    705    1
2042    706    1
2042    707    1
2042    714    1
2042    715    1
2042    810    1
2042    837    1
2042    860    1
2042    930    1
2042    957    1
2042    966    1
2042    1145    1
2042    1241    1
2042    1339    1
2042    1415    1
2042    1470    1
2042    1639    1
2042    1660    1
2042    1662    1
2042    1778    1
2042    1905    1
2042    2062    1
2042    2346    1
2042    2352    1
2042    2794    1
2042    2941    1
2042    3051    1
2042    3427    1
2042    3758    1
2042    3946    1
2042    4177    1
2042    4179    1
2042    4439    1
2042    4849    1
2042    5453    1
2042    5454    1
2042    6249    1
2042    7322    1
2042    10851    1
2044    65    1
2044    154    1
2044    197    1
2044    199    1
2044    206    1
2044    215    1
2044    217    1
2044    219    1
2044    233    1
2044    418    1
2044    423    1
2044    433    1
2044    445    1
2044    573    1
2044    602    1
2044    615    1
2044    621    1
2044    622    1
2044    697    1
2044    703    1
2044    869    1
2044    961    1
2044    982    1
2044    1098    1
2044    1424    1
2044    1633    1
2044    1718    1
2044    1833    1
2044    2408    1
2044    3117    1
2044    4051    1
2044    4079    1
2044    4153    1
2044    4532    1
2044    5890    1
2044    5914    1
2044    6204    1
2044    8706    1
2044    9825    1
2044    13454    1
2044    18371    1
2044    18372    1
2044    18373    1
2044    18374    1
2044    18375    1
2044    18376    1
2044    18377    1
2045    163    1
2045    166    1
2045    207    1
2045    208    1
2045    234    1
2045    424    1
2045    428    1
2045    460    1
2045    508    1
2045    757    1
2045    868    1
2045    957    1
2045    1090    1
2045    1786    1
2045    1788    1
2045    1796    1
2045    2055    1
2045    2131    1
2045    2582    1
2045    2743    1
2045    3046    1
2045    3053    1
2045    3056    1
2045    3830    1
2045    3833    1
2045    3840    1
2045    4821    1
2045    4887    1
2045    4901    1
2045    6242    1
2045    6245    1
2045    7008    1
2045    10435    1
2045    11170    1
2045    13854    1
2045    14128    1
2045    14693    1
2045    18378    1
2045    18379    1
2045    18380    1
2045    18381    1
2045    18382    1
2045    18383    1
2045    18384    1
2045    18385    1
2045    18386    1
2045    18387    1
2052    68    1
2052    72    1
2052    93    1
2052    96    1
2052    159    1
2052    163    1
2052    187    1
2052    192    1
2052    227    1
2052    599    1
2052    712    1
2052    717    1
2052    959    1
2052    998    1
2052    1358    1
2052    1372    1
2052    1415    1
2052    1891    1
2052    1892    1
2052    1893    1
2052    2013    1
2052    2222    1
2052    2347    1
2052    2444    1
2052    2554    1
2052    2861    1
2052    2936    1
2052    3230    1
2052    3304    1
2052    3777    1
2052    3921    1
2052    4126    1
2052    4131    1
2052    4675    1
2052    5365    1
2052    6150    1
2052    7054    1
2052    9990    1
2052    10219    1
2052    11630    1
2052    12599    1
2052    18434    1
2052    18435    1
2052    18436    1
2052    18437    1
2052    18438    1
2052    18439    1
2056    55    1
2056    251    1
2056    289    1
2056    360    1
2056    378    1
2056    455    1
2056    518    1
2056    657    1
2056    701    1
2056    726    1
2056    930    1
2056    936    1
2056    945    1
2056    1114    1
2056    1793    1
2056    2014    1
2056    2069    1
2056    2523    1
2056    3307    1
2056    3429    1
2056    3863    1
2056    4135    1
2056    4136    1
2056    4137    1
2056    4331    1
2056    4817    1
2056    4983    1
2056    4987    1
2056    5767    1
2056    7191    1
2056    8646    1
2056    9734    1
2056    10076    1
2056    10865    1
2056    12138    1
2056    13351    1
2056    15665    1
2056    16427    1
2056    16431    1
2056    16970    1
2056    18038    1
2056    18452    1
2056    18453    1
2056    18454    1
2056    18455    1
2056    18456    1
2056    18457    1
2070    7    1
2070    176    1
2070    190    1
2070    220    1
2070    227    1
2070    229    1
2070    230    1
2070    333    1
2070    377    1
2070    378    1
2070    412    1
2070    472    1
2070    486    1
2070    498    1
2070    501    1
2070    524    1
2070    536    1
2070    542    1
2070    724    1
2070    779    1
2070    808    1
2070    816    1
2070    951    1
2070    982    1
2070    1046    1
2070    1091    1
2070    1186    1
2070    1239    1
2070    1249    1
2070    1412    1
2070    1455    1
2070    1672    1
2070    1673    1
2070    1689    1
2070    1857    1
2070    2346    1
2070    2347    1
2070    2788    1
2070    3333    1
2070    3735    1
2070    4309    1
2070    4822    1
2070    5934    1
2070    7328    1
2070    16891    1
2070    18554    1
2070    18555    1
2071    67    1
2071    71    1
2071    89    1
2071    157    1
2071    161    1
2071    257    1
2071    265    1
2071    285    1
2071    289    1
2071    291    1
2071    292    1
2071    294    1
2071    295    1
2071    301    1
2071    302    1
2071    310    1
2071    320    1
2071    329    1
2071    465    1
2071    466    1
2071    525    1
2071    535    1
2071    641    1
2071    686    1
2071    788    1
2071    792    1
2071    795    1
2071    913    1
2071    1430    1
2071    1475    1
2071    2023    1
2071    2064    1
2071    2390    1
2071    2391    1
2071    2395    1
2071    2396    1
2071    2462    1
2071    3503    1
2071    4183    1
2071    4697    1
2071    5249    1
2071    7846    1
2071    11084    1
2071    11219    1
2071    13743    1
2071    18556    1
2071    18557    1
2075    51    1
2075    55    1
2075    58    1
2075    59    1
2075    67    1
2075    72    1
2075    77    1
2075    89    1
2075    154    1
2075    155    1
2075    157    1
2075    159    1
2075    167    1
2075    202    1
2075    227    1
2075    288    1
2075    289    1
2075    291    1
2075    292    1
2075    329    1
2075    429    1
2075    441    1
2075    511    1
2075    535    1
2075    538    1
2075    599    1
2075    605    1
2075    612    1
2075    860    1
2075    906    1
2075    985    1
2075    1001    1
2075    1052    1
2075    1099    1
2075    1121    1
2075    1122    1
2075    1243    1
2075    1464    1
2075    1513    1
2075    1713    1
2075    1892    1
2075    2183    1
2075    2444    1
2075    3349    1
2075    3562    1
2075    18571    1
2075    18572    1
2086    154    1
2086    170    1
2086    173    1
2086    210    1
2086    220    1
2086    227    1
2086    420    1
2086    425    1
2086    432    1
2086    539    1
2086    709    1
2086    757    1
2086    964    1
2086    1075    1
2086    1097    1
2086    1101    1
2086    1109    1
2086    1155    1
2086    1191    1
2086    1379    1
2086    1400    1
2086    1964    1
2086    1977    1
2086    2587    1
2086    2600    1
2086    2821    1
2086    3109    1
2086    3370    1
2086    3475    1
2086    3700    1
2086    3767    1
2086    4089    1
2086    4997    1
2086    5984    1
2086    6216    1
2086    7194    1
2086    8642    1
2086    12712    1
2086    13007    1
2086    14640    1
2086    18087    1
2086    18616    1
2086    18617    1
2086    18618    1
2086    18619    1
2086    18620    1
2086    18621    1
2092    173    1
2092    195    1
2092    196    1
2092    199    1
2092    204    1
2092    207    1
2092    217    1
2092    222    1
2092    225    1
2092    227    1
2092    230    1
2092    234    1
2092    424    1
2092    427    1
2092    428    1
2092    436    1
2092    439    1
2092    609    1
2092    622    1
2092    709    1
2092    714    1
2092    1048    1
2092    1239    1
2092    1375    1
2092    1390    1
2092    1424    1
2092    1510    1
2092    1512    1
2092    1515    1
2092    1971    1
2092    2131    1
2092    2279    1
2092    2600    1
2092    3057    1
2092    3106    1
2092    3205    1
2092    3258    1
2092    3475    1
2092    3693    1
2092    5233    1
2092    5429    1
2092    6296    1
2092    7190    1
2092    7663    1
2092    9545    1
2092    11550    1
2092    18655    1
2093    96    1
2093    176    1
2093    554    1
2093    607    1
2093    706    1
2093    718    1
2093    724    1
2093    728    1
2093    730    1
2093    733    1
2093    735    1
2093    868    1
2093    917    1
2093    1244    1
2093    1360    1
2093    1369    1
2093    1372    1
2093    1415    1
2093    1426    1
2093    1639    1
2093    2342    1
2093    2343    1
2093    2346    1
2093    2742    1
2093    2786    1
2093    2787    1
2093    2834    1
2093    2853    1
2093    2855    1
2093    2893    1
2093    2899    1
2093    3470    1
2093    3774    1
2093    3888    1
2093    4251    1
2093    4369    1
2093    4541    1
2093    5844    1
2093    6165    1
2093    8111    1
2093    8122    1
2093    8794    1
2093    9347    1
2093    9926    1
2093    10412    1
2093    18656    1
2093    18657    1
2096    88    1
2096    154    1
2096    163    1
2096    166    1
2096    172    1
2096    173    1
2096    187    1
2096    190    1
2096    197    1
2096    198    1
2096    203    1
2096    208    1
2096    220    1
2096    237    1
2096    436    1
2096    441    1
2096    504    1
2096    517    1
2096    533    1
2096    620    1
2096    715    1
2096    755    1
2096    851    1
2096    859    1
2096    867    1
2096    1075    1
2096    1090    1
2096    1097    1
2096    1384    1
2096    1510    1
2096    2346    1
2096    3109    1
2096    3300    1
2096    3501    1
2096    3739    1
2096    3767    1
2096    3902    1
2096    4115    1
2096    4311    1
2096    6187    1
2096    6556    1
2096    6730    1
2096    7871    1
2096    13664    1
2096    17934    1
2096    18303    1
2096    18698    1
